2026.08.02 13:31:46.481958 [ 938930 ] {} <Information> Application: Forked a child process to watch
2026.08.02 13:31:46.482064 [ 938930 ] {} <Debug> CrashWriter: Sending crash reports is initialized with https://crash.clickhouse.com/ endpoint (anonymized)
2026.08.02 13:31:46.482088 [ 938930 ] {} <Debug> Application: Sending logical errors is enabled
2026.08.02 13:31:46.481823 [ 938913 ] {} <Information> Application: Will watch for the process with pid 938930
2026.08.02 13:31:46.481886 [ 938913 ] {} <Trace> Pipe: Pipe capacity is 1.00 MiB
2026.08.02 13:31:46.482154 [ 938930 ] {} <Trace> Pipe: Pipe capacity is 1.00 MiB
2026.08.02 13:31:46.533305 [ 938930 ] {} <Information> Application: Starting ClickHouse 26.8.1.1 (revision: 54513, git hash: ce6d1d7150d1f244bf9cd5ffcaaddf6ca3a475fd, build id: 344B87A3AFFB50CE620ED176FAF255F744BCDE3E), PID 938930
2026.08.02 13:31:46.533459 [ 938930 ] {} <Information> Application: starting up
2026.08.02 13:31:46.533469 [ 938930 ] {} <Information> Application: OS name: Linux, version: 7.0.0-1008-aws, architecture: aarch64
2026.08.02 13:31:46.533712 [ 938930 ] {} <Information> Application: Available RAM: 370.99 GiB; logical cores: 96; used cores: 96.
2026.08.02 13:31:46.535181 [ 938930 ] {} <Information> Application: It looks like the process has no CAP_IPC_LOCK capability, binary mlock will be disabled. It could happen due to incorrect ClickHouse package installation. You could resolve the problem manually with 'sudo setcap cap_ipc_lock=+ep /mnt/ch/ClickHouse/build/reldeb/programs/clickhouse'. Note that it will not work on 'nosuid' mounted filesystems.
2026.08.02 13:31:46.546046 [ 938930 ] {} <Trace> Pipe: Pipe capacity is 1.00 MiB
2026.08.02 13:31:46.546813 [ 938930 ] {} <Information> CgroupsReader: Will create cgroup reader from '/sys/fs/cgroup/user.slice/user-1000.slice/session-c4272.scope' (cgroups version: v2)
2026.08.02 13:31:46.547189 [ 938930 ] {} <Information> AsynchronousMetrics: Will use cgroup reader from '/sys/fs/cgroup/user.slice/user-1000.slice/session-c4272.scope' (cgroups version: v2)
2026.08.02 13:31:46.547248 [ 938930 ] {} <Trace> AsynchronousMetrics: Scanning /sys/class/thermal
2026.08.02 13:31:46.547261 [ 938930 ] {} <Trace> AsynchronousMetrics: Scanning /sys/block
2026.08.02 13:31:46.547375 [ 938930 ] {} <Trace> AsynchronousMetrics: Scanning /sys/devices/system/edac
2026.08.02 13:31:46.547387 [ 938930 ] {} <Trace> AsynchronousMetrics: Scanning /sys/class/hwmon
2026.08.02 13:31:46.547920 [ 938930 ] {} <Information> StatusFile: Writing pid 938930 to /mnt/ch/ClickHouse/tmp/uhj_parity/chserver/status
2026.08.02 13:31:46.558978 [ 938930 ] {} <Warning> Application: Integrity check of the executable skipped because the reference checksum could not be read.
2026.08.02 13:31:46.558998 [ 938930 ] {} <Information> MemoryWorker: Starting background memory thread with period of 50ms, using Cgroups as source, purging dirty pages enabled (total memory threshold ratio: 0.9, dirty pages threshold ratio: 0.2, page size: 65536)
2026.08.02 13:31:46.559130 [ 938930 ] {} <Information> Application: OOM canary is disabled
2026.08.02 13:31:46.559143 [ 938930 ] {} <Information> BackgroundSchedulePool/BgSchPool: Create BackgroundSchedulePool with 16 initial threads (grows lazily up to 512)
2026.08.02 13:31:46.559380 [ 938955 ] {} <Information> MemoryWorker: Default dirty pages decay period: 5000ms
2026.08.02 13:31:46.560196 [ 938930 ] {} <Debug> Application: rlimit on number of file descriptors is 524288
2026.08.02 13:31:46.560201 [ 938930 ] {} <Debug> Application: rlimit on number of threads is 1408459
2026.08.02 13:31:46.560219 [ 938930 ] {} <Debug> Application: Initializing DateLUT.
2026.08.02 13:31:46.560222 [ 938930 ] {} <Trace> Application: Initialized DateLUT with time zone 'Asia/Kolkata'.
2026.08.02 13:31:46.560223 [ 938967 ] {BgSchPool::f0d6a0af-4b41-415e-a06b-4788fcbb3087} <Trace> CancellationChecker: Started worker function
2026.08.02 13:31:46.560358 [ 938930 ] {} <Information> UserDefinedSQLObjectsLoaderFromDisk: Loading user defined objects from /mnt/ch/ClickHouse/tmp/uhj_parity/chserver/user_defined/
2026.08.02 13:31:46.560396 [ 938930 ] {} <Debug> UserDefinedSQLObjectsLoaderFromDisk: User defined objects loaded
2026.08.02 13:31:46.561238 [ 938930 ] {} <Debug> Application: Configuration parameter 'interserver_http_host' doesn't exist or exists and empty. Will use 'ip-172-31-5-72.ap-south-2.compute.internal' as replica host.
2026.08.02 13:31:46.561242 [ 938930 ] {} <Debug> Application: Initializing interserver credentials.
2026.08.02 13:31:46.561369 [ 938930 ] {} <Trace> NamedCollectionsMetadataStorage: Using local storage for named collections at path: /mnt/ch/ClickHouse/tmp/uhj_parity/chserver/named_collections
2026.08.02 13:31:46.561406 [ 938930 ] {} <Debug> FileCacheFactory: Will load 0 caches from default cache config
2026.08.02 13:31:46.561520 [ 938930 ] {} <Information> SensitiveDataMaskerConfigRead: 2 query masking rules loaded.
2026.08.02 13:31:46.561874 [ 938930 ] {} <Information> DNSCacheUpdater: Update period 15 seconds
2026.08.02 13:31:46.561921 [ 938964 ] {BgSchPool::a3b90a11-fe29-48f3-935e-1ec3b1f939ef} <Debug> DNSResolver: Updating DNS cache
2026.08.02 13:31:46.561926 [ 938964 ] {BgSchPool::a3b90a11-fe29-48f3-935e-1ec3b1f939ef} <Debug> DNSResolver: Updated DNS cache
2026.08.02 13:31:46.562699 [ 938930 ] {} <Debug> ConfigReloader: Loading config '/mnt/ch/ClickHouse/programs/server/config.xml'
2026.08.02 13:31:46.562707 [ 938930 ] {} <Debug> ConfigProcessor: Processing configuration file '/mnt/ch/ClickHouse/programs/server/config.xml'.
2026.08.02 13:31:46.563615 [ 938930 ] {} <Debug> ConfigProcessor: Merging configuration file '/mnt/ch/ClickHouse/programs/server/config.d/access_control.xml'.
2026.08.02 13:31:46.563732 [ 938930 ] {} <Debug> ConfigProcessor: Merging configuration file '/mnt/ch/ClickHouse/programs/server/config.d/backups.xml'.
2026.08.02 13:31:46.563819 [ 938930 ] {} <Debug> ConfigProcessor: Merging configuration file '/mnt/ch/ClickHouse/programs/server/config.d/clusters.xml'.
2026.08.02 13:31:46.564372 [ 938930 ] {} <Debug> ConfigProcessor: Merging configuration file '/mnt/ch/ClickHouse/programs/server/config.d/enable_keeper_map.xml'.
2026.08.02 13:31:46.564432 [ 938930 ] {} <Debug> ConfigProcessor: Merging configuration file '/mnt/ch/ClickHouse/programs/server/config.d/filesystem_cache_log.xml'.
2026.08.02 13:31:46.564492 [ 938930 ] {} <Debug> ConfigProcessor: Merging configuration file '/mnt/ch/ClickHouse/programs/server/config.d/filesystem_caches_path.xml'.
2026.08.02 13:31:46.564553 [ 938930 ] {} <Debug> ConfigProcessor: Merging configuration file '/mnt/ch/ClickHouse/programs/server/config.d/graphite.xml'.
2026.08.02 13:31:46.564644 [ 938930 ] {} <Debug> ConfigProcessor: Merging configuration file '/mnt/ch/ClickHouse/programs/server/config.d/handlers.yaml'.
2026.08.02 13:31:46.564771 [ 938930 ] {} <Debug> ConfigProcessor: Merging configuration file '/mnt/ch/ClickHouse/programs/server/config.d/keeper_port.xml'.
2026.08.02 13:31:46.564921 [ 938930 ] {} <Debug> ConfigProcessor: Merging configuration file '/mnt/ch/ClickHouse/programs/server/config.d/legacy_geobase.xml'.
2026.08.02 13:31:46.564984 [ 938930 ] {} <Debug> ConfigProcessor: Merging configuration file '/mnt/ch/ClickHouse/programs/server/config.d/log_to_console.xml'.
2026.08.02 13:31:46.565046 [ 938930 ] {} <Debug> ConfigProcessor: Merging configuration file '/mnt/ch/ClickHouse/programs/server/config.d/logging_no_rotate.xml'.
2026.08.02 13:31:46.565107 [ 938930 ] {} <Debug> ConfigProcessor: Merging configuration file '/mnt/ch/ClickHouse/programs/server/config.d/macros.xml'.
2026.08.02 13:31:46.565173 [ 938930 ] {} <Debug> ConfigProcessor: Merging configuration file '/mnt/ch/ClickHouse/programs/server/config.d/nlp.xml'.
2026.08.02 13:31:46.565255 [ 938930 ] {} <Debug> ConfigProcessor: Merging configuration file '/mnt/ch/ClickHouse/programs/server/config.d/path.xml'.
2026.08.02 13:31:46.565344 [ 938930 ] {} <Debug> ConfigProcessor: Merging configuration file '/mnt/ch/ClickHouse/programs/server/config.d/predicate_statistics_log.xml'.
2026.08.02 13:31:46.565411 [ 938930 ] {} <Debug> ConfigProcessor: Merging configuration file '/mnt/ch/ClickHouse/programs/server/config.d/query_masking_rules.xml'.
2026.08.02 13:31:46.565486 [ 938930 ] {} <Debug> ConfigProcessor: Merging configuration file '/mnt/ch/ClickHouse/programs/server/config.d/session_log.xml'.
2026.08.02 13:31:46.565550 [ 938930 ] {} <Debug> ConfigProcessor: Merging configuration file '/mnt/ch/ClickHouse/programs/server/config.d/storage_conf_local.xml'.
2026.08.02 13:31:46.565708 [ 938930 ] {} <Debug> ConfigProcessor: Merging configuration file '/mnt/ch/ClickHouse/programs/server/config.d/tcp_with_proxy.xml'.
2026.08.02 13:31:46.565769 [ 938930 ] {} <Debug> ConfigProcessor: Merging configuration file '/mnt/ch/ClickHouse/programs/server/config.d/test_cluster_with_incorrect_pw.xml'.
2026.08.02 13:31:46.565867 [ 938930 ] {} <Debug> ConfigProcessor: Merging configuration file '/mnt/ch/ClickHouse/programs/server/config.d/text_log.xml'.
2026.08.02 13:31:46.565936 [ 938930 ] {} <Debug> ConfigProcessor: Merging configuration file '/mnt/ch/ClickHouse/programs/server/config.d/transactions.xml'.
2026.08.02 13:31:46.566013 [ 938930 ] {} <Debug> ConfigProcessor: Merging configuration file '/mnt/ch/ClickHouse/programs/server/config.d/zookeeper.xml'.
2026.08.02 13:31:46.566105 [ 938930 ] {} <Debug> ConfigProcessor: Merging configuration file '/mnt/ch/ClickHouse/programs/server/config.d/zookeeper_connection_log.xml'.
2026.08.02 13:31:46.570721 [ 938930 ] {} <Debug> ConfigProcessor: Saved preprocessed configuration to '/mnt/ch/ClickHouse/tmp/uhj_parity/chserver/preprocessed_configs/config.xml'.
2026.08.02 13:31:46.570856 [ 938930 ] {} <Debug> ConfigReloader: Loaded config '/mnt/ch/ClickHouse/programs/server/config.xml', performing update on configuration
2026.08.02 13:31:46.577224 [ 938930 ] {} <Information> Application: Changed setting 'max_server_memory_usage' to 333.89 GiB (370.99 GiB available memory * 0.90 max_server_memory_usage_to_ram_ratio)
2026.08.02 13:31:46.577234 [ 938930 ] {} <Information> Application: Setting merges_mutations_memory_usage_soft_limit was set to 185.49 GiB (370.99 GiB available * 0.50 merges_mutations_memory_usage_to_ram_ratio)
2026.08.02 13:31:46.577238 [ 938930 ] {} <Information> Application: Merges and mutations memory limit is set to 185.49 GiB
2026.08.02 13:31:46.579557 [ 938930 ] {} <Information> Application: Setting max_remote_read_network_bandwidth_for_server was set to 0
2026.08.02 13:31:46.579564 [ 938930 ] {} <Information> Application: Setting max_remote_write_network_bandwidth_for_server was set to 0
2026.08.02 13:31:46.579567 [ 938930 ] {} <Information> Application: Setting max_local_read_bandwidth_for_server was set to 0
2026.08.02 13:31:46.579569 [ 938930 ] {} <Information> Application: Setting max_local_write_bandwidth_for_server was set to 0
2026.08.02 13:31:46.579575 [ 938930 ] {} <Information> Application: Setting max_remote_read_connections was set to 1000
2026.08.02 13:31:46.579581 [ 938930 ] {} <Information> Application: ConcurrencyControl limit is set to 192 CPU slots with 'max_min_fair' scheduler
2026.08.02 13:31:46.579596 [ 938930 ] {} <Information> BackgroundSchedulePool/BgBufSchPool: Create BackgroundSchedulePool with 16 initial threads (grows lazily up to 16)
2026.08.02 13:31:46.580681 [ 938930 ] {} <Information> BackgroundSchedulePool/BgMBSchPool: Create BackgroundSchedulePool with 16 initial threads (grows lazily up to 16)
2026.08.02 13:31:46.581659 [ 938930 ] {} <Information> BackgroundSchedulePool/BgDistSchPool: Create BackgroundSchedulePool with 16 initial threads (grows lazily up to 16)
2026.08.02 13:31:46.582726 [ 938930 ] {} <Information> BackgroundSchedulePool/BgStrmSchPool: Create BackgroundSchedulePool with 16 initial threads (grows lazily up to 16)
2026.08.02 13:31:46.583859 [ 938930 ] {} <Debug> WorkloadEntityStorage: Refreshing workload entities from configuration
2026.08.02 13:31:46.583871 [ 938930 ] {} <Debug> WorkloadEntityStorage: Loaded 0 workload entities from configuration
2026.08.02 13:31:46.583875 [ 938930 ] {} <Information> WorkloadEntityDiskStorage: Loading workload entities from /mnt/ch/ClickHouse/tmp/uhj_parity/chserver/workload/
2026.08.02 13:31:46.583880 [ 938930 ] {} <Debug> WorkloadEntityDiskStorage: The directory for workload entities (/mnt/ch/ClickHouse/tmp/uhj_parity/chserver/workload/) does not exist: nothing to load
2026.08.02 13:31:46.583882 [ 938930 ] {} <Debug> WorkloadEntityDiskStorage: Workload entities loaded
2026.08.02 13:31:46.583926 [ 938930 ] {} <Debug> Context: UNIQUE KEY delete-bitmap cache size set to 1.00 GiB
2026.08.02 13:31:46.584021 [ 938930 ] {} <Debug> ConnectionGroup: Socket buffer sizes updated for group Disk: rcvbuf=204800, sndbuf=0
2026.08.02 13:31:46.584037 [ 938930 ] {} <Debug> ConfigReloader: Loaded config '/mnt/ch/ClickHouse/programs/server/config.xml', performed update on configuration
2026.08.02 13:31:46.584055 [ 938930 ] {} <Trace> ConfigReloader: Config reload interval set to 2000ms
2026.08.02 13:31:46.584248 [ 938930 ] {} <Debug> Context: Keeper server is participant of the main zookeeper cluster, will try to connect to it
2026.08.02 13:31:46.584340 [ 938930 ] {} <Trace> ZooKeeperClient: Adding ZooKeeper host 127.0.0.1:9181 (127.0.0.1:9181), az: UNKNOWN, priority: 0
2026.08.02 13:31:46.585610 [ 938930 ] {} <Information> ZooKeeperClient: Connected to ZooKeeper at 127.0.0.1:9181 with session_id 30
2026.08.02 13:31:46.590236 [ 938930 ] {} <Debug> ZooKeeperClient: Keeper feature flag FILTERED_LIST: enabled
2026.08.02 13:31:46.590253 [ 938930 ] {} <Debug> ZooKeeperClient: Keeper feature flag MULTI_READ: enabled
2026.08.02 13:31:46.590257 [ 938930 ] {} <Debug> ZooKeeperClient: Keeper feature flag CHECK_NOT_EXISTS: enabled
2026.08.02 13:31:46.590266 [ 938930 ] {} <Debug> ZooKeeperClient: Keeper feature flag CREATE_IF_NOT_EXISTS: enabled
2026.08.02 13:31:46.590274 [ 938930 ] {} <Debug> ZooKeeperClient: Keeper feature flag REMOVE_RECURSIVE: enabled
2026.08.02 13:31:46.590278 [ 938930 ] {} <Debug> ZooKeeperClient: Keeper feature flag MULTI_WATCHES: enabled
2026.08.02 13:31:46.590282 [ 938930 ] {} <Debug> ZooKeeperClient: Keeper feature flag CHECK_STAT: enabled
2026.08.02 13:31:46.590285 [ 938930 ] {} <Debug> ZooKeeperClient: Keeper feature flag PERSISTENT_WATCHES: enabled
2026.08.02 13:31:46.590288 [ 938930 ] {} <Debug> ZooKeeperClient: Keeper feature flag CREATE_WITH_STATS: disabled
2026.08.02 13:31:46.590291 [ 938930 ] {} <Debug> ZooKeeperClient: Keeper feature flag TRY_REMOVE: enabled
2026.08.02 13:31:46.590294 [ 938930 ] {} <Debug> ZooKeeperClient: Keeper feature flag LIST_WITH_STAT_AND_DATA: enabled
2026.08.02 13:31:46.590301 [ 938930 ] {} <Debug> ZooKeeperClient: Keeper feature flag GET_CHILDREN_RECURSIVE: enabled
2026.08.02 13:31:46.590304 [ 938930 ] {} <Debug> ZooKeeperClient: Keeper feature flag CREATE_TTL: disabled
2026.08.02 13:31:46.590306 [ 938930 ] {} <Debug> ZooKeeperClient: Keeper feature flag CREATE_CONTAINER: disabled
2026.08.02 13:31:46.590311 [ 938930 ] {} <Debug> ZooKeeperClient: Keeper feature flag MAX_REQUEST_SIZE: enabled
2026.08.02 13:31:46.590475 [ 938930 ] {} <Trace> ZooKeeperClient: Server advertised max_request_size = 0
2026.08.02 13:31:46.590482 [ 938930 ] {} <Trace> ZooKeeper: Initialized, hosts: 127.0.0.1:9181
2026.08.02 13:31:46.591460 [ 938930 ] {} <Information> CertificateReloader: One of paths is empty. Cannot apply new configuration for certificates. Fill all paths and try again.
2026.08.02 13:31:46.591469 [ 938930 ] {} <Information> CertificateReloader: One of paths is empty. Cannot apply new configuration for certificates. Fill all paths and try again.
2026.08.02 13:31:46.591482 [ 938930 ] {} <Information> Context: Connected to ZooKeeper (or Keeper) before internal Keeper start or we don't depend on our Keeper cluster, will wait for Keeper asynchronously
2026.08.02 13:31:46.591496 [ 938930 ] {} <Debug> KeeperDispatcher: Initializing storage dispatcher
2026.08.02 13:31:46.591699 [ 938930 ] {} <Information> KeeperContext: keeper_server.max_memory_usage_soft_limit is set to 333.89 GiB
2026.08.02 13:31:46.591735 [ 938930 ] {} <Information> KeeperContext: Keeper feature flag FILTERED_LIST: enabled
2026.08.02 13:31:46.591738 [ 938930 ] {} <Information> KeeperContext: Keeper feature flag MULTI_READ: enabled
2026.08.02 13:31:46.591741 [ 938930 ] {} <Information> KeeperContext: Keeper feature flag CHECK_NOT_EXISTS: enabled
2026.08.02 13:31:46.591743 [ 938930 ] {} <Information> KeeperContext: Keeper feature flag CREATE_IF_NOT_EXISTS: enabled
2026.08.02 13:31:46.591748 [ 938930 ] {} <Information> KeeperContext: Keeper feature flag REMOVE_RECURSIVE: enabled
2026.08.02 13:31:46.591751 [ 938930 ] {} <Information> KeeperContext: Keeper feature flag MULTI_WATCHES: enabled
2026.08.02 13:31:46.591753 [ 938930 ] {} <Information> KeeperContext: Keeper feature flag CHECK_STAT: enabled
2026.08.02 13:31:46.591756 [ 938930 ] {} <Information> KeeperContext: Keeper feature flag PERSISTENT_WATCHES: enabled
2026.08.02 13:31:46.591758 [ 938930 ] {} <Information> KeeperContext: Keeper feature flag CREATE_WITH_STATS: disabled
2026.08.02 13:31:46.591761 [ 938930 ] {} <Information> KeeperContext: Keeper feature flag TRY_REMOVE: enabled
2026.08.02 13:31:46.591763 [ 938930 ] {} <Information> KeeperContext: Keeper feature flag LIST_WITH_STAT_AND_DATA: enabled
2026.08.02 13:31:46.591766 [ 938930 ] {} <Information> KeeperContext: Keeper feature flag GET_CHILDREN_RECURSIVE: enabled
2026.08.02 13:31:46.591768 [ 938930 ] {} <Information> KeeperContext: Keeper feature flag CREATE_TTL: disabled
2026.08.02 13:31:46.591771 [ 938930 ] {} <Information> KeeperContext: Keeper feature flag CREATE_CONTAINER: disabled
2026.08.02 13:31:46.591773 [ 938930 ] {} <Information> KeeperContext: Keeper feature flag MAX_REQUEST_SIZE: enabled
2026.08.02 13:31:46.591851 [ 938930 ] {} <Information> backups::DiskLocalCheckThread: Disk check for disk backups started with period 30.00 s
2026.08.02 13:31:46.592229 [ 938930 ] {} <Information> KeeperContext: Disk type 'object_storage' is not supported for Keeper
2026.08.02 13:31:46.592239 [ 938930 ] {} <Information> KeeperContext: Disk type 'object_storage' is not supported for Keeper
2026.08.02 13:31:46.592247 [ 938930 ] {} <Information> KeeperContext: Disk type 'local_blob_storage' is not supported for Keeper
2026.08.02 13:31:46.592254 [ 938930 ] {} <Information> KeeperContext: Disk type 'cache' is not supported for Keeper
2026.08.02 13:31:46.592260 [ 938930 ] {} <Information> KeeperContext: Disk type 'cache' is not supported for Keeper
2026.08.02 13:31:46.592272 [ 938930 ] {} <Information> KeeperContext: Disk type 'cache' is not supported for Keeper
2026.08.02 13:31:46.592281 [ 938930 ] {} <Information> KeeperContext: Disk type 'object_storage' is not supported for Keeper
2026.08.02 13:31:46.592287 [ 938930 ] {} <Information> KeeperContext: Disk type 'cache' is not supported for Keeper
2026.08.02 13:31:46.603701 [ 938930 ] {} <Trace> KeeperSnapshotManager: Reading from disk LocalSnapshotDisk
2026.08.02 13:31:46.603729 [ 938930 ] {} <Trace> KeeperSnapshotManager: No snapshots were found on LocalSnapshotDisk
2026.08.02 13:31:46.603921 [ 938930 ] {} <Trace> KeeperLogStore: Reading from disk LocalLogDisk
2026.08.02 13:31:46.603950 [ 938930 ] {} <Warning> KeeperLogStore: No logs exists in /mnt/ch/ClickHouse/tmp/uhj_parity/chserver/coordination/logs. It's Ok if it's the first run of clickhouse-keeper.
2026.08.02 13:31:46.604128 [ 938930 ] {} <Information> KeeperLogStore: force_sync disabled
2026.08.02 13:31:46.609495 [ 938954 ] {} <Information> MemoryTracker: Correcting the value of global memory tracker from 138.50 MiB to 7.47 GiB
2026.08.02 13:31:46.609502 [ 938954 ] {} <Debug> MemoryTracker: (total) current memory usage: 7.47 GiB.
2026.08.02 13:31:46.609764 [ 938954 ] {} <Trace> MemoryWorker: Adjusting total memory hard limit from 333.89 GiB to 292.28 GiB (resident: 7.47 GiB, available: 317.28 GiB, ceiling: 333.89 GiB, ratio: 0.9)
2026.08.02 13:31:46.619629 [ 938930 ] {} <Debug> KeeperDispatcher: Waiting server to initialize
2026.08.02 13:31:46.619638 [ 938930 ] {} <Debug> KeeperStateMachine: Have 0 snapshots, trying to load state machine from snapshot up to log index 0
2026.08.02 13:31:46.619646 [ 938930 ] {} <Debug> KeeperStateMachine: No existing snapshots, last committed log index 0
2026.08.02 13:31:46.619668 [ 938930 ] {} <Warning> KeeperLogStore: Removing all changelogs
2026.08.02 13:31:46.619678 [ 938930 ] {} <Trace> Changelog: Starting new changelog changelog_1_100000.bin
2026.08.02 13:31:46.619782 [ 938930 ] {} <Trace> KeeperServer: Last local log idx 0
2026.08.02 13:31:46.619785 [ 938930 ] {} <Information> KeeperServer: No log preprocessing needed (last_commit_index=0 >= last_log_idx_on_disk=0)
2026.08.02 13:31:46.619808 [ 938930 ] {} <Information> KeeperServer: No config in log store and snapshot, probably it's initial run. Will use config from .xml on disk
2026.08.02 13:31:46.619925 [ 938930 ] {} <Warning> KeeperServer: Got 1000000000000000 value for setting 'reserved_log_items' which is bigger than int32_t max value, lowering value to 2147483647.
2026.08.02 13:31:46.621331 [ 939054 ] {} <Information> RaftInstance: spawned asio worker thread nuraft_w_0, current threads: 0
2026.08.02 13:31:46.621403 [ 939055 ] {} <Information> RaftInstance: spawned asio worker thread nuraft_w_1, current threads: 1
2026.08.02 13:31:46.621427 [ 939056 ] {} <Information> RaftInstance: spawned asio worker thread nuraft_w_2, current threads: 1
2026.08.02 13:31:46.621500 [ 939057 ] {} <Information> RaftInstance: spawned asio worker thread nuraft_w_3, current threads: 3
2026.08.02 13:31:46.621504 [ 939058 ] {} <Information> RaftInstance: spawned asio worker thread nuraft_w_4, current threads: 3
2026.08.02 13:31:46.621580 [ 939059 ] {} <Information> RaftInstance: spawned asio worker thread nuraft_w_5, current threads: 5
2026.08.02 13:31:46.621644 [ 939060 ] {} <Information> RaftInstance: spawned asio worker thread nuraft_w_6, current threads: 6
2026.08.02 13:31:46.621661 [ 939061 ] {} <Information> RaftInstance: spawned asio worker thread nuraft_w_7, current threads: 6
2026.08.02 13:31:46.621717 [ 939062 ] {} <Information> RaftInstance: spawned asio worker thread nuraft_w_8, current threads: 8
2026.08.02 13:31:46.621765 [ 939063 ] {} <Information> RaftInstance: spawned asio worker thread nuraft_w_9, current threads: 9
2026.08.02 13:31:46.621812 [ 939064 ] {} <Information> RaftInstance: spawned asio worker thread nuraft_w_10, current threads: 10
2026.08.02 13:31:46.621894 [ 939065 ] {} <Information> RaftInstance: spawned asio worker thread nuraft_w_11, current threads: 11
2026.08.02 13:31:46.621925 [ 939066 ] {} <Information> RaftInstance: spawned asio worker thread nuraft_w_12, current threads: 12
2026.08.02 13:31:46.621991 [ 939067 ] {} <Information> RaftInstance: spawned asio worker thread nuraft_w_13, current threads: 13
2026.08.02 13:31:46.622095 [ 939068 ] {} <Information> RaftInstance: spawned asio worker thread nuraft_w_14, current threads: 14
2026.08.02 13:31:46.622095 [ 939069 ] {} <Information> RaftInstance: spawned asio worker thread nuraft_w_15, current threads: 14
2026.08.02 13:31:46.622218 [ 939071 ] {} <Information> RaftInstance: spawned asio worker thread nuraft_w_16, current threads: 16
2026.08.02 13:31:46.622230 [ 939072 ] {} <Information> RaftInstance: spawned asio worker thread nuraft_w_18, current threads: 16
2026.08.02 13:31:46.622261 [ 939070 ] {} <Information> RaftInstance: spawned asio worker thread nuraft_w_17, current threads: 16
2026.08.02 13:31:46.622372 [ 939074 ] {} <Information> RaftInstance: spawned asio worker thread nuraft_w_19, current threads: 19
2026.08.02 13:31:46.622383 [ 939073 ] {} <Information> RaftInstance: spawned asio worker thread nuraft_w_20, current threads: 19
2026.08.02 13:31:46.622425 [ 939075 ] {} <Information> RaftInstance: spawned asio worker thread nuraft_w_21, current threads: 21
2026.08.02 13:31:46.622463 [ 939076 ] {} <Information> RaftInstance: spawned asio worker thread nuraft_w_22, current threads: 22
2026.08.02 13:31:46.622508 [ 939077 ] {} <Information> RaftInstance: spawned asio worker thread nuraft_w_23, current threads: 23
2026.08.02 13:31:46.622579 [ 939078 ] {} <Information> RaftInstance: spawned asio worker thread nuraft_w_24, current threads: 24
2026.08.02 13:31:46.622615 [ 939079 ] {} <Information> RaftInstance: spawned asio worker thread nuraft_w_25, current threads: 25
2026.08.02 13:31:46.622676 [ 939080 ] {} <Information> RaftInstance: spawned asio worker thread nuraft_w_26, current threads: 26
2026.08.02 13:31:46.622711 [ 939081 ] {} <Information> RaftInstance: spawned asio worker thread nuraft_w_27, current threads: 26
2026.08.02 13:31:46.622754 [ 939082 ] {} <Information> RaftInstance: spawned asio worker thread nuraft_w_28, current threads: 28
2026.08.02 13:31:46.622825 [ 939083 ] {} <Information> RaftInstance: spawned asio worker thread nuraft_w_29, current threads: 29
2026.08.02 13:31:46.622840 [ 939084 ] {} <Information> RaftInstance: spawned asio worker thread nuraft_w_30, current threads: 29
2026.08.02 13:31:46.622890 [ 939085 ] {} <Information> RaftInstance: spawned asio worker thread nuraft_w_31, current threads: 31
2026.08.02 13:31:46.622959 [ 939086 ] {} <Information> RaftInstance: spawned asio worker thread nuraft_w_32, current threads: 32
2026.08.02 13:31:46.622997 [ 939087 ] {} <Information> RaftInstance: spawned asio worker thread nuraft_w_33, current threads: 33
2026.08.02 13:31:46.623054 [ 939088 ] {} <Information> RaftInstance: spawned asio worker thread nuraft_w_34, current threads: 34
2026.08.02 13:31:46.623107 [ 939089 ] {} <Information> RaftInstance: spawned asio worker thread nuraft_w_35, current threads: 35
2026.08.02 13:31:46.623185 [ 939090 ] {} <Information> RaftInstance: spawned asio worker thread nuraft_w_36, current threads: 36
2026.08.02 13:31:46.623197 [ 939091 ] {} <Information> RaftInstance: spawned asio worker thread nuraft_w_37, current threads: 36
2026.08.02 13:31:46.623281 [ 939092 ] {} <Information> RaftInstance: spawned asio worker thread nuraft_w_38, current threads: 38
2026.08.02 13:31:46.623284 [ 939093 ] {} <Information> RaftInstance: spawned asio worker thread nuraft_w_39, current threads: 38
2026.08.02 13:31:46.623341 [ 939094 ] {} <Information> RaftInstance: spawned asio worker thread nuraft_w_40, current threads: 40
2026.08.02 13:31:46.623398 [ 939095 ] {} <Information> RaftInstance: spawned asio worker thread nuraft_w_41, current threads: 41
2026.08.02 13:31:46.623448 [ 939096 ] {} <Information> RaftInstance: spawned asio worker thread nuraft_w_42, current threads: 42
2026.08.02 13:31:46.623492 [ 939097 ] {} <Information> RaftInstance: spawned asio worker thread nuraft_w_43, current threads: 43
2026.08.02 13:31:46.623529 [ 939098 ] {} <Information> RaftInstance: spawned asio worker thread nuraft_w_44, current threads: 44
2026.08.02 13:31:46.623565 [ 939099 ] {} <Information> RaftInstance: spawned asio worker thread nuraft_w_45, current threads: 45
2026.08.02 13:31:46.623640 [ 939100 ] {} <Information> RaftInstance: spawned asio worker thread nuraft_w_46, current threads: 46
2026.08.02 13:31:46.623672 [ 939101 ] {} <Information> RaftInstance: spawned asio worker thread nuraft_w_47, current threads: 47
2026.08.02 13:31:46.623706 [ 939102 ] {} <Information> RaftInstance: spawned asio worker thread nuraft_w_48, current threads: 48
2026.08.02 13:31:46.623762 [ 939103 ] {} <Information> RaftInstance: spawned asio worker thread nuraft_w_49, current threads: 49
2026.08.02 13:31:46.623832 [ 939104 ] {} <Information> RaftInstance: spawned asio worker thread nuraft_w_50, current threads: 50
2026.08.02 13:31:46.623851 [ 939105 ] {} <Information> RaftInstance: spawned asio worker thread nuraft_w_51, current threads: 50
2026.08.02 13:31:46.623903 [ 939106 ] {} <Information> RaftInstance: spawned asio worker thread nuraft_w_52, current threads: 52
2026.08.02 13:31:46.623956 [ 939107 ] {} <Information> RaftInstance: spawned asio worker thread nuraft_w_53, current threads: 53
2026.08.02 13:31:46.624035 [ 939108 ] {} <Information> RaftInstance: spawned asio worker thread nuraft_w_54, current threads: 54
2026.08.02 13:31:46.624090 [ 939109 ] {} <Information> RaftInstance: spawned asio worker thread nuraft_w_55, current threads: 55
2026.08.02 13:31:46.624098 [ 939110 ] {} <Information> RaftInstance: spawned asio worker thread nuraft_w_56, current threads: 55
2026.08.02 13:31:46.624162 [ 939111 ] {} <Information> RaftInstance: spawned asio worker thread nuraft_w_57, current threads: 57
2026.08.02 13:31:46.624183 [ 939112 ] {} <Information> RaftInstance: spawned asio worker thread nuraft_w_58, current threads: 57
2026.08.02 13:31:46.624268 [ 939113 ] {} <Information> RaftInstance: spawned asio worker thread nuraft_w_59, current threads: 59
2026.08.02 13:31:46.624279 [ 939114 ] {} <Information> RaftInstance: spawned asio worker thread nuraft_w_60, current threads: 59
2026.08.02 13:31:46.624334 [ 939115 ] {} <Information> RaftInstance: spawned asio worker thread nuraft_w_61, current threads: 61
2026.08.02 13:31:46.624373 [ 939116 ] {} <Information> RaftInstance: spawned asio worker thread nuraft_w_62, current threads: 61
2026.08.02 13:31:46.624441 [ 939117 ] {} <Information> RaftInstance: spawned asio worker thread nuraft_w_63, current threads: 63
2026.08.02 13:31:46.624466 [ 939118 ] {} <Information> RaftInstance: spawned asio worker thread nuraft_w_64, current threads: 63
2026.08.02 13:31:46.624521 [ 939119 ] {} <Information> RaftInstance: spawned asio worker thread nuraft_w_65, current threads: 65
2026.08.02 13:31:46.624566 [ 939120 ] {} <Information> RaftInstance: spawned asio worker thread nuraft_w_66, current threads: 66
2026.08.02 13:31:46.624601 [ 939121 ] {} <Information> RaftInstance: spawned asio worker thread nuraft_w_67, current threads: 67
2026.08.02 13:31:46.624674 [ 939122 ] {} <Information> RaftInstance: spawned asio worker thread nuraft_w_68, current threads: 68
2026.08.02 13:31:46.624712 [ 939123 ] {} <Information> RaftInstance: spawned asio worker thread nuraft_w_69, current threads: 69
2026.08.02 13:31:46.624747 [ 939124 ] {} <Information> RaftInstance: spawned asio worker thread nuraft_w_70, current threads: 70
2026.08.02 13:31:46.624784 [ 939125 ] {} <Information> RaftInstance: spawned asio worker thread nuraft_w_71, current threads: 71
2026.08.02 13:31:46.624867 [ 939126 ] {} <Information> RaftInstance: spawned asio worker thread nuraft_w_72, current threads: 72
2026.08.02 13:31:46.624868 [ 939127 ] {} <Information> RaftInstance: spawned asio worker thread nuraft_w_73, current threads: 72
2026.08.02 13:31:46.624955 [ 939128 ] {} <Information> RaftInstance: spawned asio worker thread nuraft_w_74, current threads: 74
2026.08.02 13:31:46.625007 [ 939129 ] {} <Information> RaftInstance: spawned asio worker thread nuraft_w_75, current threads: 75
2026.08.02 13:31:46.625036 [ 939130 ] {} <Information> RaftInstance: spawned asio worker thread nuraft_w_76, current threads: 75
2026.08.02 13:31:46.625100 [ 939131 ] {} <Information> RaftInstance: spawned asio worker thread nuraft_w_77, current threads: 77
2026.08.02 13:31:46.625131 [ 939132 ] {} <Information> RaftInstance: spawned asio worker thread nuraft_w_78, current threads: 78
2026.08.02 13:31:46.625159 [ 939133 ] {} <Information> RaftInstance: spawned asio worker thread nuraft_w_79, current threads: 79
2026.08.02 13:31:46.625214 [ 939134 ] {} <Information> RaftInstance: spawned asio worker thread nuraft_w_80, current threads: 80
2026.08.02 13:31:46.625268 [ 939135 ] {} <Information> RaftInstance: spawned asio worker thread nuraft_w_81, current threads: 81
2026.08.02 13:31:46.625298 [ 939136 ] {} <Information> RaftInstance: spawned asio worker thread nuraft_w_82, current threads: 82
2026.08.02 13:31:46.625367 [ 939137 ] {} <Information> RaftInstance: spawned asio worker thread nuraft_w_83, current threads: 83
2026.08.02 13:31:46.625422 [ 939138 ] {} <Information> RaftInstance: spawned asio worker thread nuraft_w_84, current threads: 84
2026.08.02 13:31:46.625556 [ 939140 ] {} <Information> RaftInstance: spawned asio worker thread nuraft_w_85, current threads: 85
2026.08.02 13:31:46.625571 [ 939141 ] {} <Information> RaftInstance: spawned asio worker thread nuraft_w_86, current threads: 85
2026.08.02 13:31:46.625583 [ 939139 ] {} <Information> RaftInstance: spawned asio worker thread nuraft_w_87, current threads: 86
2026.08.02 13:31:46.625606 [ 939142 ] {} <Information> RaftInstance: spawned asio worker thread nuraft_w_88, current threads: 87
2026.08.02 13:31:46.625663 [ 939143 ] {} <Information> RaftInstance: spawned asio worker thread nuraft_w_89, current threads: 89
2026.08.02 13:31:46.625682 [ 939144 ] {} <Information> RaftInstance: spawned asio worker thread nuraft_w_90, current threads: 89
2026.08.02 13:31:46.625723 [ 939145 ] {} <Information> RaftInstance: spawned asio worker thread nuraft_w_91, current threads: 91
2026.08.02 13:31:46.625805 [ 939146 ] {} <Information> RaftInstance: spawned asio worker thread nuraft_w_92, current threads: 92
2026.08.02 13:31:46.625814 [ 939147 ] {} <Information> RaftInstance: spawned asio worker thread nuraft_w_93, current threads: 92
2026.08.02 13:31:46.625866 [ 939148 ] {} <Information> RaftInstance: spawned asio worker thread nuraft_w_94, current threads: 94
2026.08.02 13:31:46.625915 [ 939149 ] {} <Information> RaftInstance: spawned asio worker thread nuraft_w_95, current threads: 95
2026.08.02 13:31:46.626064 [ 938930 ] {} <Error> RaftInstance: got exception: bind: Address already in use [system:98] on port 9234
2026.08.02 13:31:46.626071 [ 938930 ] {} <Warning> KeeperServer: Failed to create listener with IPv6 enabled, falling back to IPv4 only.
2026.08.02 13:31:46.626131 [ 938930 ] {} <Error> RaftInstance: got exception: bind: Address already in use [system:98] on port 9234
2026.08.02 13:31:46.637058 [ 938930 ] {} <Error> void DB::KeeperDispatcher::initialize(const Poco::Util::AbstractConfiguration &, bool, bool, const MultiVersion<Macros>::Version &): Code: 568. DB::Exception: Cannot create interserver listener on port 9234 after trying both IPv6 and IPv4. (RAFT_ERROR), Stack trace (when copying this message, always include the lines below):

0. base/poco/Foundation/src/Exception.cpp:32:1: Poco::Exception::Exception(String&&, int) @ 0x000000001dd87678
1. src/Common/Exception.cpp:158:7: DB::Exception::Exception(DB::Exception::MessageMasked&&, int, bool) @ 0x000000000eb6c18c
2. src/Common/Exception.h:201:100: DB::Exception::Exception(String&&, int, String, bool) @ 0x000000000995c358
3. src/Common/Exception.h:57:54: DB::Exception::Exception(PreformattedMessage&&, int) @ 0x000000000995bd8c
4. src/Common/Exception.h:219:77: DB::Exception::Exception<int>(int, FormatStringHelperImpl<std::type_identity<int>::type>, int&&) @ 0x000000000a97a4d8
5. src/Coordination/KeeperServer.cpp:647:23: DB::KeeperServer::launchRaftServer(Poco::Util::AbstractConfiguration const&, bool) @ 0x0000000019d58350
6. src/Coordination/KeeperServer.cpp:721:5: DB::KeeperServer::startup(Poco::Util::AbstractConfiguration const&, bool) @ 0x0000000019d5a6a4
7. src/Coordination/KeeperDispatcher.cpp:167:17: DB::KeeperDispatcher::initialize(Poco::Util::AbstractConfiguration const&, bool, bool, std::shared_ptr<DB::Macros const> const&) @ 0x0000000019d180e4
8. src/Interpreters/Context.cpp:5892:21: DB::Context::initializeKeeperDispatcher(bool) const @ 0x0000000013ae6d2c
9. programs/server/Server.cpp:2972:25: DB::Server::main(std::vector<String, std::allocator<String>> const&) @ 0x000000000ef4d03c
10. base/poco/Util/src/Application.cpp:315:8: Poco::Util::Application::run() @ 0x000000001de21a9c
11. programs/server/Server.cpp:753:25: DB::Server::run() @ 0x000000000ef3ec78
12. programs/server/Server.cpp:566:20: mainEntryClickHouseServer(int, char**) @ 0x000000000ef3e2dc
13. programs/main.cpp:433:21: main @ 0x0000000009955894
14. ? @ 0x0000000000022f1c
15. __libc_start_main @ 0x000000000002305c
 (version 26.8.1.1)
2026.08.02 13:31:46.640463 [ 938930 ] {} <Information> KeeperRequestDispatcher: Sessions cannot be closed during shutdown because there is no active leader
2026.08.02 13:31:46.640511 [ 938930 ] {} <Debug> KeeperDispatcher: Shutting down storage dispatcher
2026.08.02 13:31:46.640540 [ 938930 ] {} <Information> KeeperRequestDispatcher: Sessions cannot be closed during shutdown because there is no active leader
2026.08.02 13:31:46.640544 [ 938930 ] {} <Information> KeeperServer: RAFT doesn't start, shutdown not required
2026.08.02 13:31:46.640564 [ 938930 ] {} <Debug> KeeperLogStore: Shutting down Changelog
2026.08.02 13:31:46.640603 [ 939052 ] {} <Information> KeeperLogStore: Raft server is not set in LogStore.
2026.08.02 13:31:46.640672 [ 938930 ] {} <Debug> KeeperSnapshotManagerS3: Shutting down KeeperSnapshotManagerS3
2026.08.02 13:31:46.640698 [ 938930 ] {} <Information> KeeperSnapshotManagerS3: KeeperSnapshotManagerS3 shut down
2026.08.02 13:31:46.640705 [ 938930 ] {} <Debug> KeeperDispatcher: Dispatcher shut down
2026.08.02 13:31:46.642235 [ 939054 ] {} <Information> RaftInstance: end of asio worker thread nuraft_w_0, remaining threads: 94
2026.08.02 13:31:46.642237 [ 939057 ] {} <Information> RaftInstance: end of asio worker thread nuraft_w_3, remaining threads: 94
2026.08.02 13:31:46.642239 [ 939056 ] {} <Information> RaftInstance: end of asio worker thread nuraft_w_2, remaining threads: 93
2026.08.02 13:31:46.642250 [ 939058 ] {} <Information> RaftInstance: end of asio worker thread nuraft_w_4, remaining threads: 92
2026.08.02 13:31:46.642251 [ 939059 ] {} <Information> RaftInstance: end of asio worker thread nuraft_w_5, remaining threads: 91
2026.08.02 13:31:46.642255 [ 939060 ] {} <Information> RaftInstance: end of asio worker thread nuraft_w_6, remaining threads: 90
2026.08.02 13:31:46.642259 [ 939061 ] {} <Information> RaftInstance: end of asio worker thread nuraft_w_7, remaining threads: 89
2026.08.02 13:31:46.642264 [ 939062 ] {} <Information> RaftInstance: end of asio worker thread nuraft_w_8, remaining threads: 88
2026.08.02 13:31:46.642269 [ 939064 ] {} <Information> RaftInstance: end of asio worker thread nuraft_w_10, remaining threads: 86
2026.08.02 13:31:46.642272 [ 939063 ] {} <Information> RaftInstance: end of asio worker thread nuraft_w_9, remaining threads: 86
2026.08.02 13:31:46.642276 [ 939065 ] {} <Information> RaftInstance: end of asio worker thread nuraft_w_11, remaining threads: 85
2026.08.02 13:31:46.642278 [ 939066 ] {} <Information> RaftInstance: end of asio worker thread nuraft_w_12, remaining threads: 84
2026.08.02 13:31:46.642284 [ 939067 ] {} <Information> RaftInstance: end of asio worker thread nuraft_w_13, remaining threads: 83
2026.08.02 13:31:46.642287 [ 939068 ] {} <Information> RaftInstance: end of asio worker thread nuraft_w_14, remaining threads: 82
2026.08.02 13:31:46.642292 [ 939069 ] {} <Information> RaftInstance: end of asio worker thread nuraft_w_15, remaining threads: 81
2026.08.02 13:31:46.642293 [ 939071 ] {} <Information> RaftInstance: end of asio worker thread nuraft_w_16, remaining threads: 80
2026.08.02 13:31:46.642301 [ 939070 ] {} <Information> RaftInstance: end of asio worker thread nuraft_w_17, remaining threads: 79
2026.08.02 13:31:46.642302 [ 939072 ] {} <Information> RaftInstance: end of asio worker thread nuraft_w_18, remaining threads: 78
2026.08.02 13:31:46.642311 [ 939074 ] {} <Information> RaftInstance: end of asio worker thread nuraft_w_19, remaining threads: 77
2026.08.02 13:31:46.642314 [ 939073 ] {} <Information> RaftInstance: end of asio worker thread nuraft_w_20, remaining threads: 76
2026.08.02 13:31:46.642323 [ 939076 ] {} <Information> RaftInstance: end of asio worker thread nuraft_w_22, remaining threads: 75
2026.08.02 13:31:46.642325 [ 939075 ] {} <Information> RaftInstance: end of asio worker thread nuraft_w_21, remaining threads: 74
2026.08.02 13:31:46.642333 [ 939078 ] {} <Information> RaftInstance: end of asio worker thread nuraft_w_24, remaining threads: 73
2026.08.02 13:31:46.642333 [ 939077 ] {} <Information> RaftInstance: end of asio worker thread nuraft_w_23, remaining threads: 72
2026.08.02 13:31:46.642344 [ 939079 ] {} <Information> RaftInstance: end of asio worker thread nuraft_w_25, remaining threads: 71
2026.08.02 13:31:46.642345 [ 939080 ] {} <Information> RaftInstance: end of asio worker thread nuraft_w_26, remaining threads: 70
2026.08.02 13:31:46.642354 [ 939082 ] {} <Information> RaftInstance: end of asio worker thread nuraft_w_28, remaining threads: 69
2026.08.02 13:31:46.642357 [ 939081 ] {} <Information> RaftInstance: end of asio worker thread nuraft_w_27, remaining threads: 68
2026.08.02 13:31:46.642364 [ 939083 ] {} <Information> RaftInstance: end of asio worker thread nuraft_w_29, remaining threads: 67
2026.08.02 13:31:46.642368 [ 939084 ] {} <Information> RaftInstance: end of asio worker thread nuraft_w_30, remaining threads: 66
2026.08.02 13:31:46.642373 [ 939086 ] {} <Information> RaftInstance: end of asio worker thread nuraft_w_32, remaining threads: 65
2026.08.02 13:31:46.642376 [ 939085 ] {} <Information> RaftInstance: end of asio worker thread nuraft_w_31, remaining threads: 64
2026.08.02 13:31:46.642378 [ 939088 ] {} <Information> RaftInstance: end of asio worker thread nuraft_w_34, remaining threads: 63
2026.08.02 13:31:46.642384 [ 939087 ] {} <Information> RaftInstance: end of asio worker thread nuraft_w_33, remaining threads: 62
2026.08.02 13:31:46.642385 [ 939089 ] {} <Information> RaftInstance: end of asio worker thread nuraft_w_35, remaining threads: 61
2026.08.02 13:31:46.642392 [ 939090 ] {} <Information> RaftInstance: end of asio worker thread nuraft_w_36, remaining threads: 60
2026.08.02 13:31:46.642393 [ 939091 ] {} <Information> RaftInstance: end of asio worker thread nuraft_w_37, remaining threads: 59
2026.08.02 13:31:46.642396 [ 939092 ] {} <Information> RaftInstance: end of asio worker thread nuraft_w_38, remaining threads: 58
2026.08.02 13:31:46.642398 [ 939093 ] {} <Information> RaftInstance: end of asio worker thread nuraft_w_39, remaining threads: 57
2026.08.02 13:31:46.642402 [ 939094 ] {} <Information> RaftInstance: end of asio worker thread nuraft_w_40, remaining threads: 56
2026.08.02 13:31:46.642408 [ 939095 ] {} <Information> RaftInstance: end of asio worker thread nuraft_w_41, remaining threads: 55
2026.08.02 13:31:46.642413 [ 939097 ] {} <Information> RaftInstance: end of asio worker thread nuraft_w_43, remaining threads: 54
2026.08.02 13:31:46.642417 [ 939096 ] {} <Information> RaftInstance: end of asio worker thread nuraft_w_42, remaining threads: 53
2026.08.02 13:31:46.642422 [ 939099 ] {} <Information> RaftInstance: end of asio worker thread nuraft_w_45, remaining threads: 52
2026.08.02 13:31:46.642424 [ 939098 ] {} <Information> RaftInstance: end of asio worker thread nuraft_w_44, remaining threads: 51
2026.08.02 13:31:46.642428 [ 939101 ] {} <Information> RaftInstance: end of asio worker thread nuraft_w_47, remaining threads: 50
2026.08.02 13:31:46.642432 [ 939100 ] {} <Information> RaftInstance: end of asio worker thread nuraft_w_46, remaining threads: 49
2026.08.02 13:31:46.642439 [ 939102 ] {} <Information> RaftInstance: end of asio worker thread nuraft_w_48, remaining threads: 48
2026.08.02 13:31:46.642440 [ 939103 ] {} <Information> RaftInstance: end of asio worker thread nuraft_w_49, remaining threads: 47
2026.08.02 13:31:46.642444 [ 939104 ] {} <Information> RaftInstance: end of asio worker thread nuraft_w_50, remaining threads: 46
2026.08.02 13:31:46.642447 [ 939105 ] {} <Information> RaftInstance: end of asio worker thread nuraft_w_51, remaining threads: 45
2026.08.02 13:31:46.642451 [ 939106 ] {} <Information> RaftInstance: end of asio worker thread nuraft_w_52, remaining threads: 44
2026.08.02 13:31:46.642457 [ 939108 ] {} <Information> RaftInstance: end of asio worker thread nuraft_w_54, remaining threads: 43
2026.08.02 13:31:46.642457 [ 939107 ] {} <Information> RaftInstance: end of asio worker thread nuraft_w_53, remaining threads: 42
2026.08.02 13:31:46.642462 [ 939110 ] {} <Information> RaftInstance: end of asio worker thread nuraft_w_56, remaining threads: 41
2026.08.02 13:31:46.642465 [ 939109 ] {} <Information> RaftInstance: end of asio worker thread nuraft_w_55, remaining threads: 40
2026.08.02 13:31:46.642468 [ 939111 ] {} <Information> RaftInstance: end of asio worker thread nuraft_w_57, remaining threads: 39
2026.08.02 13:31:46.642474 [ 939112 ] {} <Information> RaftInstance: end of asio worker thread nuraft_w_58, remaining threads: 38
2026.08.02 13:31:46.642474 [ 939113 ] {} <Information> RaftInstance: end of asio worker thread nuraft_w_59, remaining threads: 37
2026.08.02 13:31:46.642483 [ 939114 ] {} <Information> RaftInstance: end of asio worker thread nuraft_w_60, remaining threads: 36
2026.08.02 13:31:46.642485 [ 939115 ] {} <Information> RaftInstance: end of asio worker thread nuraft_w_61, remaining threads: 35
2026.08.02 13:31:46.642493 [ 939117 ] {} <Information> RaftInstance: end of asio worker thread nuraft_w_63, remaining threads: 34
2026.08.02 13:31:46.642493 [ 939116 ] {} <Information> RaftInstance: end of asio worker thread nuraft_w_62, remaining threads: 33
2026.08.02 13:31:46.642500 [ 939118 ] {} <Information> RaftInstance: end of asio worker thread nuraft_w_64, remaining threads: 32
2026.08.02 13:31:46.642501 [ 939119 ] {} <Information> RaftInstance: end of asio worker thread nuraft_w_65, remaining threads: 31
2026.08.02 13:31:46.642506 [ 939121 ] {} <Information> RaftInstance: end of asio worker thread nuraft_w_67, remaining threads: 30
2026.08.02 13:31:46.642514 [ 939120 ] {} <Information> RaftInstance: end of asio worker thread nuraft_w_66, remaining threads: 28
2026.08.02 13:31:46.642514 [ 939122 ] {} <Information> RaftInstance: end of asio worker thread nuraft_w_68, remaining threads: 28
2026.08.02 13:31:46.642521 [ 939124 ] {} <Information> RaftInstance: end of asio worker thread nuraft_w_70, remaining threads: 27
2026.08.02 13:31:46.642524 [ 939123 ] {} <Information> RaftInstance: end of asio worker thread nuraft_w_69, remaining threads: 26
2026.08.02 13:31:46.642528 [ 939125 ] {} <Information> RaftInstance: end of asio worker thread nuraft_w_71, remaining threads: 25
2026.08.02 13:31:46.642533 [ 939126 ] {} <Information> RaftInstance: end of asio worker thread nuraft_w_72, remaining threads: 24
2026.08.02 13:31:46.642537 [ 939127 ] {} <Information> RaftInstance: end of asio worker thread nuraft_w_73, remaining threads: 23
2026.08.02 13:31:46.642542 [ 939128 ] {} <Information> RaftInstance: end of asio worker thread nuraft_w_74, remaining threads: 22
2026.08.02 13:31:46.642545 [ 939129 ] {} <Information> RaftInstance: end of asio worker thread nuraft_w_75, remaining threads: 21
2026.08.02 13:31:46.642548 [ 939130 ] {} <Information> RaftInstance: end of asio worker thread nuraft_w_76, remaining threads: 20
2026.08.02 13:31:46.642552 [ 939131 ] {} <Information> RaftInstance: end of asio worker thread nuraft_w_77, remaining threads: 19
2026.08.02 13:31:46.642557 [ 939132 ] {} <Information> RaftInstance: end of asio worker thread nuraft_w_78, remaining threads: 18
2026.08.02 13:31:46.642561 [ 939133 ] {} <Information> RaftInstance: end of asio worker thread nuraft_w_79, remaining threads: 17
2026.08.02 13:31:46.642564 [ 939135 ] {} <Information> RaftInstance: end of asio worker thread nuraft_w_81, remaining threads: 16
2026.08.02 13:31:46.642565 [ 939134 ] {} <Information> RaftInstance: end of asio worker thread nuraft_w_80, remaining threads: 15
2026.08.02 13:31:46.642569 [ 939138 ] {} <Information> RaftInstance: end of asio worker thread nuraft_w_84, remaining threads: 14
2026.08.02 13:31:46.642575 [ 939136 ] {} <Information> RaftInstance: end of asio worker thread nuraft_w_82, remaining threads: 13
2026.08.02 13:31:46.642575 [ 939137 ] {} <Information> RaftInstance: end of asio worker thread nuraft_w_83, remaining threads: 12
2026.08.02 13:31:46.642580 [ 939141 ] {} <Information> RaftInstance: end of asio worker thread nuraft_w_86, remaining threads: 10
2026.08.02 13:31:46.642581 [ 939140 ] {} <Information> RaftInstance: end of asio worker thread nuraft_w_85, remaining threads: 10
2026.08.02 13:31:46.642588 [ 939139 ] {} <Information> RaftInstance: end of asio worker thread nuraft_w_87, remaining threads: 8
2026.08.02 13:31:46.642588 [ 939143 ] {} <Information> RaftInstance: end of asio worker thread nuraft_w_89, remaining threads: 8
2026.08.02 13:31:46.642592 [ 939144 ] {} <Information> RaftInstance: end of asio worker thread nuraft_w_90, remaining threads: 7
2026.08.02 13:31:46.642595 [ 939142 ] {} <Information> RaftInstance: end of asio worker thread nuraft_w_88, remaining threads: 6
2026.08.02 13:31:46.642597 [ 939145 ] {} <Information> RaftInstance: end of asio worker thread nuraft_w_91, remaining threads: 5
2026.08.02 13:31:46.642603 [ 939146 ] {} <Information> RaftInstance: end of asio worker thread nuraft_w_92, remaining threads: 4
2026.08.02 13:31:46.642608 [ 939147 ] {} <Information> RaftInstance: end of asio worker thread nuraft_w_93, remaining threads: 3
2026.08.02 13:31:46.642610 [ 939149 ] {} <Information> RaftInstance: end of asio worker thread nuraft_w_95, remaining threads: 2
2026.08.02 13:31:46.642612 [ 939148 ] {} <Information> RaftInstance: end of asio worker thread nuraft_w_94, remaining threads: 1
2026.08.02 13:31:46.642613 [ 939055 ] {} <Information> RaftInstance: end of asio worker thread nuraft_w_1, remaining threads: 0
2026.08.02 13:31:46.642730 [ 938930 ] {} <Information> KeeperLogStore: Changelog is shut down
2026.08.02 13:31:46.642734 [ 938930 ] {} <Debug> KeeperLogStore: Shutting down Changelog
2026.08.02 13:31:46.642788 [ 938930 ] {} <Trace> CancellationChecker: Stopping CancellationChecker
2026.08.02 13:31:46.643972 [ 938930 ] {} <Information> Application: Shutting down storages.
2026.08.02 13:31:46.643984 [ 938930 ] {} <Debug> Context: Shutting down another UDFs storage
2026.08.02 13:31:46.643988 [ 938930 ] {} <Trace> Context: Shutting down named sessions
2026.08.02 13:31:46.643996 [ 938930 ] {} <Trace> Context: Shutting down object storage queue streaming
2026.08.02 13:31:46.644004 [ 938930 ] {} <Debug> StreamingStorageRegistry: There are no queue storages to shutdown
2026.08.02 13:31:46.644007 [ 938930 ] {} <Trace> Context: Shutting down caches
2026.08.02 13:31:46.644010 [ 938930 ] {} <Trace> Context: Shutting down database catalog
2026.08.02 13:31:46.644017 [ 938930 ] {} <Trace> DatabaseCatalog: Shutting down system logs
2026.08.02 13:31:46.644021 [ 938930 ] {} <Trace> DatabaseCatalog: Shutting down system databases
2026.08.02 13:31:46.644028 [ 938930 ] {} <Debug> Context: Shutting down workload entity storage
2026.08.02 13:31:46.644031 [ 938930 ] {} <Trace> Context: Shutting down AccessControl
2026.08.02 13:31:46.651569 [ 938930 ] {} <Information> ZooKeeperClient: Finalizing session 30. finalization_started: false, queue_finished: false, reason: 'shutdown' 0. src/Common/StackTrace.cpp:599:12: StackTrace::StackTrace() @ 0x000000000ec8ac54
1. src/Common/ZooKeeper/ZooKeeperImpl.cpp:1422:80: Coordination::ZooKeeper::finalize(bool, bool, String const&) @ 0x0000000019e3b428
2. src/Interpreters/Context.cpp:1151:31: DB::ContextSharedPart::shutdown() @ 0x0000000013af6d50
3. programs/server/Server.cpp:1682:25: DB::Server::main(std::vector<String, std::allocator<String>> const&)::$_19::operator()() const @ 0x000000000ef7de04
4. base/base/../base/scope_guard.h:101:9: DB::Server::main(std::vector<String, std::allocator<String>> const&) @ 0x000000000ef5e1a0
5. base/poco/Util/src/Application.cpp:315:8: Poco::Util::Application::run() @ 0x000000001de21a9c
6. programs/server/Server.cpp:753:25: DB::Server::run() @ 0x000000000ef3ec78
7. programs/server/Server.cpp:566:20: mainEntryClickHouseServer(int, char**) @ 0x000000000ef3e2dc
8. programs/main.cpp:433:21: main @ 0x0000000009955894
9. ? @ 0x0000000000022f1c
10. __libc_start_main @ 0x000000000002305c

2026.08.02 13:31:46.651734 [ 938930 ] {} <Trace> BackgroundSchedulePool/BgBufSchPool: Waiting for threads to finish.
2026.08.02 13:31:46.651775 [ 938930 ] {} <Trace> BackgroundSchedulePool/BgBufSchPool: Threads finished in 0ms.
2026.08.02 13:31:46.651840 [ 938930 ] {} <Trace> BackgroundSchedulePool/BgSchPool: Waiting for threads to finish.
2026.08.02 13:31:46.651891 [ 938930 ] {} <Trace> BackgroundSchedulePool/BgSchPool: Threads finished in 0ms.
2026.08.02 13:31:46.651938 [ 938930 ] {} <Trace> BackgroundSchedulePool/BgDistSchPool: Waiting for threads to finish.
2026.08.02 13:31:46.651969 [ 938930 ] {} <Trace> BackgroundSchedulePool/BgDistSchPool: Threads finished in 0ms.
2026.08.02 13:31:46.652031 [ 938930 ] {} <Trace> BackgroundSchedulePool/BgMBSchPool: Waiting for threads to finish.
2026.08.02 13:31:46.652074 [ 938930 ] {} <Trace> BackgroundSchedulePool/BgMBSchPool: Threads finished in 0ms.
2026.08.02 13:31:46.652131 [ 938930 ] {} <Trace> BackgroundSchedulePool/BgStrmSchPool: Waiting for threads to finish.
2026.08.02 13:31:46.652163 [ 938930 ] {} <Trace> BackgroundSchedulePool/BgStrmSchPool: Threads finished in 0ms.
2026.08.02 13:31:46.652205 [ 938930 ] {} <Information> ZooKeeperClient: Session 30 already finalized. Current reason: 'Destructor called'
2026.08.02 13:31:46.652237 [ 938930 ] {} <Debug> Application: Shut down storages.
2026.08.02 13:31:46.652242 [ 938930 ] {} <Debug> Context: Destructing remote fs threadpool reader
2026.08.02 13:31:46.652246 [ 938930 ] {} <Debug> Context: Destructing local fs threadpool reader
2026.08.02 13:31:46.652287 [ 938930 ] {} <Debug> Context: Destructing local fs threadpool reader
2026.08.02 13:31:46.652428 [ 938930 ] {} <Debug> Application: Destroyed global context.
2026.08.02 13:31:46.652593 [ 938930 ] {} <Information> Application: Waiting for background threads
2026.08.02 13:31:46.655971 [ 938930 ] {} <Information> Application: Background threads finished in 3 ms
2026.08.02 13:31:46.656167 [ 938930 ] {} <Error> Application: Code: 568. DB::Exception: Cannot create interserver listener on port 9234 after trying both IPv6 and IPv4. (RAFT_ERROR), Stack trace (when copying this message, always include the lines below):

0. base/poco/Foundation/src/Exception.cpp:32:1: Poco::Exception::Exception(String&&, int) @ 0x000000001dd87678
1. src/Common/Exception.cpp:158:7: DB::Exception::Exception(DB::Exception::MessageMasked&&, int, bool) @ 0x000000000eb6c18c
2. src/Common/Exception.h:201:100: DB::Exception::Exception(String&&, int, String, bool) @ 0x000000000995c358
3. src/Common/Exception.h:57:54: DB::Exception::Exception(PreformattedMessage&&, int) @ 0x000000000995bd8c
4. src/Common/Exception.h:219:77: DB::Exception::Exception<int>(int, FormatStringHelperImpl<std::type_identity<int>::type>, int&&) @ 0x000000000a97a4d8
5. src/Coordination/KeeperServer.cpp:647:23: DB::KeeperServer::launchRaftServer(Poco::Util::AbstractConfiguration const&, bool) @ 0x0000000019d58350
6. src/Coordination/KeeperServer.cpp:721:5: DB::KeeperServer::startup(Poco::Util::AbstractConfiguration const&, bool) @ 0x0000000019d5a6a4
7. src/Coordination/KeeperDispatcher.cpp:167:17: DB::KeeperDispatcher::initialize(Poco::Util::AbstractConfiguration const&, bool, bool, std::shared_ptr<DB::Macros const> const&) @ 0x0000000019d180e4
8. src/Interpreters/Context.cpp:5892:21: DB::Context::initializeKeeperDispatcher(bool) const @ 0x0000000013ae6d2c
9. programs/server/Server.cpp:2972:25: DB::Server::main(std::vector<String, std::allocator<String>> const&) @ 0x000000000ef4d03c
10. base/poco/Util/src/Application.cpp:315:8: Poco::Util::Application::run() @ 0x000000001de21a9c
11. programs/server/Server.cpp:753:25: DB::Server::run() @ 0x000000000ef3ec78
12. programs/server/Server.cpp:566:20: mainEntryClickHouseServer(int, char**) @ 0x000000000ef3e2dc
13. programs/main.cpp:433:21: main @ 0x0000000009955894
14. ? @ 0x0000000000022f1c
15. __libc_start_main @ 0x000000000002305c
 (version 26.8.1.1)
2026.08.02 13:31:46.656187 [ 938930 ] {} <Information> Application: shutting down
2026.08.02 13:31:46.656190 [ 938930 ] {} <Debug> Application: Uninitializing subsystem: Logging Subsystem
2026.08.02 13:31:46.656212 [ 938949 ] {} <Trace> BaseDaemon: Received signal -2
2026.08.02 13:31:46.656216 [ 938949 ] {} <Information> BaseDaemon: Stop SignalListener thread
2026.08.02 13:33:20.027312 [ 941131 ] {} <Warning> Application: Integrity check of the executable skipped because the reference checksum could not be read.
2026.08.02 13:33:20.043358 [ 941131 ] {} <Warning> Context: Delay accounting is not enabled, OSIOWaitMicroseconds will not be gathered. You can enable it using `sudo sh -c 'echo 1 > /proc/sys/kernel/task_delayacct'` or by using sysctl.
2026.08.02 13:33:35.356583 [ 941143 ] {u1s-unified_hash-2-1785657814390854943} <Error> executeQuery: Code: 236. DB::NetException: Client has dropped the connection, cancel the query. (ABORTED) (version 26.8.1.1) (from 127.0.0.1:34000) (query 1, line 1) (in query: SELECT count() FROM (SELECT number AS k FROM numbers(100000)) AS l INNER JOIN (SELECT number AS k FROM numbers(10000000)) AS r ON l.k = r.k), Stack trace (when copying this message, always include the lines below):

0. base/poco/Foundation/src/Exception.cpp:32:1: Poco::Exception::Exception(String&&, int) @ 0x000000001dd87678
1. src/Common/Exception.cpp:158:7: DB::Exception::Exception(DB::Exception::MessageMasked&&, int, bool) @ 0x000000000eb6c18c
2. src/Common/Exception.h:201:100: DB::Exception::Exception(String&&, int, String, bool) @ 0x000000000995c358
3. src/Common/NetException.h:14:44: DB::NetException::NetException<char const (&) [53]>(int, T&&) @ 0x000000001929bb94
4. src/Server/TCPHandler.cpp:3058:23: DB::TCPHandler::receivePacketsExpectCancel(DB::QueryState&) @ 0x0000000019296dc8
5. src/Server/TCPHandler.cpp:1545:21: DB::TCPHandler::processOrdinaryQuery(DB::QueryState&) @ 0x000000001928b160
6. src/Server/TCPHandler.cpp:913:17: DB::TCPHandler::runImpl() @ 0x000000001927e4d8
7. src/Server/TCPHandler.cpp:3354:9: DB::TCPHandler::run() @ 0x000000001929c204
8. base/poco/Net/src/TCPServerConnection.cpp:40:3: Poco::Net::TCPServerConnection::start() @ 0x000000001de01258
9. base/poco/Net/src/TCPServerDispatcher.cpp:115:42: Poco::Net::TCPServerDispatcher::run() @ 0x000000001de01818
10. base/poco/Foundation/src/ThreadPool.cpp:207:14: Poco::PooledThread::run() @ 0x000000001ddc1f58
11. base/poco/Foundation/src/Thread_POSIX.cpp:341:27: Poco::ThreadImpl::runnableEntry(void*) @ 0x000000001ddc0274
12. ? @ 0x000000000008c248
13. ? @ 0x00000000000f6adc

2026.08.02 13:33:35.356851 [ 941143 ] {} <Error> TCPHandler: Code: 236. DB::NetException: Client has dropped the connection, cancel the query. (ABORTED), Stack trace (when copying this message, always include the lines below):

0. base/poco/Foundation/src/Exception.cpp:32:1: Poco::Exception::Exception(String&&, int) @ 0x000000001dd87678
1. src/Common/Exception.cpp:158:7: DB::Exception::Exception(DB::Exception::MessageMasked&&, int, bool) @ 0x000000000eb6c18c
2. src/Common/Exception.h:201:100: DB::Exception::Exception(String&&, int, String, bool) @ 0x000000000995c358
3. src/Common/NetException.h:14:44: DB::NetException::NetException<char const (&) [53]>(int, T&&) @ 0x000000001929bb94
4. src/Server/TCPHandler.cpp:3058:23: DB::TCPHandler::receivePacketsExpectCancel(DB::QueryState&) @ 0x0000000019296dc8
5. src/Server/TCPHandler.cpp:1545:21: DB::TCPHandler::processOrdinaryQuery(DB::QueryState&) @ 0x000000001928b160
6. src/Server/TCPHandler.cpp:913:17: DB::TCPHandler::runImpl() @ 0x000000001927e4d8
7. src/Server/TCPHandler.cpp:3354:9: DB::TCPHandler::run() @ 0x000000001929c204
8. base/poco/Net/src/TCPServerConnection.cpp:40:3: Poco::Net::TCPServerConnection::start() @ 0x000000001de01258
9. base/poco/Net/src/TCPServerDispatcher.cpp:115:42: Poco::Net::TCPServerDispatcher::run() @ 0x000000001de01818
10. base/poco/Foundation/src/ThreadPool.cpp:207:14: Poco::PooledThread::run() @ 0x000000001ddc1f58
11. base/poco/Foundation/src/Thread_POSIX.cpp:341:27: Poco::ThreadImpl::runnableEntry(void*) @ 0x000000001ddc0274
12. ? @ 0x000000000008c248
13. ? @ 0x00000000000f6adc

2026.08.02 13:51:25.714364 [ 941143 ] {1fc03309-bf26-4323-828f-3cce45ffa79d} <Error> executeQuery: Code: 60. DB::Exception: Unknown table expression identifier 'system.trace_log' in scope SELECT count() AS samples, arrayStringConcat(arrayMap(x -> demangle(addressToSymbol(x)), trace), '\n') AS stack FROM system.trace_log WHERE (query_id = 'prof-uhj-p-1785658881867317643') AND (trace_type = 'Real') GROUP BY trace ORDER BY samples DESC LIMIT 15. (UNKNOWN_TABLE) (version 26.8.1.1) (from 127.0.0.1:37846) (query 1, line 2) (in query: SELECT count() AS samples, arrayStringConcat(arrayMap(x -> demangle(addressToSymbol(x)), trace), '\n') AS stack FROM system.trace_log WHERE query_id = 'prof-uhj-p-1785658881867317643' AND trace_type = 'Real' GROUP BY trace ORDER BY samples DESC LIMIT 15 FORMAT TSV), Stack trace (when copying this message, always include the lines below):

0. base/poco/Foundation/src/Exception.cpp:32:1: Poco::Exception::Exception(String&&, int) @ 0x000000001dd87678
1. src/Common/Exception.cpp:158:7: DB::Exception::Exception(DB::Exception::MessageMasked&&, int, bool) @ 0x000000000eb6c18c
2. src/Common/Exception.h:201:100: DB::Exception::Exception(String&&, int, String, bool) @ 0x000000000995c358
3. src/Common/Exception.h:57:54: DB::Exception::Exception(PreformattedMessage&&, int) @ 0x000000000995bd8c
4. src/Common/Exception.h:219:77: DB::Exception::Exception<String const&, String>(int, FormatStringHelperImpl<std::type_identity<String const&>::type, std::type_identity<String>::type>, String const&, String&&) @ 0x000000000a51dd1c
5. src/Analyzer/Resolve/QueryAnalyzer.cpp:4145:27: DB::QueryAnalyzer::initializeQueryJoinTreeNode(std::shared_ptr<DB::IQueryTreeNode>&, DB::IdentifierResolveScope&) @ 0x00000000132667a0
6. src/Analyzer/Resolve/QueryAnalyzer.cpp:6262:5: DB::QueryAnalyzer::resolveQuery(std::shared_ptr<DB::IQueryTreeNode> const&, DB::IdentifierResolveScope&) @ 0x0000000013241b04
7. src/Analyzer/Resolve/QueryAnalyzer.cpp:205:13: DB::QueryAnalyzer::resolve(std::shared_ptr<DB::IQueryTreeNode>&, std::shared_ptr<DB::ITableExpressionNode> const&, std::shared_ptr<DB::Context const>) @ 0x0000000013240c4c
8. src/Analyzer/Resolve/QueryAnalysisPass.cpp:19:14: DB::QueryAnalysisPass::run(std::shared_ptr<DB::IQueryTreeNode>&, std::shared_ptr<DB::Context const>) @ 0x00000000132400e0
9. src/Analyzer/QueryTreePassManager.cpp:201:20: DB::QueryTreePassManager::run(std::shared_ptr<DB::IQueryTreeNode>&) @ 0x0000000013297338
10. src/Interpreters/InterpreterSelectQueryAnalyzer.cpp:266:33: DB::buildQueryTreeAndRunPasses(boost::intrusive_ptr<DB::IAST> const&, DB::SelectQueryOptions const&, std::shared_ptr<DB::Context const> const&, std::shared_ptr<DB::IStorage> const&) @ 0x0000000013d7f97c
11. src/Interpreters/InterpreterSelectQueryAnalyzer.cpp:284:18: DB::InterpreterSelectQueryAnalyzer::InterpreterSelectQueryAnalyzer(boost::intrusive_ptr<DB::IAST> const&, std::shared_ptr<DB::Context const> const&, DB::SelectQueryOptions const&, std::vector<String, std::allocator<String>> const&, DB::ActionsDAG const*) @ 0x0000000013d7db90
12. contrib/llvm-project/libcxx/include/__memory/unique_ptr.h:770:30: std::unique_ptr<DB::InterpreterSelectQueryAnalyzer, std::default_delete<DB::InterpreterSelectQueryAnalyzer>> std::make_unique[abi:fqe220101]<DB::InterpreterSelectQueryAnalyzer, boost::intrusive_ptr<DB::IAST>&, std::shared_ptr<DB::Context> const&, DB::SelectQueryOptions const&, 0>(boost::intrusive_ptr<DB::IAST>&, std::shared_ptr<DB::Context> const&, DB::SelectQueryOptions const&) @ 0x0000000013d8560c
13. contrib/llvm-project/libcxx/include/__functional/function.h:502:12: ? @ 0x0000000013d37850
14. src/Interpreters/executeQuery.cpp:1881:66: DB::executeQueryImpl(char const*, char const*, std::shared_ptr<DB::Context>, DB::QueryFlags, DB::QueryProcessingStage::Enum, std::unique_ptr<DB::ReadBuffer, std::default_delete<DB::ReadBuffer>>&, boost::intrusive_ptr<DB::IAST>&, std::shared_ptr<DB::ImplicitTransactionControlExecutor>, std::function<void ()>, DB::QueryResultDetails&) @ 0x00000000141489c4
15. src/Interpreters/executeQuery.cpp:2438:11: DB::executeQuery(std::basic_string_view<char, std::char_traits<char>>, std::shared_ptr<DB::Context>, DB::QueryFlags, DB::QueryProcessingStage::Enum) @ 0x0000000014144890
16. src/Server/TCPHandler.cpp:899:68: DB::TCPHandler::runImpl() @ 0x000000001927e440
17. src/Server/TCPHandler.cpp:3354:9: DB::TCPHandler::run() @ 0x000000001929c204
18. base/poco/Net/src/TCPServerConnection.cpp:40:3: Poco::Net::TCPServerConnection::start() @ 0x000000001de01258
19. base/poco/Net/src/TCPServerDispatcher.cpp:115:42: Poco::Net::TCPServerDispatcher::run() @ 0x000000001de01818
20. base/poco/Foundation/src/ThreadPool.cpp:207:14: Poco::PooledThread::run() @ 0x000000001ddc1f58
21. base/poco/Foundation/src/Thread_POSIX.cpp:341:27: Poco::ThreadImpl::runnableEntry(void*) @ 0x000000001ddc0274
22. ? @ 0x000000000008c248
23. ? @ 0x00000000000f6adc

2026.08.02 13:51:25.714574 [ 941143 ] {} <Error> TCPHandler: Code: 60. DB::Exception: Unknown table expression identifier 'system.trace_log' in scope SELECT count() AS samples, arrayStringConcat(arrayMap(x -> demangle(addressToSymbol(x)), trace), '\n') AS stack FROM system.trace_log WHERE (query_id = 'prof-uhj-p-1785658881867317643') AND (trace_type = 'Real') GROUP BY trace ORDER BY samples DESC LIMIT 15. (UNKNOWN_TABLE), Stack trace (when copying this message, always include the lines below):

0. base/poco/Foundation/src/Exception.cpp:32:1: Poco::Exception::Exception(String&&, int) @ 0x000000001dd87678
1. src/Common/Exception.cpp:158:7: DB::Exception::Exception(DB::Exception::MessageMasked&&, int, bool) @ 0x000000000eb6c18c
2. src/Common/Exception.h:201:100: DB::Exception::Exception(String&&, int, String, bool) @ 0x000000000995c358
3. src/Common/Exception.h:57:54: DB::Exception::Exception(PreformattedMessage&&, int) @ 0x000000000995bd8c
4. src/Common/Exception.h:219:77: DB::Exception::Exception<String const&, String>(int, FormatStringHelperImpl<std::type_identity<String const&>::type, std::type_identity<String>::type>, String const&, String&&) @ 0x000000000a51dd1c
5. src/Analyzer/Resolve/QueryAnalyzer.cpp:4145:27: DB::QueryAnalyzer::initializeQueryJoinTreeNode(std::shared_ptr<DB::IQueryTreeNode>&, DB::IdentifierResolveScope&) @ 0x00000000132667a0
6. src/Analyzer/Resolve/QueryAnalyzer.cpp:6262:5: DB::QueryAnalyzer::resolveQuery(std::shared_ptr<DB::IQueryTreeNode> const&, DB::IdentifierResolveScope&) @ 0x0000000013241b04
7. src/Analyzer/Resolve/QueryAnalyzer.cpp:205:13: DB::QueryAnalyzer::resolve(std::shared_ptr<DB::IQueryTreeNode>&, std::shared_ptr<DB::ITableExpressionNode> const&, std::shared_ptr<DB::Context const>) @ 0x0000000013240c4c
8. src/Analyzer/Resolve/QueryAnalysisPass.cpp:19:14: DB::QueryAnalysisPass::run(std::shared_ptr<DB::IQueryTreeNode>&, std::shared_ptr<DB::Context const>) @ 0x00000000132400e0
9. src/Analyzer/QueryTreePassManager.cpp:201:20: DB::QueryTreePassManager::run(std::shared_ptr<DB::IQueryTreeNode>&) @ 0x0000000013297338
10. src/Interpreters/InterpreterSelectQueryAnalyzer.cpp:266:33: DB::buildQueryTreeAndRunPasses(boost::intrusive_ptr<DB::IAST> const&, DB::SelectQueryOptions const&, std::shared_ptr<DB::Context const> const&, std::shared_ptr<DB::IStorage> const&) @ 0x0000000013d7f97c
11. src/Interpreters/InterpreterSelectQueryAnalyzer.cpp:284:18: DB::InterpreterSelectQueryAnalyzer::InterpreterSelectQueryAnalyzer(boost::intrusive_ptr<DB::IAST> const&, std::shared_ptr<DB::Context const> const&, DB::SelectQueryOptions const&, std::vector<String, std::allocator<String>> const&, DB::ActionsDAG const*) @ 0x0000000013d7db90
12. contrib/llvm-project/libcxx/include/__memory/unique_ptr.h:770:30: std::unique_ptr<DB::InterpreterSelectQueryAnalyzer, std::default_delete<DB::InterpreterSelectQueryAnalyzer>> std::make_unique[abi:fqe220101]<DB::InterpreterSelectQueryAnalyzer, boost::intrusive_ptr<DB::IAST>&, std::shared_ptr<DB::Context> const&, DB::SelectQueryOptions const&, 0>(boost::intrusive_ptr<DB::IAST>&, std::shared_ptr<DB::Context> const&, DB::SelectQueryOptions const&) @ 0x0000000013d8560c
13. contrib/llvm-project/libcxx/include/__functional/function.h:502:12: ? @ 0x0000000013d37850
14. src/Interpreters/executeQuery.cpp:1881:66: DB::executeQueryImpl(char const*, char const*, std::shared_ptr<DB::Context>, DB::QueryFlags, DB::QueryProcessingStage::Enum, std::unique_ptr<DB::ReadBuffer, std::default_delete<DB::ReadBuffer>>&, boost::intrusive_ptr<DB::IAST>&, std::shared_ptr<DB::ImplicitTransactionControlExecutor>, std::function<void ()>, DB::QueryResultDetails&) @ 0x00000000141489c4
15. src/Interpreters/executeQuery.cpp:2438:11: DB::executeQuery(std::basic_string_view<char, std::char_traits<char>>, std::shared_ptr<DB::Context>, DB::QueryFlags, DB::QueryProcessingStage::Enum) @ 0x0000000014144890
16. src/Server/TCPHandler.cpp:899:68: DB::TCPHandler::runImpl() @ 0x000000001927e440
17. src/Server/TCPHandler.cpp:3354:9: DB::TCPHandler::run() @ 0x000000001929c204
18. base/poco/Net/src/TCPServerConnection.cpp:40:3: Poco::Net::TCPServerConnection::start() @ 0x000000001de01258
19. base/poco/Net/src/TCPServerDispatcher.cpp:115:42: Poco::Net::TCPServerDispatcher::run() @ 0x000000001de01818
20. base/poco/Foundation/src/ThreadPool.cpp:207:14: Poco::PooledThread::run() @ 0x000000001ddc1f58
21. base/poco/Foundation/src/Thread_POSIX.cpp:341:27: Poco::ThreadImpl::runnableEntry(void*) @ 0x000000001ddc0274
22. ? @ 0x000000000008c248
23. ? @ 0x00000000000f6adc

2026.08.02 13:51:41.023757 [ 955100 ] {} <Warning> Application: Integrity check of the executable skipped because the reference checksum could not be read.
2026.08.02 13:51:41.039952 [ 955100 ] {} <Warning> Context: Delay accounting is not enabled, OSIOWaitMicroseconds will not be gathered. You can enable it using `sudo sh -c 'echo 1 > /proc/sys/kernel/task_delayacct'` or by using sysctl.
2026.08.02 13:51:55.661783 [ 955561 ] {} <Warning> Application: Integrity check of the executable skipped because the reference checksum could not be read.
2026.08.02 13:51:55.677283 [ 955561 ] {} <Warning> Context: Delay accounting is not enabled, OSIOWaitMicroseconds will not be gathered. You can enable it using `sudo sh -c 'echo 1 > /proc/sys/kernel/task_delayacct'` or by using sysctl.
2026.08.02 13:52:20.923124 [ 955575 ] {c0e828c4-9c52-4de4-b9c4-595e00ad35c0} <Error> executeQuery: Code: 446. DB::Exception: default: Introspection functions are disabled, because setting 'allow_introspection_functions' is set to 0. (FUNCTION_NOT_ALLOWED) (version 26.8.1.1) (from 127.0.0.1:34250) (query 1, line 2) (in query: SELECT count() AS samples, arrayStringConcat( arrayMap(x -> demangle(addressToSymbol(x)), arraySlice(trace, 1, 8)), ' | ') AS stack_top FROM system.trace_log WHERE query_id = 'disc-serial_hash-1785658940566981349' AND trace_type = 'Real' GROUP BY trace ORDER BY samples DESC LIMIT 12 FORMAT PrettyCompact ), Stack trace (when copying this message, always include the lines below):

0. base/poco/Foundation/src/Exception.cpp:32:1: Poco::Exception::Exception(String&&, int) @ 0x000000001dd87678
1. src/Common/Exception.cpp:158:7: DB::Exception::Exception(DB::Exception::MessageMasked&&, int, bool) @ 0x000000000eb6c18c
2. src/Common/Exception.h:201:100: DB::Exception::Exception(String&&, int, String, bool) @ 0x000000000995c358
3. src/Common/Exception.h:57:54: DB::Exception::Exception(PreformattedMessage&&, int) @ 0x000000000995bd8c
4. src/Common/Exception.h:219:77: DB::Exception::Exception<String>(int, FormatStringHelperImpl<std::type_identity<String>::type>, String&&) @ 0x000000000995b998
5. src/Access/ContextAccess.cpp:703:19: auto bool DB::ContextAccess::checkAccessImplHelper<true, false, false>(std::shared_ptr<DB::Context const> const&, DB::AccessFlags) const::'lambda'<typename ...$T>(int, FormatStringHelperImpl<String, std::type_identity<$T>::type...>, $T&&...)::operator()<>(int, FormatStringHelperImpl<String, std::type_identity<$T>::type...>, $T&&...) const @ 0x0000000012935840
6. src/Access/ContextAccess.cpp:0: bool DB::ContextAccess::checkAccessImplHelper<true, false, false>(std::shared_ptr<DB::Context const> const&, DB::AccessFlags) const @ 0x0000000012935188
7. src/Access/ContextAccess.cpp:856:12: DB::ContextAccess::checkAccess(std::shared_ptr<DB::Context const> const&, DB::AccessFlags const&) const @ 0x000000001292a35c
8. src/Access/ContextAccess.h:271:79: DB::Context::checkAccess(DB::AccessFlags const&) const @ 0x0000000013abdab4
9. src/Functions/addressToSymbol.cpp:38:18: DB::(anonymous namespace)::FunctionAddressToSymbol::create(std::shared_ptr<DB::Context const>) @ 0x000000000a94da78
10. contrib/llvm-project/libcxx/include/__functional/function.h:502:12: ? @ 0x0000000011eb3204
11. contrib/llvm-project/libcxx/include/__functional/function.h:502:12: ? @ 0x0000000011eb110c
12. src/Functions/FunctionFactory.cpp:183:17: DB::FunctionFactory::tryGet(String const&, std::shared_ptr<DB::Context const>) const @ 0x0000000011eb1d6c
13. src/Analyzer/Resolve/resolveFunction.cpp:1789:48: DB::QueryAnalyzer::resolveFunction(std::shared_ptr<DB::IQueryTreeNode>&, DB::IdentifierResolveScope&, bool) @ 0x00000000134ced4c
14. src/Analyzer/Resolve/QueryAnalyzer.cpp:3398:46: DB::QueryAnalyzer::resolveExpressionNode(std::shared_ptr<DB::IQueryTreeNode>&, DB::IdentifierResolveScope&, bool, bool, bool, bool) @ 0x0000000013247960
15. src/Analyzer/Resolve/QueryAnalyzer.cpp:3634:49: DB::QueryAnalyzer::resolveExpressionNodeList(std::shared_ptr<DB::IQueryTreeNode>&, DB::IdentifierResolveScope&, bool, bool, bool) @ 0x0000000013246e30
16. src/Analyzer/Resolve/resolveFunction.cpp:1202:39: DB::QueryAnalyzer::resolveFunction(std::shared_ptr<DB::IQueryTreeNode>&, DB::IdentifierResolveScope&, bool) @ 0x00000000134cb544
17. src/Analyzer/Resolve/QueryAnalyzer.cpp:3398:46: DB::QueryAnalyzer::resolveExpressionNode(std::shared_ptr<DB::IQueryTreeNode>&, DB::IdentifierResolveScope&, bool, bool, bool, bool) @ 0x0000000013247960
18. src/Analyzer/Resolve/QueryAnalyzer.cpp:3023:36: DB::QueryAnalyzer::resolveLambda(std::shared_ptr<DB::IQueryTreeNode> const&, std::shared_ptr<DB::IQueryTreeNode> const&, std::vector<std::shared_ptr<DB::IQueryTreeNode>, std::allocator<std::shared_ptr<DB::IQueryTreeNode>>> const&, DB::IdentifierResolveScope&) @ 0x00000000132601b8
19. src/Analyzer/Resolve/resolveFunction.cpp:1971:39: DB::QueryAnalyzer::resolveFunction(std::shared_ptr<DB::IQueryTreeNode>&, DB::IdentifierResolveScope&, bool) @ 0x00000000134ce514
20. src/Analyzer/Resolve/QueryAnalyzer.cpp:3398:46: DB::QueryAnalyzer::resolveExpressionNode(std::shared_ptr<DB::IQueryTreeNode>&, DB::IdentifierResolveScope&, bool, bool, bool, bool) @ 0x0000000013247960
21. src/Analyzer/Resolve/QueryAnalyzer.cpp:3634:49: DB::QueryAnalyzer::resolveExpressionNodeList(std::shared_ptr<DB::IQueryTreeNode>&, DB::IdentifierResolveScope&, bool, bool, bool) @ 0x0000000013246e30
22. src/Analyzer/Resolve/resolveFunction.cpp:1202:39: DB::QueryAnalyzer::resolveFunction(std::shared_ptr<DB::IQueryTreeNode>&, DB::IdentifierResolveScope&, bool) @ 0x00000000134cb544
23. src/Analyzer/Resolve/QueryAnalyzer.cpp:3398:46: DB::QueryAnalyzer::resolveExpressionNode(std::shared_ptr<DB::IQueryTreeNode>&, DB::IdentifierResolveScope&, bool, bool, bool, bool) @ 0x0000000013247960
24. src/Analyzer/Resolve/QueryAnalyzer.cpp:3634:49: DB::QueryAnalyzer::resolveExpressionNodeList(std::shared_ptr<DB::IQueryTreeNode>&, DB::IdentifierResolveScope&, bool, bool, bool) @ 0x0000000013246e30
25. src/Analyzer/Resolve/QueryAnalyzer.cpp:4063:40: DB::QueryAnalyzer::resolveProjectionExpressionNodeList(std::shared_ptr<DB::IQueryTreeNode>&, DB::IdentifierResolveScope&) @ 0x000000001326549c
26. src/Analyzer/Resolve/QueryAnalyzer.cpp:6277:30: DB::QueryAnalyzer::resolveQuery(std::shared_ptr<DB::IQueryTreeNode> const&, DB::IdentifierResolveScope&) @ 0x0000000013241b88
27. src/Analyzer/Resolve/QueryAnalyzer.cpp:205:13: DB::QueryAnalyzer::resolve(std::shared_ptr<DB::IQueryTreeNode>&, std::shared_ptr<DB::ITableExpressionNode> const&, std::shared_ptr<DB::Context const>) @ 0x0000000013240c4c
28. src/Analyzer/Resolve/QueryAnalysisPass.cpp:19:14: DB::QueryAnalysisPass::run(std::shared_ptr<DB::IQueryTreeNode>&, std::shared_ptr<DB::Context const>) @ 0x00000000132400e0
29. src/Analyzer/QueryTreePassManager.cpp:201:20: DB::QueryTreePassManager::run(std::shared_ptr<DB::IQueryTreeNode>&) @ 0x0000000013297338
30. src/Interpreters/InterpreterSelectQueryAnalyzer.cpp:266:33: DB::buildQueryTreeAndRunPasses(boost::intrusive_ptr<DB::IAST> const&, DB::SelectQueryOptions const&, std::shared_ptr<DB::Context const> const&, std::shared_ptr<DB::IStorage> const&) @ 0x0000000013d7f97c
31. src/Interpreters/InterpreterSelectQueryAnalyzer.cpp:284:18: DB::InterpreterSelectQueryAnalyzer::InterpreterSelectQueryAnalyzer(boost::intrusive_ptr<DB::IAST> const&, std::shared_ptr<DB::Context const> const&, DB::SelectQueryOptions const&, std::vector<String, std::allocator<String>> const&, DB::ActionsDAG const*) @ 0x0000000013d7db90

2026.08.02 13:52:20.923345 [ 955575 ] {} <Error> TCPHandler: Code: 446. DB::Exception: default: Introspection functions are disabled, because setting 'allow_introspection_functions' is set to 0. (FUNCTION_NOT_ALLOWED), Stack trace (when copying this message, always include the lines below):

0. base/poco/Foundation/src/Exception.cpp:32:1: Poco::Exception::Exception(String&&, int) @ 0x000000001dd87678
1. src/Common/Exception.cpp:158:7: DB::Exception::Exception(DB::Exception::MessageMasked&&, int, bool) @ 0x000000000eb6c18c
2. src/Common/Exception.h:201:100: DB::Exception::Exception(String&&, int, String, bool) @ 0x000000000995c358
3. src/Common/Exception.h:57:54: DB::Exception::Exception(PreformattedMessage&&, int) @ 0x000000000995bd8c
4. src/Common/Exception.h:219:77: DB::Exception::Exception<String>(int, FormatStringHelperImpl<std::type_identity<String>::type>, String&&) @ 0x000000000995b998
5. src/Access/ContextAccess.cpp:703:19: auto bool DB::ContextAccess::checkAccessImplHelper<true, false, false>(std::shared_ptr<DB::Context const> const&, DB::AccessFlags) const::'lambda'<typename ...$T>(int, FormatStringHelperImpl<String, std::type_identity<$T>::type...>, $T&&...)::operator()<>(int, FormatStringHelperImpl<String, std::type_identity<$T>::type...>, $T&&...) const @ 0x0000000012935840
6. src/Access/ContextAccess.cpp:0: bool DB::ContextAccess::checkAccessImplHelper<true, false, false>(std::shared_ptr<DB::Context const> const&, DB::AccessFlags) const @ 0x0000000012935188
7. src/Access/ContextAccess.cpp:856:12: DB::ContextAccess::checkAccess(std::shared_ptr<DB::Context const> const&, DB::AccessFlags const&) const @ 0x000000001292a35c
8. src/Access/ContextAccess.h:271:79: DB::Context::checkAccess(DB::AccessFlags const&) const @ 0x0000000013abdab4
9. src/Functions/addressToSymbol.cpp:38:18: DB::(anonymous namespace)::FunctionAddressToSymbol::create(std::shared_ptr<DB::Context const>) @ 0x000000000a94da78
10. contrib/llvm-project/libcxx/include/__functional/function.h:502:12: ? @ 0x0000000011eb3204
11. contrib/llvm-project/libcxx/include/__functional/function.h:502:12: ? @ 0x0000000011eb110c
12. src/Functions/FunctionFactory.cpp:183:17: DB::FunctionFactory::tryGet(String const&, std::shared_ptr<DB::Context const>) const @ 0x0000000011eb1d6c
13. src/Analyzer/Resolve/resolveFunction.cpp:1789:48: DB::QueryAnalyzer::resolveFunction(std::shared_ptr<DB::IQueryTreeNode>&, DB::IdentifierResolveScope&, bool) @ 0x00000000134ced4c
14. src/Analyzer/Resolve/QueryAnalyzer.cpp:3398:46: DB::QueryAnalyzer::resolveExpressionNode(std::shared_ptr<DB::IQueryTreeNode>&, DB::IdentifierResolveScope&, bool, bool, bool, bool) @ 0x0000000013247960
15. src/Analyzer/Resolve/QueryAnalyzer.cpp:3634:49: DB::QueryAnalyzer::resolveExpressionNodeList(std::shared_ptr<DB::IQueryTreeNode>&, DB::IdentifierResolveScope&, bool, bool, bool) @ 0x0000000013246e30
16. src/Analyzer/Resolve/resolveFunction.cpp:1202:39: DB::QueryAnalyzer::resolveFunction(std::shared_ptr<DB::IQueryTreeNode>&, DB::IdentifierResolveScope&, bool) @ 0x00000000134cb544
17. src/Analyzer/Resolve/QueryAnalyzer.cpp:3398:46: DB::QueryAnalyzer::resolveExpressionNode(std::shared_ptr<DB::IQueryTreeNode>&, DB::IdentifierResolveScope&, bool, bool, bool, bool) @ 0x0000000013247960
18. src/Analyzer/Resolve/QueryAnalyzer.cpp:3023:36: DB::QueryAnalyzer::resolveLambda(std::shared_ptr<DB::IQueryTreeNode> const&, std::shared_ptr<DB::IQueryTreeNode> const&, std::vector<std::shared_ptr<DB::IQueryTreeNode>, std::allocator<std::shared_ptr<DB::IQueryTreeNode>>> const&, DB::IdentifierResolveScope&) @ 0x00000000132601b8
19. src/Analyzer/Resolve/resolveFunction.cpp:1971:39: DB::QueryAnalyzer::resolveFunction(std::shared_ptr<DB::IQueryTreeNode>&, DB::IdentifierResolveScope&, bool) @ 0x00000000134ce514
20. src/Analyzer/Resolve/QueryAnalyzer.cpp:3398:46: DB::QueryAnalyzer::resolveExpressionNode(std::shared_ptr<DB::IQueryTreeNode>&, DB::IdentifierResolveScope&, bool, bool, bool, bool) @ 0x0000000013247960
21. src/Analyzer/Resolve/QueryAnalyzer.cpp:3634:49: DB::QueryAnalyzer::resolveExpressionNodeList(std::shared_ptr<DB::IQueryTreeNode>&, DB::IdentifierResolveScope&, bool, bool, bool) @ 0x0000000013246e30
22. src/Analyzer/Resolve/resolveFunction.cpp:1202:39: DB::QueryAnalyzer::resolveFunction(std::shared_ptr<DB::IQueryTreeNode>&, DB::IdentifierResolveScope&, bool) @ 0x00000000134cb544
23. src/Analyzer/Resolve/QueryAnalyzer.cpp:3398:46: DB::QueryAnalyzer::resolveExpressionNode(std::shared_ptr<DB::IQueryTreeNode>&, DB::IdentifierResolveScope&, bool, bool, bool, bool) @ 0x0000000013247960
24. src/Analyzer/Resolve/QueryAnalyzer.cpp:3634:49: DB::QueryAnalyzer::resolveExpressionNodeList(std::shared_ptr<DB::IQueryTreeNode>&, DB::IdentifierResolveScope&, bool, bool, bool) @ 0x0000000013246e30
25. src/Analyzer/Resolve/QueryAnalyzer.cpp:4063:40: DB::QueryAnalyzer::resolveProjectionExpressionNodeList(std::shared_ptr<DB::IQueryTreeNode>&, DB::IdentifierResolveScope&) @ 0x000000001326549c
26. src/Analyzer/Resolve/QueryAnalyzer.cpp:6277:30: DB::QueryAnalyzer::resolveQuery(std::shared_ptr<DB::IQueryTreeNode> const&, DB::IdentifierResolveScope&) @ 0x0000000013241b88
27. src/Analyzer/Resolve/QueryAnalyzer.cpp:205:13: DB::QueryAnalyzer::resolve(std::shared_ptr<DB::IQueryTreeNode>&, std::shared_ptr<DB::ITableExpressionNode> const&, std::shared_ptr<DB::Context const>) @ 0x0000000013240c4c
28. src/Analyzer/Resolve/QueryAnalysisPass.cpp:19:14: DB::QueryAnalysisPass::run(std::shared_ptr<DB::IQueryTreeNode>&, std::shared_ptr<DB::Context const>) @ 0x00000000132400e0
29. src/Analyzer/QueryTreePassManager.cpp:201:20: DB::QueryTreePassManager::run(std::shared_ptr<DB::IQueryTreeNode>&) @ 0x0000000013297338
30. src/Interpreters/InterpreterSelectQueryAnalyzer.cpp:266:33: DB::buildQueryTreeAndRunPasses(boost::intrusive_ptr<DB::IAST> const&, DB::SelectQueryOptions const&, std::shared_ptr<DB::Context const> const&, std::shared_ptr<DB::IStorage> const&) @ 0x0000000013d7f97c
31. src/Interpreters/InterpreterSelectQueryAnalyzer.cpp:284:18: DB::InterpreterSelectQueryAnalyzer::InterpreterSelectQueryAnalyzer(boost::intrusive_ptr<DB::IAST> const&, std::shared_ptr<DB::Context const> const&, DB::SelectQueryOptions const&, std::vector<String, std::allocator<String>> const&, DB::ActionsDAG const*) @ 0x0000000013d7db90

2026.08.02 13:52:35.014435 [ 956474 ] {} <Warning> Application: Integrity check of the executable skipped because the reference checksum could not be read.
2026.08.02 13:52:35.031689 [ 956474 ] {} <Warning> Context: Delay accounting is not enabled, OSIOWaitMicroseconds will not be gathered. You can enable it using `sudo sh -c 'echo 1 > /proc/sys/kernel/task_delayacct'` or by using sysctl.
2026.08.02 13:53:19.867241 [ 956487 ] {0948f151-427d-4c4e-8a89-b7317d8c6de1} <Error> executeQuery: Code: 47. DB::Exception: Unknown expression identifier `name` in scope SELECT name FROM system.processes WHERE 0. (UNKNOWN_IDENTIFIER) (version 26.8.1.1) (from 127.0.0.1:43140) (query 1, line 2) (in query: SELECT name FROM system.processes WHERE 0 ), Stack trace (when copying this message, always include the lines below):

0. base/poco/Foundation/src/Exception.cpp:32:1: Poco::Exception::Exception(String&&, int) @ 0x000000001dd87678
1. src/Common/Exception.cpp:158:7: DB::Exception::Exception(DB::Exception::MessageMasked&&, int, bool) @ 0x000000000eb6c18c
2. src/Common/Exception.h:201:100: DB::Exception::Exception(String&&, int, String, bool) @ 0x000000000995c358
3. src/Common/Exception.h:57:54: DB::Exception::Exception(PreformattedMessage&&, int) @ 0x000000000995bd8c
4. src/Common/Exception.h:219:77: DB::Exception::Exception<char const*, String&, String, String, String>(int, FormatStringHelperImpl<std::type_identity<char const*>::type, std::type_identity<String&>::type, std::type_identity<String>::type, std::type_identity<String>::type, std::type_identity<String>::type>, char const*&&, String&, String&&, String&&, String&&) @ 0x00000000132637e8
5. src/Analyzer/Resolve/QueryAnalyzer.cpp:3325:27: DB::QueryAnalyzer::resolveExpressionNode(std::shared_ptr<DB::IQueryTreeNode>&, DB::IdentifierResolveScope&, bool, bool, bool, bool) @ 0x00000000132494d0
6. src/Analyzer/Resolve/QueryAnalyzer.cpp:3634:49: DB::QueryAnalyzer::resolveExpressionNodeList(std::shared_ptr<DB::IQueryTreeNode>&, DB::IdentifierResolveScope&, bool, bool, bool) @ 0x0000000013246e30
7. src/Analyzer/Resolve/QueryAnalyzer.cpp:4063:40: DB::QueryAnalyzer::resolveProjectionExpressionNodeList(std::shared_ptr<DB::IQueryTreeNode>&, DB::IdentifierResolveScope&) @ 0x000000001326549c
8. src/Analyzer/Resolve/QueryAnalyzer.cpp:6277:30: DB::QueryAnalyzer::resolveQuery(std::shared_ptr<DB::IQueryTreeNode> const&, DB::IdentifierResolveScope&) @ 0x0000000013241b88
9. src/Analyzer/Resolve/QueryAnalyzer.cpp:205:13: DB::QueryAnalyzer::resolve(std::shared_ptr<DB::IQueryTreeNode>&, std::shared_ptr<DB::ITableExpressionNode> const&, std::shared_ptr<DB::Context const>) @ 0x0000000013240c4c
10. src/Analyzer/Resolve/QueryAnalysisPass.cpp:19:14: DB::QueryAnalysisPass::run(std::shared_ptr<DB::IQueryTreeNode>&, std::shared_ptr<DB::Context const>) @ 0x00000000132400e0
11. src/Analyzer/QueryTreePassManager.cpp:201:20: DB::QueryTreePassManager::run(std::shared_ptr<DB::IQueryTreeNode>&) @ 0x0000000013297338
12. src/Interpreters/InterpreterSelectQueryAnalyzer.cpp:266:33: DB::buildQueryTreeAndRunPasses(boost::intrusive_ptr<DB::IAST> const&, DB::SelectQueryOptions const&, std::shared_ptr<DB::Context const> const&, std::shared_ptr<DB::IStorage> const&) @ 0x0000000013d7f97c
13. src/Interpreters/InterpreterSelectQueryAnalyzer.cpp:284:18: DB::InterpreterSelectQueryAnalyzer::InterpreterSelectQueryAnalyzer(boost::intrusive_ptr<DB::IAST> const&, std::shared_ptr<DB::Context const> const&, DB::SelectQueryOptions const&, std::vector<String, std::allocator<String>> const&, DB::ActionsDAG const*) @ 0x0000000013d7db90
14. contrib/llvm-project/libcxx/include/__memory/unique_ptr.h:770:30: std::unique_ptr<DB::InterpreterSelectQueryAnalyzer, std::default_delete<DB::InterpreterSelectQueryAnalyzer>> std::make_unique[abi:fqe220101]<DB::InterpreterSelectQueryAnalyzer, boost::intrusive_ptr<DB::IAST>&, std::shared_ptr<DB::Context> const&, DB::SelectQueryOptions const&, 0>(boost::intrusive_ptr<DB::IAST>&, std::shared_ptr<DB::Context> const&, DB::SelectQueryOptions const&) @ 0x0000000013d8560c
15. contrib/llvm-project/libcxx/include/__functional/function.h:502:12: ? @ 0x0000000013d37850
16. src/Interpreters/executeQuery.cpp:1881:66: DB::executeQueryImpl(char const*, char const*, std::shared_ptr<DB::Context>, DB::QueryFlags, DB::QueryProcessingStage::Enum, std::unique_ptr<DB::ReadBuffer, std::default_delete<DB::ReadBuffer>>&, boost::intrusive_ptr<DB::IAST>&, std::shared_ptr<DB::ImplicitTransactionControlExecutor>, std::function<void ()>, DB::QueryResultDetails&) @ 0x00000000141489c4
17. src/Interpreters/executeQuery.cpp:2438:11: DB::executeQuery(std::basic_string_view<char, std::char_traits<char>>, std::shared_ptr<DB::Context>, DB::QueryFlags, DB::QueryProcessingStage::Enum) @ 0x0000000014144890
18. src/Server/TCPHandler.cpp:899:68: DB::TCPHandler::runImpl() @ 0x000000001927e440
19. src/Server/TCPHandler.cpp:3354:9: DB::TCPHandler::run() @ 0x000000001929c204
20. base/poco/Net/src/TCPServerConnection.cpp:40:3: Poco::Net::TCPServerConnection::start() @ 0x000000001de01258
21. base/poco/Net/src/TCPServerDispatcher.cpp:115:42: Poco::Net::TCPServerDispatcher::run() @ 0x000000001de01818
22. base/poco/Foundation/src/ThreadPool.cpp:207:14: Poco::PooledThread::run() @ 0x000000001ddc1f58
23. base/poco/Foundation/src/Thread_POSIX.cpp:341:27: Poco::ThreadImpl::runnableEntry(void*) @ 0x000000001ddc0274
24. ? @ 0x000000000008c248
25. ? @ 0x00000000000f6adc

2026.08.02 13:53:19.867483 [ 956487 ] {} <Error> TCPHandler: Code: 47. DB::Exception: Unknown expression identifier `name` in scope SELECT name FROM system.processes WHERE 0. (UNKNOWN_IDENTIFIER), Stack trace (when copying this message, always include the lines below):

0. base/poco/Foundation/src/Exception.cpp:32:1: Poco::Exception::Exception(String&&, int) @ 0x000000001dd87678
1. src/Common/Exception.cpp:158:7: DB::Exception::Exception(DB::Exception::MessageMasked&&, int, bool) @ 0x000000000eb6c18c
2. src/Common/Exception.h:201:100: DB::Exception::Exception(String&&, int, String, bool) @ 0x000000000995c358
3. src/Common/Exception.h:57:54: DB::Exception::Exception(PreformattedMessage&&, int) @ 0x000000000995bd8c
4. src/Common/Exception.h:219:77: DB::Exception::Exception<char const*, String&, String, String, String>(int, FormatStringHelperImpl<std::type_identity<char const*>::type, std::type_identity<String&>::type, std::type_identity<String>::type, std::type_identity<String>::type, std::type_identity<String>::type>, char const*&&, String&, String&&, String&&, String&&) @ 0x00000000132637e8
5. src/Analyzer/Resolve/QueryAnalyzer.cpp:3325:27: DB::QueryAnalyzer::resolveExpressionNode(std::shared_ptr<DB::IQueryTreeNode>&, DB::IdentifierResolveScope&, bool, bool, bool, bool) @ 0x00000000132494d0
6. src/Analyzer/Resolve/QueryAnalyzer.cpp:3634:49: DB::QueryAnalyzer::resolveExpressionNodeList(std::shared_ptr<DB::IQueryTreeNode>&, DB::IdentifierResolveScope&, bool, bool, bool) @ 0x0000000013246e30
7. src/Analyzer/Resolve/QueryAnalyzer.cpp:4063:40: DB::QueryAnalyzer::resolveProjectionExpressionNodeList(std::shared_ptr<DB::IQueryTreeNode>&, DB::IdentifierResolveScope&) @ 0x000000001326549c
8. src/Analyzer/Resolve/QueryAnalyzer.cpp:6277:30: DB::QueryAnalyzer::resolveQuery(std::shared_ptr<DB::IQueryTreeNode> const&, DB::IdentifierResolveScope&) @ 0x0000000013241b88
9. src/Analyzer/Resolve/QueryAnalyzer.cpp:205:13: DB::QueryAnalyzer::resolve(std::shared_ptr<DB::IQueryTreeNode>&, std::shared_ptr<DB::ITableExpressionNode> const&, std::shared_ptr<DB::Context const>) @ 0x0000000013240c4c
10. src/Analyzer/Resolve/QueryAnalysisPass.cpp:19:14: DB::QueryAnalysisPass::run(std::shared_ptr<DB::IQueryTreeNode>&, std::shared_ptr<DB::Context const>) @ 0x00000000132400e0
11. src/Analyzer/QueryTreePassManager.cpp:201:20: DB::QueryTreePassManager::run(std::shared_ptr<DB::IQueryTreeNode>&) @ 0x0000000013297338
12. src/Interpreters/InterpreterSelectQueryAnalyzer.cpp:266:33: DB::buildQueryTreeAndRunPasses(boost::intrusive_ptr<DB::IAST> const&, DB::SelectQueryOptions const&, std::shared_ptr<DB::Context const> const&, std::shared_ptr<DB::IStorage> const&) @ 0x0000000013d7f97c
13. src/Interpreters/InterpreterSelectQueryAnalyzer.cpp:284:18: DB::InterpreterSelectQueryAnalyzer::InterpreterSelectQueryAnalyzer(boost::intrusive_ptr<DB::IAST> const&, std::shared_ptr<DB::Context const> const&, DB::SelectQueryOptions const&, std::vector<String, std::allocator<String>> const&, DB::ActionsDAG const*) @ 0x0000000013d7db90
14. contrib/llvm-project/libcxx/include/__memory/unique_ptr.h:770:30: std::unique_ptr<DB::InterpreterSelectQueryAnalyzer, std::default_delete<DB::InterpreterSelectQueryAnalyzer>> std::make_unique[abi:fqe220101]<DB::InterpreterSelectQueryAnalyzer, boost::intrusive_ptr<DB::IAST>&, std::shared_ptr<DB::Context> const&, DB::SelectQueryOptions const&, 0>(boost::intrusive_ptr<DB::IAST>&, std::shared_ptr<DB::Context> const&, DB::SelectQueryOptions const&) @ 0x0000000013d8560c
15. contrib/llvm-project/libcxx/include/__functional/function.h:502:12: ? @ 0x0000000013d37850
16. src/Interpreters/executeQuery.cpp:1881:66: DB::executeQueryImpl(char const*, char const*, std::shared_ptr<DB::Context>, DB::QueryFlags, DB::QueryProcessingStage::Enum, std::unique_ptr<DB::ReadBuffer, std::default_delete<DB::ReadBuffer>>&, boost::intrusive_ptr<DB::IAST>&, std::shared_ptr<DB::ImplicitTransactionControlExecutor>, std::function<void ()>, DB::QueryResultDetails&) @ 0x00000000141489c4
17. src/Interpreters/executeQuery.cpp:2438:11: DB::executeQuery(std::basic_string_view<char, std::char_traits<char>>, std::shared_ptr<DB::Context>, DB::QueryFlags, DB::QueryProcessingStage::Enum) @ 0x0000000014144890
18. src/Server/TCPHandler.cpp:899:68: DB::TCPHandler::runImpl() @ 0x000000001927e440
19. src/Server/TCPHandler.cpp:3354:9: DB::TCPHandler::run() @ 0x000000001929c204
20. base/poco/Net/src/TCPServerConnection.cpp:40:3: Poco::Net::TCPServerConnection::start() @ 0x000000001de01258
21. base/poco/Net/src/TCPServerDispatcher.cpp:115:42: Poco::Net::TCPServerDispatcher::run() @ 0x000000001de01818
22. base/poco/Foundation/src/ThreadPool.cpp:207:14: Poco::PooledThread::run() @ 0x000000001ddc1f58
23. base/poco/Foundation/src/Thread_POSIX.cpp:341:27: Poco::ThreadImpl::runnableEntry(void*) @ 0x000000001ddc0274
24. ? @ 0x000000000008c248
25. ? @ 0x00000000000f6adc

2026.08.02 13:53:34.585247 [ 956487 ] {30d2f38d-0547-45dc-83eb-5b9dfd1b2c53} <Error> executeQuery: Code: 48. DB::Exception: ANY FULL JOINs are not implemented. (NOT_IMPLEMENTED) (version 26.8.1.1) (from 127.0.0.1:55190) (query 1, line 1) (in query: WITH l AS (SELECT number % 1000 AS k, toString(number % 700) AS s FROM numbers(5000)), r AS (SELECT number % 1300 AS k, toInt64(number) AS v, toString(number % 900) AS s FROM numbers(4000)) SELECT count(), sum(ifNull(l.k, -1)), sum(ifNull(r.v, -1)) FROM l FULL ANY JOIN r ON l.k = r.k), Stack trace (when copying this message, always include the lines below):

0. base/poco/Foundation/src/Exception.cpp:32:1: Poco::Exception::Exception(String&&, int) @ 0x000000001dd87678
1. src/Common/Exception.cpp:158:7: DB::Exception::Exception(DB::Exception::MessageMasked&&, int, bool) @ 0x000000000eb6c18c
2. src/Common/Exception.h:201:100: DB::Exception::Exception(String&&, int, String, bool) @ 0x000000000995c358
3. src/Common/Exception.h:57:54: DB::Exception::Exception(PreformattedMessage&&, int) @ 0x000000000995bd8c
4. src/Common/Exception.h:219:77: DB::Exception::Exception<>(int, FormatStringHelperImpl<>) @ 0x000000000eb6ad14
5. src/Analyzer/QueryTreeBuilder.cpp:1140:23: DB::(anonymous namespace)::QueryTreeBuilder::buildSelectExpression(boost::intrusive_ptr<DB::IAST> const&, bool, DB::(anonymous namespace)::QueryTreeBuilder::CommonTableExpressionData const&, boost::intrusive_ptr<DB::IAST> const&, std::shared_ptr<DB::Context const> const&) const @ 0x000000001322f2bc
6. src/Analyzer/QueryTreeBuilder.cpp:179:22: DB::(anonymous namespace)::QueryTreeBuilder::buildSelectOrUnionExpression(boost::intrusive_ptr<DB::IAST> const&, bool, DB::(anonymous namespace)::QueryTreeBuilder::CommonTableExpressionData const&, boost::intrusive_ptr<DB::IAST> const&, std::shared_ptr<DB::Context const> const&) const @ 0x0000000013227f30
7. src/Analyzer/QueryTreeBuilder.cpp:175:22: DB::(anonymous namespace)::QueryTreeBuilder::buildSelectOrUnionExpression(boost::intrusive_ptr<DB::IAST> const&, bool, DB::(anonymous namespace)::QueryTreeBuilder::CommonTableExpressionData const&, boost::intrusive_ptr<DB::IAST> const&, std::shared_ptr<DB::Context const> const&) const @ 0x0000000013227ec8
8. src/Analyzer/QueryTreeBuilder.cpp:156:27: DB::buildQueryTree(boost::intrusive_ptr<DB::IAST>, std::shared_ptr<DB::Context const>) @ 0x000000001322757c
9. src/Interpreters/InterpreterSelectQueryAnalyzer.cpp:254:23: DB::buildQueryTreeAndRunPasses(boost::intrusive_ptr<DB::IAST> const&, DB::SelectQueryOptions const&, std::shared_ptr<DB::Context const> const&, std::shared_ptr<DB::IStorage> const&) @ 0x0000000013d7f904
10. src/Interpreters/InterpreterSelectQueryAnalyzer.cpp:284:18: DB::InterpreterSelectQueryAnalyzer::InterpreterSelectQueryAnalyzer(boost::intrusive_ptr<DB::IAST> const&, std::shared_ptr<DB::Context const> const&, DB::SelectQueryOptions const&, std::vector<String, std::allocator<String>> const&, DB::ActionsDAG const*) @ 0x0000000013d7db90
11. contrib/llvm-project/libcxx/include/__memory/unique_ptr.h:770:30: std::unique_ptr<DB::InterpreterSelectQueryAnalyzer, std::default_delete<DB::InterpreterSelectQueryAnalyzer>> std::make_unique[abi:fqe220101]<DB::InterpreterSelectQueryAnalyzer, boost::intrusive_ptr<DB::IAST>&, std::shared_ptr<DB::Context> const&, DB::SelectQueryOptions const&, 0>(boost::intrusive_ptr<DB::IAST>&, std::shared_ptr<DB::Context> const&, DB::SelectQueryOptions const&) @ 0x0000000013d8560c
12. contrib/llvm-project/libcxx/include/__functional/function.h:502:12: ? @ 0x0000000013d37850
13. src/Interpreters/executeQuery.cpp:1881:66: DB::executeQueryImpl(char const*, char const*, std::shared_ptr<DB::Context>, DB::QueryFlags, DB::QueryProcessingStage::Enum, std::unique_ptr<DB::ReadBuffer, std::default_delete<DB::ReadBuffer>>&, boost::intrusive_ptr<DB::IAST>&, std::shared_ptr<DB::ImplicitTransactionControlExecutor>, std::function<void ()>, DB::QueryResultDetails&) @ 0x00000000141489c4
14. src/Interpreters/executeQuery.cpp:2438:11: DB::executeQuery(std::basic_string_view<char, std::char_traits<char>>, std::shared_ptr<DB::Context>, DB::QueryFlags, DB::QueryProcessingStage::Enum) @ 0x0000000014144890
15. src/Server/TCPHandler.cpp:899:68: DB::TCPHandler::runImpl() @ 0x000000001927e440
16. src/Server/TCPHandler.cpp:3354:9: DB::TCPHandler::run() @ 0x000000001929c204
17. base/poco/Net/src/TCPServerConnection.cpp:40:3: Poco::Net::TCPServerConnection::start() @ 0x000000001de01258
18. base/poco/Net/src/TCPServerDispatcher.cpp:115:42: Poco::Net::TCPServerDispatcher::run() @ 0x000000001de01818
19. base/poco/Foundation/src/ThreadPool.cpp:207:14: Poco::PooledThread::run() @ 0x000000001ddc1f58
20. base/poco/Foundation/src/Thread_POSIX.cpp:341:27: Poco::ThreadImpl::runnableEntry(void*) @ 0x000000001ddc0274
21. ? @ 0x000000000008c248
22. ? @ 0x00000000000f6adc

2026.08.02 13:53:34.585442 [ 956487 ] {} <Error> TCPHandler: Code: 48. DB::Exception: ANY FULL JOINs are not implemented. (NOT_IMPLEMENTED), Stack trace (when copying this message, always include the lines below):

0. base/poco/Foundation/src/Exception.cpp:32:1: Poco::Exception::Exception(String&&, int) @ 0x000000001dd87678
1. src/Common/Exception.cpp:158:7: DB::Exception::Exception(DB::Exception::MessageMasked&&, int, bool) @ 0x000000000eb6c18c
2. src/Common/Exception.h:201:100: DB::Exception::Exception(String&&, int, String, bool) @ 0x000000000995c358
3. src/Common/Exception.h:57:54: DB::Exception::Exception(PreformattedMessage&&, int) @ 0x000000000995bd8c
4. src/Common/Exception.h:219:77: DB::Exception::Exception<>(int, FormatStringHelperImpl<>) @ 0x000000000eb6ad14
5. src/Analyzer/QueryTreeBuilder.cpp:1140:23: DB::(anonymous namespace)::QueryTreeBuilder::buildSelectExpression(boost::intrusive_ptr<DB::IAST> const&, bool, DB::(anonymous namespace)::QueryTreeBuilder::CommonTableExpressionData const&, boost::intrusive_ptr<DB::IAST> const&, std::shared_ptr<DB::Context const> const&) const @ 0x000000001322f2bc
6. src/Analyzer/QueryTreeBuilder.cpp:179:22: DB::(anonymous namespace)::QueryTreeBuilder::buildSelectOrUnionExpression(boost::intrusive_ptr<DB::IAST> const&, bool, DB::(anonymous namespace)::QueryTreeBuilder::CommonTableExpressionData const&, boost::intrusive_ptr<DB::IAST> const&, std::shared_ptr<DB::Context const> const&) const @ 0x0000000013227f30
7. src/Analyzer/QueryTreeBuilder.cpp:175:22: DB::(anonymous namespace)::QueryTreeBuilder::buildSelectOrUnionExpression(boost::intrusive_ptr<DB::IAST> const&, bool, DB::(anonymous namespace)::QueryTreeBuilder::CommonTableExpressionData const&, boost::intrusive_ptr<DB::IAST> const&, std::shared_ptr<DB::Context const> const&) const @ 0x0000000013227ec8
8. src/Analyzer/QueryTreeBuilder.cpp:156:27: DB::buildQueryTree(boost::intrusive_ptr<DB::IAST>, std::shared_ptr<DB::Context const>) @ 0x000000001322757c
9. src/Interpreters/InterpreterSelectQueryAnalyzer.cpp:254:23: DB::buildQueryTreeAndRunPasses(boost::intrusive_ptr<DB::IAST> const&, DB::SelectQueryOptions const&, std::shared_ptr<DB::Context const> const&, std::shared_ptr<DB::IStorage> const&) @ 0x0000000013d7f904
10. src/Interpreters/InterpreterSelectQueryAnalyzer.cpp:284:18: DB::InterpreterSelectQueryAnalyzer::InterpreterSelectQueryAnalyzer(boost::intrusive_ptr<DB::IAST> const&, std::shared_ptr<DB::Context const> const&, DB::SelectQueryOptions const&, std::vector<String, std::allocator<String>> const&, DB::ActionsDAG const*) @ 0x0000000013d7db90
11. contrib/llvm-project/libcxx/include/__memory/unique_ptr.h:770:30: std::unique_ptr<DB::InterpreterSelectQueryAnalyzer, std::default_delete<DB::InterpreterSelectQueryAnalyzer>> std::make_unique[abi:fqe220101]<DB::InterpreterSelectQueryAnalyzer, boost::intrusive_ptr<DB::IAST>&, std::shared_ptr<DB::Context> const&, DB::SelectQueryOptions const&, 0>(boost::intrusive_ptr<DB::IAST>&, std::shared_ptr<DB::Context> const&, DB::SelectQueryOptions const&) @ 0x0000000013d8560c
12. contrib/llvm-project/libcxx/include/__functional/function.h:502:12: ? @ 0x0000000013d37850
13. src/Interpreters/executeQuery.cpp:1881:66: DB::executeQueryImpl(char const*, char const*, std::shared_ptr<DB::Context>, DB::QueryFlags, DB::QueryProcessingStage::Enum, std::unique_ptr<DB::ReadBuffer, std::default_delete<DB::ReadBuffer>>&, boost::intrusive_ptr<DB::IAST>&, std::shared_ptr<DB::ImplicitTransactionControlExecutor>, std::function<void ()>, DB::QueryResultDetails&) @ 0x00000000141489c4
14. src/Interpreters/executeQuery.cpp:2438:11: DB::executeQuery(std::basic_string_view<char, std::char_traits<char>>, std::shared_ptr<DB::Context>, DB::QueryFlags, DB::QueryProcessingStage::Enum) @ 0x0000000014144890
15. src/Server/TCPHandler.cpp:899:68: DB::TCPHandler::runImpl() @ 0x000000001927e440
16. src/Server/TCPHandler.cpp:3354:9: DB::TCPHandler::run() @ 0x000000001929c204
17. base/poco/Net/src/TCPServerConnection.cpp:40:3: Poco::Net::TCPServerConnection::start() @ 0x000000001de01258
18. base/poco/Net/src/TCPServerDispatcher.cpp:115:42: Poco::Net::TCPServerDispatcher::run() @ 0x000000001de01818
19. base/poco/Foundation/src/ThreadPool.cpp:207:14: Poco::PooledThread::run() @ 0x000000001ddc1f58
20. base/poco/Foundation/src/Thread_POSIX.cpp:341:27: Poco::ThreadImpl::runnableEntry(void*) @ 0x000000001ddc0274
21. ? @ 0x000000000008c248
22. ? @ 0x00000000000f6adc

2026.08.02 13:53:34.631587 [ 956487 ] {1412858e-613b-4ce4-b954-66d3df152546} <Error> executeQuery: Code: 48. DB::Exception: ANY FULL JOINs are not implemented. (NOT_IMPLEMENTED) (version 26.8.1.1) (from 127.0.0.1:55200) (query 1, line 1) (in query: WITH l AS (SELECT number % 1000 AS k, toString(number % 700) AS s FROM numbers(5000)), r AS (SELECT number % 1300 AS k, toInt64(number) AS v, toString(number % 900) AS s FROM numbers(4000)) SELECT count(), sum(ifNull(l.k, -1)), sum(ifNull(r.v, -1)) FROM l FULL ANY JOIN r ON l.k = r.k), Stack trace (when copying this message, always include the lines below):

0. base/poco/Foundation/src/Exception.cpp:32:1: Poco::Exception::Exception(String&&, int) @ 0x000000001dd87678
1. src/Common/Exception.cpp:158:7: DB::Exception::Exception(DB::Exception::MessageMasked&&, int, bool) @ 0x000000000eb6c18c
2. src/Common/Exception.h:201:100: DB::Exception::Exception(String&&, int, String, bool) @ 0x000000000995c358
3. src/Common/Exception.h:57:54: DB::Exception::Exception(PreformattedMessage&&, int) @ 0x000000000995bd8c
4. src/Common/Exception.h:219:77: DB::Exception::Exception<>(int, FormatStringHelperImpl<>) @ 0x000000000eb6ad14
5. src/Analyzer/QueryTreeBuilder.cpp:1140:23: DB::(anonymous namespace)::QueryTreeBuilder::buildSelectExpression(boost::intrusive_ptr<DB::IAST> const&, bool, DB::(anonymous namespace)::QueryTreeBuilder::CommonTableExpressionData const&, boost::intrusive_ptr<DB::IAST> const&, std::shared_ptr<DB::Context const> const&) const @ 0x000000001322f2bc
6. src/Analyzer/QueryTreeBuilder.cpp:179:22: DB::(anonymous namespace)::QueryTreeBuilder::buildSelectOrUnionExpression(boost::intrusive_ptr<DB::IAST> const&, bool, DB::(anonymous namespace)::QueryTreeBuilder::CommonTableExpressionData const&, boost::intrusive_ptr<DB::IAST> const&, std::shared_ptr<DB::Context const> const&) const @ 0x0000000013227f30
7. src/Analyzer/QueryTreeBuilder.cpp:175:22: DB::(anonymous namespace)::QueryTreeBuilder::buildSelectOrUnionExpression(boost::intrusive_ptr<DB::IAST> const&, bool, DB::(anonymous namespace)::QueryTreeBuilder::CommonTableExpressionData const&, boost::intrusive_ptr<DB::IAST> const&, std::shared_ptr<DB::Context const> const&) const @ 0x0000000013227ec8
8. src/Analyzer/QueryTreeBuilder.cpp:156:27: DB::buildQueryTree(boost::intrusive_ptr<DB::IAST>, std::shared_ptr<DB::Context const>) @ 0x000000001322757c
9. src/Interpreters/InterpreterSelectQueryAnalyzer.cpp:254:23: DB::buildQueryTreeAndRunPasses(boost::intrusive_ptr<DB::IAST> const&, DB::SelectQueryOptions const&, std::shared_ptr<DB::Context const> const&, std::shared_ptr<DB::IStorage> const&) @ 0x0000000013d7f904
10. src/Interpreters/InterpreterSelectQueryAnalyzer.cpp:284:18: DB::InterpreterSelectQueryAnalyzer::InterpreterSelectQueryAnalyzer(boost::intrusive_ptr<DB::IAST> const&, std::shared_ptr<DB::Context const> const&, DB::SelectQueryOptions const&, std::vector<String, std::allocator<String>> const&, DB::ActionsDAG const*) @ 0x0000000013d7db90
11. contrib/llvm-project/libcxx/include/__memory/unique_ptr.h:770:30: std::unique_ptr<DB::InterpreterSelectQueryAnalyzer, std::default_delete<DB::InterpreterSelectQueryAnalyzer>> std::make_unique[abi:fqe220101]<DB::InterpreterSelectQueryAnalyzer, boost::intrusive_ptr<DB::IAST>&, std::shared_ptr<DB::Context> const&, DB::SelectQueryOptions const&, 0>(boost::intrusive_ptr<DB::IAST>&, std::shared_ptr<DB::Context> const&, DB::SelectQueryOptions const&) @ 0x0000000013d8560c
12. contrib/llvm-project/libcxx/include/__functional/function.h:502:12: ? @ 0x0000000013d37850
13. src/Interpreters/executeQuery.cpp:1881:66: DB::executeQueryImpl(char const*, char const*, std::shared_ptr<DB::Context>, DB::QueryFlags, DB::QueryProcessingStage::Enum, std::unique_ptr<DB::ReadBuffer, std::default_delete<DB::ReadBuffer>>&, boost::intrusive_ptr<DB::IAST>&, std::shared_ptr<DB::ImplicitTransactionControlExecutor>, std::function<void ()>, DB::QueryResultDetails&) @ 0x00000000141489c4
14. src/Interpreters/executeQuery.cpp:2438:11: DB::executeQuery(std::basic_string_view<char, std::char_traits<char>>, std::shared_ptr<DB::Context>, DB::QueryFlags, DB::QueryProcessingStage::Enum) @ 0x0000000014144890
15. src/Server/TCPHandler.cpp:899:68: DB::TCPHandler::runImpl() @ 0x000000001927e440
16. src/Server/TCPHandler.cpp:3354:9: DB::TCPHandler::run() @ 0x000000001929c204
17. base/poco/Net/src/TCPServerConnection.cpp:40:3: Poco::Net::TCPServerConnection::start() @ 0x000000001de01258
18. base/poco/Net/src/TCPServerDispatcher.cpp:115:42: Poco::Net::TCPServerDispatcher::run() @ 0x000000001de01818
19. base/poco/Foundation/src/ThreadPool.cpp:207:14: Poco::PooledThread::run() @ 0x000000001ddc1f58
20. base/poco/Foundation/src/Thread_POSIX.cpp:341:27: Poco::ThreadImpl::runnableEntry(void*) @ 0x000000001ddc0274
21. ? @ 0x000000000008c248
22. ? @ 0x00000000000f6adc

2026.08.02 13:53:34.631720 [ 956487 ] {} <Error> TCPHandler: Code: 48. DB::Exception: ANY FULL JOINs are not implemented. (NOT_IMPLEMENTED), Stack trace (when copying this message, always include the lines below):

0. base/poco/Foundation/src/Exception.cpp:32:1: Poco::Exception::Exception(String&&, int) @ 0x000000001dd87678
1. src/Common/Exception.cpp:158:7: DB::Exception::Exception(DB::Exception::MessageMasked&&, int, bool) @ 0x000000000eb6c18c
2. src/Common/Exception.h:201:100: DB::Exception::Exception(String&&, int, String, bool) @ 0x000000000995c358
3. src/Common/Exception.h:57:54: DB::Exception::Exception(PreformattedMessage&&, int) @ 0x000000000995bd8c
4. src/Common/Exception.h:219:77: DB::Exception::Exception<>(int, FormatStringHelperImpl<>) @ 0x000000000eb6ad14
5. src/Analyzer/QueryTreeBuilder.cpp:1140:23: DB::(anonymous namespace)::QueryTreeBuilder::buildSelectExpression(boost::intrusive_ptr<DB::IAST> const&, bool, DB::(anonymous namespace)::QueryTreeBuilder::CommonTableExpressionData const&, boost::intrusive_ptr<DB::IAST> const&, std::shared_ptr<DB::Context const> const&) const @ 0x000000001322f2bc
6. src/Analyzer/QueryTreeBuilder.cpp:179:22: DB::(anonymous namespace)::QueryTreeBuilder::buildSelectOrUnionExpression(boost::intrusive_ptr<DB::IAST> const&, bool, DB::(anonymous namespace)::QueryTreeBuilder::CommonTableExpressionData const&, boost::intrusive_ptr<DB::IAST> const&, std::shared_ptr<DB::Context const> const&) const @ 0x0000000013227f30
7. src/Analyzer/QueryTreeBuilder.cpp:175:22: DB::(anonymous namespace)::QueryTreeBuilder::buildSelectOrUnionExpression(boost::intrusive_ptr<DB::IAST> const&, bool, DB::(anonymous namespace)::QueryTreeBuilder::CommonTableExpressionData const&, boost::intrusive_ptr<DB::IAST> const&, std::shared_ptr<DB::Context const> const&) const @ 0x0000000013227ec8
8. src/Analyzer/QueryTreeBuilder.cpp:156:27: DB::buildQueryTree(boost::intrusive_ptr<DB::IAST>, std::shared_ptr<DB::Context const>) @ 0x000000001322757c
9. src/Interpreters/InterpreterSelectQueryAnalyzer.cpp:254:23: DB::buildQueryTreeAndRunPasses(boost::intrusive_ptr<DB::IAST> const&, DB::SelectQueryOptions const&, std::shared_ptr<DB::Context const> const&, std::shared_ptr<DB::IStorage> const&) @ 0x0000000013d7f904
10. src/Interpreters/InterpreterSelectQueryAnalyzer.cpp:284:18: DB::InterpreterSelectQueryAnalyzer::InterpreterSelectQueryAnalyzer(boost::intrusive_ptr<DB::IAST> const&, std::shared_ptr<DB::Context const> const&, DB::SelectQueryOptions const&, std::vector<String, std::allocator<String>> const&, DB::ActionsDAG const*) @ 0x0000000013d7db90
11. contrib/llvm-project/libcxx/include/__memory/unique_ptr.h:770:30: std::unique_ptr<DB::InterpreterSelectQueryAnalyzer, std::default_delete<DB::InterpreterSelectQueryAnalyzer>> std::make_unique[abi:fqe220101]<DB::InterpreterSelectQueryAnalyzer, boost::intrusive_ptr<DB::IAST>&, std::shared_ptr<DB::Context> const&, DB::SelectQueryOptions const&, 0>(boost::intrusive_ptr<DB::IAST>&, std::shared_ptr<DB::Context> const&, DB::SelectQueryOptions const&) @ 0x0000000013d8560c
12. contrib/llvm-project/libcxx/include/__functional/function.h:502:12: ? @ 0x0000000013d37850
13. src/Interpreters/executeQuery.cpp:1881:66: DB::executeQueryImpl(char const*, char const*, std::shared_ptr<DB::Context>, DB::QueryFlags, DB::QueryProcessingStage::Enum, std::unique_ptr<DB::ReadBuffer, std::default_delete<DB::ReadBuffer>>&, boost::intrusive_ptr<DB::IAST>&, std::shared_ptr<DB::ImplicitTransactionControlExecutor>, std::function<void ()>, DB::QueryResultDetails&) @ 0x00000000141489c4
14. src/Interpreters/executeQuery.cpp:2438:11: DB::executeQuery(std::basic_string_view<char, std::char_traits<char>>, std::shared_ptr<DB::Context>, DB::QueryFlags, DB::QueryProcessingStage::Enum) @ 0x0000000014144890
15. src/Server/TCPHandler.cpp:899:68: DB::TCPHandler::runImpl() @ 0x000000001927e440
16. src/Server/TCPHandler.cpp:3354:9: DB::TCPHandler::run() @ 0x000000001929c204
17. base/poco/Net/src/TCPServerConnection.cpp:40:3: Poco::Net::TCPServerConnection::start() @ 0x000000001de01258
18. base/poco/Net/src/TCPServerDispatcher.cpp:115:42: Poco::Net::TCPServerDispatcher::run() @ 0x000000001de01818
19. base/poco/Foundation/src/ThreadPool.cpp:207:14: Poco::PooledThread::run() @ 0x000000001ddc1f58
20. base/poco/Foundation/src/Thread_POSIX.cpp:341:27: Poco::ThreadImpl::runnableEntry(void*) @ 0x000000001ddc0274
21. ? @ 0x000000000008c248
22. ? @ 0x00000000000f6adc

2026.08.02 13:53:38.021181 [ 956487 ] {7aa8c565-49c1-4ac1-b7d5-ab9f3dd2188c} <Error> executeQuery: Code: 290. DB::Exception: Too many grace hash join buckets (2048 > 1024), consider increasing grace_hash_join_max_buckets or max_rows_in_join/max_bytes_in_join: While executing DelayedJoinedBlocksTransform. (LIMIT_EXCEEDED) (version 26.8.1.1) (from 127.0.0.1:55636) (query 1, line 1) (in query: WITH l AS (SELECT number % 1000 AS k, toString(number % 700) AS s FROM numbers(5000)), r AS (SELECT number % 1300 AS k, toInt64(number) AS v, toString(number % 900) AS s FROM numbers(4000)) SELECT count(), sum(ifNull(r.v, -1)) FROM l INNER JOIN r ON l.k = r.k), Stack trace (when copying this message, always include the lines below):

0. base/poco/Foundation/src/Exception.cpp:32:1: Poco::Exception::Exception(String&&, int) @ 0x000000001dd87678
1. src/Common/Exception.cpp:158:7: DB::Exception::Exception(DB::Exception::MessageMasked&&, int, bool) @ 0x000000000eb6c18c
2. src/Common/Exception.h:201:100: DB::Exception::Exception(String&&, int, String, bool) @ 0x000000000995c358
3. src/Common/Exception.h:57:54: DB::Exception::Exception(PreformattedMessage&&, int) @ 0x000000000995bd8c
4. src/Common/Exception.h:219:77: DB::Exception::Exception<unsigned long const&, unsigned long const&>(int, FormatStringHelperImpl<std::type_identity<unsigned long const&>::type, std::type_identity<unsigned long const&>::type>, unsigned long const&, unsigned long const&) @ 0x000000000a95119c
5. src/Interpreters/GraceHashJoin.cpp:390:15: DB::GraceHashJoin::rehashBuckets() @ 0x0000000013c70d40
6. src/Interpreters/GraceHashJoin.cpp:827:28: DB::GraceHashJoin::addBlockToJoinImpl(DB::Block) @ 0x0000000013c6f3d0
7. src/Interpreters/GraceHashJoin.cpp:722:13: DB::GraceHashJoin::getDelayedBlocks() @ 0x0000000013c72b38
8. src/Processors/Transforms/JoiningTransform.cpp:549:28: DB::DelayedJoinedBlocksTransform::work() @ 0x00000000196c8668
9. src/Processors/Executors/ExecutionThreadContext.cpp:57:28: DB::ExecutionThreadContext::executeTask() @ 0x000000001942fb0c
10. src/Processors/Executors/PipelineExecutor.cpp:384:26: DB::PipelineExecutor::executeStepImpl(unsigned long, DB::WorkloadResources&&, std::atomic<bool>*) @ 0x0000000019424724
11. src/Processors/Executors/PipelineExecutor.cpp:352:5: void std::__function::__policy_func<void ()>::__call_func[abi:fqe220101]<DB::PipelineExecutor::spawnThreads(std::shared_ptr<DB::IAcquiredSlot>)::$_0>(std::__function::__policy_storage const*) @ 0x0000000019427828
12. contrib/llvm-project/libcxx/include/__functional/function.h:502:12: ? @ 0x000000000ed65544
13. contrib/llvm-project/libcxx/include/__functional/function.h:502:12: ? @ 0x000000000ed6cd3c
14. contrib/llvm-project/libcxx/include/__functional/function.h:502:12: ? @ 0x000000000ed63244
15. contrib/llvm-project/libcxx/include/__type_traits/invoke.h:0: void* std::__thread_proxy[abi:fqe220101]<std::tuple<std::unique_ptr<std::__thread_struct, std::default_delete<std::__thread_struct>>, void (ThreadPoolImpl<std::thread>::ThreadFromThreadPool::*)(), ThreadPoolImpl<std::thread>::ThreadFromThreadPool*>>(void*) @ 0x000000000ed6a808
16. ? @ 0x000000000008c248
17. ? @ 0x00000000000f6adc

2026.08.02 13:53:38.061592 [ 956487 ] {} <Error> TCPHandler: Code: 290. DB::Exception: Too many grace hash join buckets (2048 > 1024), consider increasing grace_hash_join_max_buckets or max_rows_in_join/max_bytes_in_join: While executing DelayedJoinedBlocksTransform. (LIMIT_EXCEEDED), Stack trace (when copying this message, always include the lines below):

0. base/poco/Foundation/src/Exception.cpp:32:1: Poco::Exception::Exception(String&&, int) @ 0x000000001dd87678
1. src/Common/Exception.cpp:158:7: DB::Exception::Exception(DB::Exception::MessageMasked&&, int, bool) @ 0x000000000eb6c18c
2. src/Common/Exception.h:201:100: DB::Exception::Exception(String&&, int, String, bool) @ 0x000000000995c358
3. src/Common/Exception.h:57:54: DB::Exception::Exception(PreformattedMessage&&, int) @ 0x000000000995bd8c
4. src/Common/Exception.h:219:77: DB::Exception::Exception<unsigned long const&, unsigned long const&>(int, FormatStringHelperImpl<std::type_identity<unsigned long const&>::type, std::type_identity<unsigned long const&>::type>, unsigned long const&, unsigned long const&) @ 0x000000000a95119c
5. src/Interpreters/GraceHashJoin.cpp:390:15: DB::GraceHashJoin::rehashBuckets() @ 0x0000000013c70d40
6. src/Interpreters/GraceHashJoin.cpp:827:28: DB::GraceHashJoin::addBlockToJoinImpl(DB::Block) @ 0x0000000013c6f3d0
7. src/Interpreters/GraceHashJoin.cpp:722:13: DB::GraceHashJoin::getDelayedBlocks() @ 0x0000000013c72b38
8. src/Processors/Transforms/JoiningTransform.cpp:549:28: DB::DelayedJoinedBlocksTransform::work() @ 0x00000000196c8668
9. src/Processors/Executors/ExecutionThreadContext.cpp:57:28: DB::ExecutionThreadContext::executeTask() @ 0x000000001942fb0c
10. src/Processors/Executors/PipelineExecutor.cpp:384:26: DB::PipelineExecutor::executeStepImpl(unsigned long, DB::WorkloadResources&&, std::atomic<bool>*) @ 0x0000000019424724
11. src/Processors/Executors/PipelineExecutor.cpp:352:5: void std::__function::__policy_func<void ()>::__call_func[abi:fqe220101]<DB::PipelineExecutor::spawnThreads(std::shared_ptr<DB::IAcquiredSlot>)::$_0>(std::__function::__policy_storage const*) @ 0x0000000019427828
12. contrib/llvm-project/libcxx/include/__functional/function.h:502:12: ? @ 0x000000000ed65544
13. contrib/llvm-project/libcxx/include/__functional/function.h:502:12: ? @ 0x000000000ed6cd3c
14. contrib/llvm-project/libcxx/include/__functional/function.h:502:12: ? @ 0x000000000ed63244
15. contrib/llvm-project/libcxx/include/__type_traits/invoke.h:0: void* std::__thread_proxy[abi:fqe220101]<std::tuple<std::unique_ptr<std::__thread_struct, std::default_delete<std::__thread_struct>>, void (ThreadPoolImpl<std::thread>::ThreadFromThreadPool::*)(), ThreadPoolImpl<std::thread>::ThreadFromThreadPool*>>(void*) @ 0x000000000ed6a808
16. ? @ 0x000000000008c248
17. ? @ 0x00000000000f6adc

2026.08.02 13:53:38.291410 [ 956487 ] {11935ccb-530e-47d2-abf3-82892d62c685} <Error> executeQuery: Code: 290. DB::Exception: Too many grace hash join buckets (2048 > 1024), consider increasing grace_hash_join_max_buckets or max_rows_in_join/max_bytes_in_join: While executing DelayedJoinedBlocksTransform. (LIMIT_EXCEEDED) (version 26.8.1.1) (from 127.0.0.1:55644) (query 1, line 1) (in query: WITH l AS (SELECT number % 1000 AS k, toString(number % 700) AS s FROM numbers(5000)), r AS (SELECT number % 1300 AS k, toInt64(number) AS v, toString(number % 900) AS s FROM numbers(4000)) SELECT count(), sum(ifNull(r.v, -1)) FROM l RIGHT JOIN r ON l.k = r.k), Stack trace (when copying this message, always include the lines below):

0. base/poco/Foundation/src/Exception.cpp:32:1: Poco::Exception::Exception(String&&, int) @ 0x000000001dd87678
1. src/Common/Exception.cpp:158:7: DB::Exception::Exception(DB::Exception::MessageMasked&&, int, bool) @ 0x000000000eb6c18c
2. src/Common/Exception.h:201:100: DB::Exception::Exception(String&&, int, String, bool) @ 0x000000000995c358
3. src/Common/Exception.h:57:54: DB::Exception::Exception(PreformattedMessage&&, int) @ 0x000000000995bd8c
4. src/Common/Exception.h:219:77: DB::Exception::Exception<unsigned long const&, unsigned long const&>(int, FormatStringHelperImpl<std::type_identity<unsigned long const&>::type, std::type_identity<unsigned long const&>::type>, unsigned long const&, unsigned long const&) @ 0x000000000a95119c
5. src/Interpreters/GraceHashJoin.cpp:390:15: DB::GraceHashJoin::rehashBuckets() @ 0x0000000013c70d40
6. src/Interpreters/GraceHashJoin.cpp:827:28: DB::GraceHashJoin::addBlockToJoinImpl(DB::Block) @ 0x0000000013c6f3d0
7. src/Interpreters/GraceHashJoin.cpp:722:13: DB::GraceHashJoin::getDelayedBlocks() @ 0x0000000013c72b38
8. src/Processors/Transforms/JoiningTransform.cpp:549:28: DB::DelayedJoinedBlocksTransform::work() @ 0x00000000196c8668
9. src/Processors/Executors/ExecutionThreadContext.cpp:57:28: DB::ExecutionThreadContext::executeTask() @ 0x000000001942fb0c
10. src/Processors/Executors/PipelineExecutor.cpp:384:26: DB::PipelineExecutor::executeStepImpl(unsigned long, DB::WorkloadResources&&, std::atomic<bool>*) @ 0x0000000019424724
11. src/Processors/Executors/PipelineExecutor.cpp:352:5: void std::__function::__policy_func<void ()>::__call_func[abi:fqe220101]<DB::PipelineExecutor::spawnThreads(std::shared_ptr<DB::IAcquiredSlot>)::$_0>(std::__function::__policy_storage const*) @ 0x0000000019427828
12. contrib/llvm-project/libcxx/include/__functional/function.h:502:12: ? @ 0x000000000ed65544
13. contrib/llvm-project/libcxx/include/__functional/function.h:502:12: ? @ 0x000000000ed6cd3c
14. contrib/llvm-project/libcxx/include/__functional/function.h:502:12: ? @ 0x000000000ed63244
15. contrib/llvm-project/libcxx/include/__type_traits/invoke.h:0: void* std::__thread_proxy[abi:fqe220101]<std::tuple<std::unique_ptr<std::__thread_struct, std::default_delete<std::__thread_struct>>, void (ThreadPoolImpl<std::thread>::ThreadFromThreadPool::*)(), ThreadPoolImpl<std::thread>::ThreadFromThreadPool*>>(void*) @ 0x000000000ed6a808
16. ? @ 0x000000000008c248
17. ? @ 0x00000000000f6adc

2026.08.02 13:53:38.331931 [ 956487 ] {} <Error> TCPHandler: Code: 290. DB::Exception: Too many grace hash join buckets (2048 > 1024), consider increasing grace_hash_join_max_buckets or max_rows_in_join/max_bytes_in_join: While executing DelayedJoinedBlocksTransform. (LIMIT_EXCEEDED), Stack trace (when copying this message, always include the lines below):

0. base/poco/Foundation/src/Exception.cpp:32:1: Poco::Exception::Exception(String&&, int) @ 0x000000001dd87678
1. src/Common/Exception.cpp:158:7: DB::Exception::Exception(DB::Exception::MessageMasked&&, int, bool) @ 0x000000000eb6c18c
2. src/Common/Exception.h:201:100: DB::Exception::Exception(String&&, int, String, bool) @ 0x000000000995c358
3. src/Common/Exception.h:57:54: DB::Exception::Exception(PreformattedMessage&&, int) @ 0x000000000995bd8c
4. src/Common/Exception.h:219:77: DB::Exception::Exception<unsigned long const&, unsigned long const&>(int, FormatStringHelperImpl<std::type_identity<unsigned long const&>::type, std::type_identity<unsigned long const&>::type>, unsigned long const&, unsigned long const&) @ 0x000000000a95119c
5. src/Interpreters/GraceHashJoin.cpp:390:15: DB::GraceHashJoin::rehashBuckets() @ 0x0000000013c70d40
6. src/Interpreters/GraceHashJoin.cpp:827:28: DB::GraceHashJoin::addBlockToJoinImpl(DB::Block) @ 0x0000000013c6f3d0
7. src/Interpreters/GraceHashJoin.cpp:722:13: DB::GraceHashJoin::getDelayedBlocks() @ 0x0000000013c72b38
8. src/Processors/Transforms/JoiningTransform.cpp:549:28: DB::DelayedJoinedBlocksTransform::work() @ 0x00000000196c8668
9. src/Processors/Executors/ExecutionThreadContext.cpp:57:28: DB::ExecutionThreadContext::executeTask() @ 0x000000001942fb0c
10. src/Processors/Executors/PipelineExecutor.cpp:384:26: DB::PipelineExecutor::executeStepImpl(unsigned long, DB::WorkloadResources&&, std::atomic<bool>*) @ 0x0000000019424724
11. src/Processors/Executors/PipelineExecutor.cpp:352:5: void std::__function::__policy_func<void ()>::__call_func[abi:fqe220101]<DB::PipelineExecutor::spawnThreads(std::shared_ptr<DB::IAcquiredSlot>)::$_0>(std::__function::__policy_storage const*) @ 0x0000000019427828
12. contrib/llvm-project/libcxx/include/__functional/function.h:502:12: ? @ 0x000000000ed65544
13. contrib/llvm-project/libcxx/include/__functional/function.h:502:12: ? @ 0x000000000ed6cd3c
14. contrib/llvm-project/libcxx/include/__functional/function.h:502:12: ? @ 0x000000000ed63244
15. contrib/llvm-project/libcxx/include/__type_traits/invoke.h:0: void* std::__thread_proxy[abi:fqe220101]<std::tuple<std::unique_ptr<std::__thread_struct, std::default_delete<std::__thread_struct>>, void (ThreadPoolImpl<std::thread>::ThreadFromThreadPool::*)(), ThreadPoolImpl<std::thread>::ThreadFromThreadPool*>>(void*) @ 0x000000000ed6a808
16. ? @ 0x000000000008c248
17. ? @ 0x00000000000f6adc

2026.08.02 13:53:38.556723 [ 956487 ] {2ecbdd77-dbb0-4610-a13e-d77f7a18d0b0} <Error> executeQuery: Code: 290. DB::Exception: Too many grace hash join buckets (2048 > 1024), consider increasing grace_hash_join_max_buckets or max_rows_in_join/max_bytes_in_join: While executing DelayedJoinedBlocksTransform. (LIMIT_EXCEEDED) (version 26.8.1.1) (from 127.0.0.1:55662) (query 1, line 1) (in query: WITH l AS (SELECT number % 1000 AS k, toString(number % 700) AS s FROM numbers(5000)), r AS (SELECT number % 1300 AS k, toInt64(number) AS v, toString(number % 900) AS s FROM numbers(4000)) SELECT count(), sum(ifNull(r.v, -1)) FROM l FULL JOIN r ON l.k = r.k), Stack trace (when copying this message, always include the lines below):

0. base/poco/Foundation/src/Exception.cpp:32:1: Poco::Exception::Exception(String&&, int) @ 0x000000001dd87678
1. src/Common/Exception.cpp:158:7: DB::Exception::Exception(DB::Exception::MessageMasked&&, int, bool) @ 0x000000000eb6c18c
2. src/Common/Exception.h:201:100: DB::Exception::Exception(String&&, int, String, bool) @ 0x000000000995c358
3. src/Common/Exception.h:57:54: DB::Exception::Exception(PreformattedMessage&&, int) @ 0x000000000995bd8c
4. src/Common/Exception.h:219:77: DB::Exception::Exception<unsigned long const&, unsigned long const&>(int, FormatStringHelperImpl<std::type_identity<unsigned long const&>::type, std::type_identity<unsigned long const&>::type>, unsigned long const&, unsigned long const&) @ 0x000000000a95119c
5. src/Interpreters/GraceHashJoin.cpp:390:15: DB::GraceHashJoin::rehashBuckets() @ 0x0000000013c70d40
6. src/Interpreters/GraceHashJoin.cpp:827:28: DB::GraceHashJoin::addBlockToJoinImpl(DB::Block) @ 0x0000000013c6f3d0
7. src/Interpreters/GraceHashJoin.cpp:722:13: DB::GraceHashJoin::getDelayedBlocks() @ 0x0000000013c72b38
8. src/Processors/Transforms/JoiningTransform.cpp:549:28: DB::DelayedJoinedBlocksTransform::work() @ 0x00000000196c8668
9. src/Processors/Executors/ExecutionThreadContext.cpp:57:28: DB::ExecutionThreadContext::executeTask() @ 0x000000001942fb0c
10. src/Processors/Executors/PipelineExecutor.cpp:384:26: DB::PipelineExecutor::executeStepImpl(unsigned long, DB::WorkloadResources&&, std::atomic<bool>*) @ 0x0000000019424724
11. src/Processors/Executors/PipelineExecutor.cpp:352:5: void std::__function::__policy_func<void ()>::__call_func[abi:fqe220101]<DB::PipelineExecutor::spawnThreads(std::shared_ptr<DB::IAcquiredSlot>)::$_0>(std::__function::__policy_storage const*) @ 0x0000000019427828
12. contrib/llvm-project/libcxx/include/__functional/function.h:502:12: ? @ 0x000000000ed65544
13. contrib/llvm-project/libcxx/include/__functional/function.h:502:12: ? @ 0x000000000ed6cd3c
14. contrib/llvm-project/libcxx/include/__functional/function.h:502:12: ? @ 0x000000000ed63244
15. contrib/llvm-project/libcxx/include/__type_traits/invoke.h:0: void* std::__thread_proxy[abi:fqe220101]<std::tuple<std::unique_ptr<std::__thread_struct, std::default_delete<std::__thread_struct>>, void (ThreadPoolImpl<std::thread>::ThreadFromThreadPool::*)(), ThreadPoolImpl<std::thread>::ThreadFromThreadPool*>>(void*) @ 0x000000000ed6a808
16. ? @ 0x000000000008c248
17. ? @ 0x00000000000f6adc

2026.08.02 13:53:38.597169 [ 956487 ] {} <Error> TCPHandler: Code: 290. DB::Exception: Too many grace hash join buckets (2048 > 1024), consider increasing grace_hash_join_max_buckets or max_rows_in_join/max_bytes_in_join: While executing DelayedJoinedBlocksTransform. (LIMIT_EXCEEDED), Stack trace (when copying this message, always include the lines below):

0. base/poco/Foundation/src/Exception.cpp:32:1: Poco::Exception::Exception(String&&, int) @ 0x000000001dd87678
1. src/Common/Exception.cpp:158:7: DB::Exception::Exception(DB::Exception::MessageMasked&&, int, bool) @ 0x000000000eb6c18c
2. src/Common/Exception.h:201:100: DB::Exception::Exception(String&&, int, String, bool) @ 0x000000000995c358
3. src/Common/Exception.h:57:54: DB::Exception::Exception(PreformattedMessage&&, int) @ 0x000000000995bd8c
4. src/Common/Exception.h:219:77: DB::Exception::Exception<unsigned long const&, unsigned long const&>(int, FormatStringHelperImpl<std::type_identity<unsigned long const&>::type, std::type_identity<unsigned long const&>::type>, unsigned long const&, unsigned long const&) @ 0x000000000a95119c
5. src/Interpreters/GraceHashJoin.cpp:390:15: DB::GraceHashJoin::rehashBuckets() @ 0x0000000013c70d40
6. src/Interpreters/GraceHashJoin.cpp:827:28: DB::GraceHashJoin::addBlockToJoinImpl(DB::Block) @ 0x0000000013c6f3d0
7. src/Interpreters/GraceHashJoin.cpp:722:13: DB::GraceHashJoin::getDelayedBlocks() @ 0x0000000013c72b38
8. src/Processors/Transforms/JoiningTransform.cpp:549:28: DB::DelayedJoinedBlocksTransform::work() @ 0x00000000196c8668
9. src/Processors/Executors/ExecutionThreadContext.cpp:57:28: DB::ExecutionThreadContext::executeTask() @ 0x000000001942fb0c
10. src/Processors/Executors/PipelineExecutor.cpp:384:26: DB::PipelineExecutor::executeStepImpl(unsigned long, DB::WorkloadResources&&, std::atomic<bool>*) @ 0x0000000019424724
11. src/Processors/Executors/PipelineExecutor.cpp:352:5: void std::__function::__policy_func<void ()>::__call_func[abi:fqe220101]<DB::PipelineExecutor::spawnThreads(std::shared_ptr<DB::IAcquiredSlot>)::$_0>(std::__function::__policy_storage const*) @ 0x0000000019427828
12. contrib/llvm-project/libcxx/include/__functional/function.h:502:12: ? @ 0x000000000ed65544
13. contrib/llvm-project/libcxx/include/__functional/function.h:502:12: ? @ 0x000000000ed6cd3c
14. contrib/llvm-project/libcxx/include/__functional/function.h:502:12: ? @ 0x000000000ed63244
15. contrib/llvm-project/libcxx/include/__type_traits/invoke.h:0: void* std::__thread_proxy[abi:fqe220101]<std::tuple<std::unique_ptr<std::__thread_struct, std::default_delete<std::__thread_struct>>, void (ThreadPoolImpl<std::thread>::ThreadFromThreadPool::*)(), ThreadPoolImpl<std::thread>::ThreadFromThreadPool*>>(void*) @ 0x000000000ed6a808
16. ? @ 0x000000000008c248
17. ? @ 0x00000000000f6adc

2026.08.02 14:02:10.061140 [ 972173 ] {} <Warning> Application: Integrity check of the executable skipped because the reference checksum could not be read.
2026.08.02 14:02:10.076438 [ 972173 ] {} <Warning> Context: Delay accounting is not enabled, OSIOWaitMicroseconds will not be gathered. You can enable it using `sudo sh -c 'echo 1 > /proc/sys/kernel/task_delayacct'` or by using sysctl.
2026.08.02 14:06:30.313213 [ 972204 ] {BgSchPool::907f7ea5-f24f-4579-89e6-509cc101c755} <Warning> MergeMutateSelectedEntry: MergeMutateSelectedEntry was not finalized, the finalization will happen in the destructor
2026.08.02 14:06:31.453287 [ 977080 ] {} <Warning> Application: Integrity check of the executable skipped because the reference checksum could not be read.
2026.08.02 14:06:31.471381 [ 977080 ] {} <Warning> Context: Delay accounting is not enabled, OSIOWaitMicroseconds will not be gathered. You can enable it using `sudo sh -c 'echo 1 > /proc/sys/kernel/task_delayacct'` or by using sysctl.
2026.08.02 14:07:28.870934 [ 977098 ] {BgSchPool::ac7d5ad9-d385-4e01-a6e7-ad22426e0f04} <Warning> MergeMutateSelectedEntry: MergeMutateSelectedEntry was not finalized, the finalization will happen in the destructor
2026.08.02 14:07:30.012560 [ 982108 ] {} <Warning> Application: Integrity check of the executable skipped because the reference checksum could not be read.
2026.08.02 14:07:30.028407 [ 982108 ] {} <Warning> Context: Delay accounting is not enabled, OSIOWaitMicroseconds will not be gathered. You can enable it using `sudo sh -c 'echo 1 > /proc/sys/kernel/task_delayacct'` or by using sysctl.
2026.08.02 14:53:55.427269 [ 982131 ] {BgSchPool::e3f067e7-f912-45d5-8d1e-e87b656908dc} <Warning> MergeMutateSelectedEntry: MergeMutateSelectedEntry was not finalized, the finalization will happen in the destructor
2026.08.02 14:53:56.566470 [ 1040485 ] {} <Warning> Application: Integrity check of the executable skipped because the reference checksum could not be read.
2026.08.02 14:53:56.581880 [ 1040485 ] {} <Warning> Context: Delay accounting is not enabled, OSIOWaitMicroseconds will not be gathered. You can enable it using `sudo sh -c 'echo 1 > /proc/sys/kernel/task_delayacct'` or by using sysctl.
2026.08.02 14:54:21.761289 [ 1040500 ] {} <Error> TCPHandler: TCPHandler: Code: 81. DB::Exception: Database test does not exist. (UNKNOWN_DATABASE), Stack trace (when copying this message, always include the lines below):

0. base/poco/Foundation/src/Exception.cpp:32:1: Poco::Exception::Exception(String&&, int) @ 0x000000001e1ceb38
1. src/Common/Exception.cpp:158:7: DB::Exception::Exception(DB::Exception::MessageMasked&&, int, bool) @ 0x000000000eb8870c
2. src/Common/Exception.h:201:100: DB::Exception::Exception(String&&, int, String, bool) @ 0x00000000099788d8
3. src/Common/Exception.h:57:54: DB::Exception::Exception(PreformattedMessage&&, int) @ 0x000000000997830c
4. src/Common/Exception.h:219:77: DB::Exception::Exception<String>(int, FormatStringHelperImpl<std::type_identity<String>::type>, String&&) @ 0x0000000009977f18
5. src/Interpreters/DatabaseCatalog.cpp:621:19: DB::DatabaseCatalog::assertDatabaseExists(String const&) const @ 0x0000000013bf5374
6. src/Server/TCPHandler.cpp:419:41: DB::TCPHandler::runImpl() @ 0x00000000196c40cc
7. src/Server/TCPHandler.cpp:3354:9: DB::TCPHandler::run() @ 0x00000000196e36c4
8. base/poco/Net/src/TCPServerConnection.cpp:40:3: Poco::Net::TCPServerConnection::start() @ 0x000000001e248718
9. base/poco/Net/src/TCPServerDispatcher.cpp:115:42: Poco::Net::TCPServerDispatcher::run() @ 0x000000001e248cd8
10. base/poco/Foundation/src/ThreadPool.cpp:207:14: Poco::PooledThread::run() @ 0x000000001e209418
11. base/poco/Foundation/src/Thread_POSIX.cpp:341:27: Poco::ThreadImpl::runnableEntry(void*) @ 0x000000001e207734
12. ? @ 0x000000000008c248
13. ? @ 0x00000000000f6adc
 (version 26.8.1.1)
2026.08.02 14:54:21.761322 [ 1040500 ] {} <Error> ServerErrorHandler: Code: 81. DB::Exception: Database test does not exist. (UNKNOWN_DATABASE), Stack trace (when copying this message, always include the lines below):

0. base/poco/Foundation/src/Exception.cpp:32:1: Poco::Exception::Exception(String&&, int) @ 0x000000001e1ceb38
1. src/Common/Exception.cpp:158:7: DB::Exception::Exception(DB::Exception::MessageMasked&&, int, bool) @ 0x000000000eb8870c
2. src/Common/Exception.h:201:100: DB::Exception::Exception(String&&, int, String, bool) @ 0x00000000099788d8
3. src/Common/Exception.h:57:54: DB::Exception::Exception(PreformattedMessage&&, int) @ 0x000000000997830c
4. src/Common/Exception.h:219:77: DB::Exception::Exception<String>(int, FormatStringHelperImpl<std::type_identity<String>::type>, String&&) @ 0x0000000009977f18
5. src/Interpreters/DatabaseCatalog.cpp:621:19: DB::DatabaseCatalog::assertDatabaseExists(String const&) const @ 0x0000000013bf5374
6. src/Server/TCPHandler.cpp:419:41: DB::TCPHandler::runImpl() @ 0x00000000196c40cc
7. src/Server/TCPHandler.cpp:3354:9: DB::TCPHandler::run() @ 0x00000000196e36c4
8. base/poco/Net/src/TCPServerConnection.cpp:40:3: Poco::Net::TCPServerConnection::start() @ 0x000000001e248718
9. base/poco/Net/src/TCPServerDispatcher.cpp:115:42: Poco::Net::TCPServerDispatcher::run() @ 0x000000001e248cd8
10. base/poco/Foundation/src/ThreadPool.cpp:207:14: Poco::PooledThread::run() @ 0x000000001e209418
11. base/poco/Foundation/src/Thread_POSIX.cpp:341:27: Poco::ThreadImpl::runnableEntry(void*) @ 0x000000001e207734
12. ? @ 0x000000000008c248
13. ? @ 0x00000000000f6adc
 (version 26.8.1.1)
2026.08.02 15:38:43.091298 [ 1080082 ] {} <Warning> Application: Integrity check of the executable skipped because the reference checksum could not be read.
2026.08.02 15:38:43.106862 [ 1080082 ] {} <Warning> Context: Delay accounting is not enabled, OSIOWaitMicroseconds will not be gathered. You can enable it using `sudo sh -c 'echo 1 > /proc/sys/kernel/task_delayacct'` or by using sysctl.
2026.08.02 16:01:49.106110 [ 1080095 ] {64fbbc96-ff8b-4a13-b0df-05eeec319e44} <Error> executeQuery: Code: 47. DB::Exception: Unknown expression identifier `_part` in scope SELECT DISTINCT _part FROM av2.orr. (UNKNOWN_IDENTIFIER) (version 26.8.1.1) (from 127.0.0.1:53488) (query 1, line 1) (in query: SELECT count() FROM (SELECT DISTINCT _part FROM av2.orr)), Stack trace (when copying this message, always include the lines below):

0. base/poco/Foundation/src/Exception.cpp:32:1: Poco::Exception::Exception(String&&, int) @ 0x000000001e1d1bb8
1. src/Common/Exception.cpp:158:7: DB::Exception::Exception(DB::Exception::MessageMasked&&, int, bool) @ 0x000000000eb8908c
2. src/Common/Exception.h:201:100: DB::Exception::Exception(String&&, int, String, bool) @ 0x0000000009979258
3. src/Common/Exception.h:57:54: DB::Exception::Exception(PreformattedMessage&&, int) @ 0x0000000009978c8c
4. src/Common/Exception.h:219:77: DB::Exception::Exception<char const*, String&, String, String, String>(int, FormatStringHelperImpl<std::type_identity<char const*>::type, std::type_identity<String&>::type, std::type_identity<String>::type, std::type_identity<String>::type, std::type_identity<String>::type>, char const*&&, String&, String&&, String&&, String&&) @ 0x00000000132806a8
5. src/Analyzer/Resolve/QueryAnalyzer.cpp:3325:27: DB::QueryAnalyzer::resolveExpressionNode(std::shared_ptr<DB::IQueryTreeNode>&, DB::IdentifierResolveScope&, bool, bool, bool, bool) @ 0x0000000013266390
6. src/Analyzer/Resolve/QueryAnalyzer.cpp:3634:49: DB::QueryAnalyzer::resolveExpressionNodeList(std::shared_ptr<DB::IQueryTreeNode>&, DB::IdentifierResolveScope&, bool, bool, bool) @ 0x0000000013263cf0
7. src/Analyzer/Resolve/QueryAnalyzer.cpp:4063:40: DB::QueryAnalyzer::resolveProjectionExpressionNodeList(std::shared_ptr<DB::IQueryTreeNode>&, DB::IdentifierResolveScope&) @ 0x000000001328235c
8. src/Analyzer/Resolve/QueryAnalyzer.cpp:6277:30: DB::QueryAnalyzer::resolveQuery(std::shared_ptr<DB::IQueryTreeNode> const&, DB::IdentifierResolveScope&) @ 0x000000001325ea48
9. src/Analyzer/Resolve/QueryAnalyzer.cpp:3430:17: DB::QueryAnalyzer::resolveExpressionNode(std::shared_ptr<DB::IQueryTreeNode>&, DB::IdentifierResolveScope&, bool, bool, bool, bool) @ 0x0000000013264518
10. src/Analyzer/Resolve/QueryAnalyzer.cpp:5717:13: DB::QueryAnalyzer::resolveQueryJoinTreeNode(std::shared_ptr<DB::IQueryTreeNode>&, DB::IdentifierResolveScope&, DB::QueryExpressionsAliasVisitor&) @ 0x0000000013285164
11. src/Analyzer/Resolve/QueryAnalyzer.cpp:6265:5: DB::QueryAnalyzer::resolveQuery(std::shared_ptr<DB::IQueryTreeNode> const&, DB::IdentifierResolveScope&) @ 0x000000001325e9f8
12. src/Analyzer/Resolve/QueryAnalyzer.cpp:205:13: DB::QueryAnalyzer::resolve(std::shared_ptr<DB::IQueryTreeNode>&, std::shared_ptr<DB::ITableExpressionNode> const&, std::shared_ptr<DB::Context const>) @ 0x000000001325db0c
13. src/Analyzer/Resolve/QueryAnalysisPass.cpp:19:14: DB::QueryAnalysisPass::run(std::shared_ptr<DB::IQueryTreeNode>&, std::shared_ptr<DB::Context const>) @ 0x000000001325cfa0
14. src/Analyzer/QueryTreePassManager.cpp:201:20: DB::QueryTreePassManager::run(std::shared_ptr<DB::IQueryTreeNode>&) @ 0x00000000132b41f8
15. src/Interpreters/InterpreterSelectQueryAnalyzer.cpp:266:33: DB::buildQueryTreeAndRunPasses(boost::intrusive_ptr<DB::IAST> const&, DB::SelectQueryOptions const&, std::shared_ptr<DB::Context const> const&, std::shared_ptr<DB::IStorage> const&) @ 0x0000000013d9c8fc
16. src/Interpreters/InterpreterSelectQueryAnalyzer.cpp:284:18: DB::InterpreterSelectQueryAnalyzer::InterpreterSelectQueryAnalyzer(boost::intrusive_ptr<DB::IAST> const&, std::shared_ptr<DB::Context const> const&, DB::SelectQueryOptions const&, std::vector<String, std::allocator<String>> const&, DB::ActionsDAG const*) @ 0x0000000013d9ab10
17. contrib/llvm-project/libcxx/include/__memory/unique_ptr.h:770:30: std::unique_ptr<DB::InterpreterSelectQueryAnalyzer, std::default_delete<DB::InterpreterSelectQueryAnalyzer>> std::make_unique[abi:fqe220101]<DB::InterpreterSelectQueryAnalyzer, boost::intrusive_ptr<DB::IAST>&, std::shared_ptr<DB::Context> const&, DB::SelectQueryOptions const&, 0>(boost::intrusive_ptr<DB::IAST>&, std::shared_ptr<DB::Context> const&, DB::SelectQueryOptions const&) @ 0x0000000013da258c
18. contrib/llvm-project/libcxx/include/__functional/function.h:502:12: ? @ 0x0000000013d547d0
19. src/Interpreters/executeQuery.cpp:1881:66: DB::executeQueryImpl(char const*, char const*, std::shared_ptr<DB::Context>, DB::QueryFlags, DB::QueryProcessingStage::Enum, std::unique_ptr<DB::ReadBuffer, std::default_delete<DB::ReadBuffer>>&, boost::intrusive_ptr<DB::IAST>&, std::shared_ptr<DB::ImplicitTransactionControlExecutor>, std::function<void ()>, DB::QueryResultDetails&) @ 0x0000000014165944
20. src/Interpreters/executeQuery.cpp:2438:11: DB::executeQuery(std::basic_string_view<char, std::char_traits<char>>, std::shared_ptr<DB::Context>, DB::QueryFlags, DB::QueryProcessingStage::Enum) @ 0x0000000014161810
21. src/Server/TCPHandler.cpp:899:68: DB::TCPHandler::runImpl() @ 0x00000000196c8980
22. src/Server/TCPHandler.cpp:3354:9: DB::TCPHandler::run() @ 0x00000000196e6744
23. base/poco/Net/src/TCPServerConnection.cpp:40:3: Poco::Net::TCPServerConnection::start() @ 0x000000001e24b798
24. base/poco/Net/src/TCPServerDispatcher.cpp:115:42: Poco::Net::TCPServerDispatcher::run() @ 0x000000001e24bd58
25. base/poco/Foundation/src/ThreadPool.cpp:207:14: Poco::PooledThread::run() @ 0x000000001e20c498
26. base/poco/Foundation/src/Thread_POSIX.cpp:341:27: Poco::ThreadImpl::runnableEntry(void*) @ 0x000000001e20a7b4
27. ? @ 0x000000000008c248
28. ? @ 0x00000000000f6adc

2026.08.02 16:01:49.106295 [ 1080095 ] {} <Error> TCPHandler: Code: 47. DB::Exception: Unknown expression identifier `_part` in scope SELECT DISTINCT _part FROM av2.orr. (UNKNOWN_IDENTIFIER), Stack trace (when copying this message, always include the lines below):

0. base/poco/Foundation/src/Exception.cpp:32:1: Poco::Exception::Exception(String&&, int) @ 0x000000001e1d1bb8
1. src/Common/Exception.cpp:158:7: DB::Exception::Exception(DB::Exception::MessageMasked&&, int, bool) @ 0x000000000eb8908c
2. src/Common/Exception.h:201:100: DB::Exception::Exception(String&&, int, String, bool) @ 0x0000000009979258
3. src/Common/Exception.h:57:54: DB::Exception::Exception(PreformattedMessage&&, int) @ 0x0000000009978c8c
4. src/Common/Exception.h:219:77: DB::Exception::Exception<char const*, String&, String, String, String>(int, FormatStringHelperImpl<std::type_identity<char const*>::type, std::type_identity<String&>::type, std::type_identity<String>::type, std::type_identity<String>::type, std::type_identity<String>::type>, char const*&&, String&, String&&, String&&, String&&) @ 0x00000000132806a8
5. src/Analyzer/Resolve/QueryAnalyzer.cpp:3325:27: DB::QueryAnalyzer::resolveExpressionNode(std::shared_ptr<DB::IQueryTreeNode>&, DB::IdentifierResolveScope&, bool, bool, bool, bool) @ 0x0000000013266390
6. src/Analyzer/Resolve/QueryAnalyzer.cpp:3634:49: DB::QueryAnalyzer::resolveExpressionNodeList(std::shared_ptr<DB::IQueryTreeNode>&, DB::IdentifierResolveScope&, bool, bool, bool) @ 0x0000000013263cf0
7. src/Analyzer/Resolve/QueryAnalyzer.cpp:4063:40: DB::QueryAnalyzer::resolveProjectionExpressionNodeList(std::shared_ptr<DB::IQueryTreeNode>&, DB::IdentifierResolveScope&) @ 0x000000001328235c
8. src/Analyzer/Resolve/QueryAnalyzer.cpp:6277:30: DB::QueryAnalyzer::resolveQuery(std::shared_ptr<DB::IQueryTreeNode> const&, DB::IdentifierResolveScope&) @ 0x000000001325ea48
9. src/Analyzer/Resolve/QueryAnalyzer.cpp:3430:17: DB::QueryAnalyzer::resolveExpressionNode(std::shared_ptr<DB::IQueryTreeNode>&, DB::IdentifierResolveScope&, bool, bool, bool, bool) @ 0x0000000013264518
10. src/Analyzer/Resolve/QueryAnalyzer.cpp:5717:13: DB::QueryAnalyzer::resolveQueryJoinTreeNode(std::shared_ptr<DB::IQueryTreeNode>&, DB::IdentifierResolveScope&, DB::QueryExpressionsAliasVisitor&) @ 0x0000000013285164
11. src/Analyzer/Resolve/QueryAnalyzer.cpp:6265:5: DB::QueryAnalyzer::resolveQuery(std::shared_ptr<DB::IQueryTreeNode> const&, DB::IdentifierResolveScope&) @ 0x000000001325e9f8
12. src/Analyzer/Resolve/QueryAnalyzer.cpp:205:13: DB::QueryAnalyzer::resolve(std::shared_ptr<DB::IQueryTreeNode>&, std::shared_ptr<DB::ITableExpressionNode> const&, std::shared_ptr<DB::Context const>) @ 0x000000001325db0c
13. src/Analyzer/Resolve/QueryAnalysisPass.cpp:19:14: DB::QueryAnalysisPass::run(std::shared_ptr<DB::IQueryTreeNode>&, std::shared_ptr<DB::Context const>) @ 0x000000001325cfa0
14. src/Analyzer/QueryTreePassManager.cpp:201:20: DB::QueryTreePassManager::run(std::shared_ptr<DB::IQueryTreeNode>&) @ 0x00000000132b41f8
15. src/Interpreters/InterpreterSelectQueryAnalyzer.cpp:266:33: DB::buildQueryTreeAndRunPasses(boost::intrusive_ptr<DB::IAST> const&, DB::SelectQueryOptions const&, std::shared_ptr<DB::Context const> const&, std::shared_ptr<DB::IStorage> const&) @ 0x0000000013d9c8fc
16. src/Interpreters/InterpreterSelectQueryAnalyzer.cpp:284:18: DB::InterpreterSelectQueryAnalyzer::InterpreterSelectQueryAnalyzer(boost::intrusive_ptr<DB::IAST> const&, std::shared_ptr<DB::Context const> const&, DB::SelectQueryOptions const&, std::vector<String, std::allocator<String>> const&, DB::ActionsDAG const*) @ 0x0000000013d9ab10
17. contrib/llvm-project/libcxx/include/__memory/unique_ptr.h:770:30: std::unique_ptr<DB::InterpreterSelectQueryAnalyzer, std::default_delete<DB::InterpreterSelectQueryAnalyzer>> std::make_unique[abi:fqe220101]<DB::InterpreterSelectQueryAnalyzer, boost::intrusive_ptr<DB::IAST>&, std::shared_ptr<DB::Context> const&, DB::SelectQueryOptions const&, 0>(boost::intrusive_ptr<DB::IAST>&, std::shared_ptr<DB::Context> const&, DB::SelectQueryOptions const&) @ 0x0000000013da258c
18. contrib/llvm-project/libcxx/include/__functional/function.h:502:12: ? @ 0x0000000013d547d0
19. src/Interpreters/executeQuery.cpp:1881:66: DB::executeQueryImpl(char const*, char const*, std::shared_ptr<DB::Context>, DB::QueryFlags, DB::QueryProcessingStage::Enum, std::unique_ptr<DB::ReadBuffer, std::default_delete<DB::ReadBuffer>>&, boost::intrusive_ptr<DB::IAST>&, std::shared_ptr<DB::ImplicitTransactionControlExecutor>, std::function<void ()>, DB::QueryResultDetails&) @ 0x0000000014165944
20. src/Interpreters/executeQuery.cpp:2438:11: DB::executeQuery(std::basic_string_view<char, std::char_traits<char>>, std::shared_ptr<DB::Context>, DB::QueryFlags, DB::QueryProcessingStage::Enum) @ 0x0000000014161810
21. src/Server/TCPHandler.cpp:899:68: DB::TCPHandler::runImpl() @ 0x00000000196c8980
22. src/Server/TCPHandler.cpp:3354:9: DB::TCPHandler::run() @ 0x00000000196e6744
23. base/poco/Net/src/TCPServerConnection.cpp:40:3: Poco::Net::TCPServerConnection::start() @ 0x000000001e24b798
24. base/poco/Net/src/TCPServerDispatcher.cpp:115:42: Poco::Net::TCPServerDispatcher::run() @ 0x000000001e24bd58
25. base/poco/Foundation/src/ThreadPool.cpp:207:14: Poco::PooledThread::run() @ 0x000000001e20c498
26. base/poco/Foundation/src/Thread_POSIX.cpp:341:27: Poco::ThreadImpl::runnableEntry(void*) @ 0x000000001e20a7b4
27. ? @ 0x000000000008c248
28. ? @ 0x00000000000f6adc

2026.08.02 16:01:49.275137 [ 1080095 ] {b31ba7a0-188f-46dd-9ef2-f5e8a05a39fd} <Error> executeQuery: Code: 48. DB::Exception: Only `hash` join supports multiple ORs for keys in JOIN ON section. (NOT_IMPLEMENTED) (version 26.8.1.1) (from 127.0.0.1:53510) (query 1, line 1) (in query: EXPLAIN PIPELINE SELECT r.w FROM av2.orl AS l RIGHT JOIN av2.orr AS r ON l.k1=r.k1 OR l.k2=r.k2 SETTINGS join_algorithm='parallel_hash'), Stack trace (when copying this message, always include the lines below):

0. base/poco/Foundation/src/Exception.cpp:32:1: Poco::Exception::Exception(String&&, int) @ 0x000000001e1d1bb8
1. src/Common/Exception.cpp:158:7: DB::Exception::Exception(DB::Exception::MessageMasked&&, int, bool) @ 0x000000000eb8908c
2. src/Common/Exception.h:201:100: DB::Exception::Exception(String&&, int, String, bool) @ 0x0000000009979258
3. src/Common/Exception.h:57:54: DB::Exception::Exception(PreformattedMessage&&, int) @ 0x0000000009978c8c
4. src/Common/Exception.h:219:77: DB::Exception::Exception<>(int, FormatStringHelperImpl<>) @ 0x000000000eb87c14
5. src/Planner/PlannerJoins.cpp:1442:15: DB::chooseJoinAlgorithm(std::shared_ptr<DB::TableJoin>&, DB::PreparedJoinStorage const&, std::shared_ptr<DB::Block const>, std::shared_ptr<DB::Block const>, DB::JoinAlgorithmParams const&) @ 0x000000001356e13c
6. src/Processors/QueryPlan/JoinStepLogical.cpp:1411:31: DB::buildPhysicalJoinImpl(std::vector<DB::QueryPlan::Node*, std::allocator<DB::QueryPlan::Node*>>, DB::JoinOperator, DB::JoinExpressionActions, DB::JoinSettings, DB::JoinAlgorithmParams, DB::SortingStep::Settings, std::vector<DB::ActionsDAG::Node const*, std::allocator<DB::ActionsDAG::Node const*>> const&, DB::QueryPlanOptimizationSettings const&, std::list<DB::QueryPlan::Node, std::allocator<DB::QueryPlan::Node>>&, DB::LogicalJoinInfo&&) @ 0x0000000019d53290
7. src/Processors/QueryPlan/JoinStepLogical.cpp:1503:21: DB::JoinStepLogical::buildPhysicalJoin(DB::QueryPlan::Node&, DB::QueryPlanOptimizationSettings const&, std::list<DB::QueryPlan::Node, std::allocator<DB::QueryPlan::Node>>&) @ 0x0000000019d50630
8. src/Processors/QueryPlan/Optimizations/optimizeJoin.cpp:604:5: DB::QueryPlanOptimizations::convertLogicalJoinToPhysical(DB::QueryPlan::Node&, std::list<DB::QueryPlan::Node, std::allocator<DB::QueryPlan::Node>>&, DB::QueryPlanOptimizationSettings const&) @ 0x0000000019ee5ed8
9. src/Processors/QueryPlan/Optimizations/optimizeTree.cpp:284:13: DB::QueryPlanOptimizations::optimizeTreeSecondPass(DB::QueryPlanOptimizationSettings const&, DB::QueryPlan::Node&, std::list<DB::QueryPlan::Node, std::allocator<DB::QueryPlan::Node>>&, DB::QueryPlan&) @ 0x0000000019f286d4
10. src/Processors/QueryPlan/QueryPlan.cpp:803:5: DB::QueryPlan::optimize(DB::QueryPlanOptimizationSettings const&) @ 0x0000000019da1a24
11. src/Processors/QueryPlan/QueryPlan.cpp:230:9: DB::QueryPlan::buildQueryPipeline(DB::QueryPlanOptimizationSettings const&, DB::BuildQueryPipelineSettings const&, bool) @ 0x0000000019da1120
12. src/Interpreters/InterpreterExplainQuery.cpp:1115:38: DB::InterpreterExplainQuery::executeImpl() @ 0x0000000013d43b04
13. src/Interpreters/InterpreterExplainQuery.cpp:334:20: DB::InterpreterExplainQuery::execute() @ 0x0000000013d40dec
14. src/Interpreters/executeQuery.cpp:1954:40: DB::executeQueryImpl(char const*, char const*, std::shared_ptr<DB::Context>, DB::QueryFlags, DB::QueryProcessingStage::Enum, std::unique_ptr<DB::ReadBuffer, std::default_delete<DB::ReadBuffer>>&, boost::intrusive_ptr<DB::IAST>&, std::shared_ptr<DB::ImplicitTransactionControlExecutor>, std::function<void ()>, DB::QueryResultDetails&) @ 0x0000000014165df4
15. src/Interpreters/executeQuery.cpp:2438:11: DB::executeQuery(std::basic_string_view<char, std::char_traits<char>>, std::shared_ptr<DB::Context>, DB::QueryFlags, DB::QueryProcessingStage::Enum) @ 0x0000000014161810
16. src/Server/TCPHandler.cpp:899:68: DB::TCPHandler::runImpl() @ 0x00000000196c8980
17. src/Server/TCPHandler.cpp:3354:9: DB::TCPHandler::run() @ 0x00000000196e6744
18. base/poco/Net/src/TCPServerConnection.cpp:40:3: Poco::Net::TCPServerConnection::start() @ 0x000000001e24b798
19. base/poco/Net/src/TCPServerDispatcher.cpp:115:42: Poco::Net::TCPServerDispatcher::run() @ 0x000000001e24bd58
20. base/poco/Foundation/src/ThreadPool.cpp:207:14: Poco::PooledThread::run() @ 0x000000001e20c498
21. base/poco/Foundation/src/Thread_POSIX.cpp:341:27: Poco::ThreadImpl::runnableEntry(void*) @ 0x000000001e20a7b4
22. ? @ 0x000000000008c248
23. ? @ 0x00000000000f6adc

2026.08.02 16:01:49.275312 [ 1080095 ] {} <Error> TCPHandler: Code: 48. DB::Exception: Only `hash` join supports multiple ORs for keys in JOIN ON section. (NOT_IMPLEMENTED), Stack trace (when copying this message, always include the lines below):

0. base/poco/Foundation/src/Exception.cpp:32:1: Poco::Exception::Exception(String&&, int) @ 0x000000001e1d1bb8
1. src/Common/Exception.cpp:158:7: DB::Exception::Exception(DB::Exception::MessageMasked&&, int, bool) @ 0x000000000eb8908c
2. src/Common/Exception.h:201:100: DB::Exception::Exception(String&&, int, String, bool) @ 0x0000000009979258
3. src/Common/Exception.h:57:54: DB::Exception::Exception(PreformattedMessage&&, int) @ 0x0000000009978c8c
4. src/Common/Exception.h:219:77: DB::Exception::Exception<>(int, FormatStringHelperImpl<>) @ 0x000000000eb87c14
5. src/Planner/PlannerJoins.cpp:1442:15: DB::chooseJoinAlgorithm(std::shared_ptr<DB::TableJoin>&, DB::PreparedJoinStorage const&, std::shared_ptr<DB::Block const>, std::shared_ptr<DB::Block const>, DB::JoinAlgorithmParams const&) @ 0x000000001356e13c
6. src/Processors/QueryPlan/JoinStepLogical.cpp:1411:31: DB::buildPhysicalJoinImpl(std::vector<DB::QueryPlan::Node*, std::allocator<DB::QueryPlan::Node*>>, DB::JoinOperator, DB::JoinExpressionActions, DB::JoinSettings, DB::JoinAlgorithmParams, DB::SortingStep::Settings, std::vector<DB::ActionsDAG::Node const*, std::allocator<DB::ActionsDAG::Node const*>> const&, DB::QueryPlanOptimizationSettings const&, std::list<DB::QueryPlan::Node, std::allocator<DB::QueryPlan::Node>>&, DB::LogicalJoinInfo&&) @ 0x0000000019d53290
7. src/Processors/QueryPlan/JoinStepLogical.cpp:1503:21: DB::JoinStepLogical::buildPhysicalJoin(DB::QueryPlan::Node&, DB::QueryPlanOptimizationSettings const&, std::list<DB::QueryPlan::Node, std::allocator<DB::QueryPlan::Node>>&) @ 0x0000000019d50630
8. src/Processors/QueryPlan/Optimizations/optimizeJoin.cpp:604:5: DB::QueryPlanOptimizations::convertLogicalJoinToPhysical(DB::QueryPlan::Node&, std::list<DB::QueryPlan::Node, std::allocator<DB::QueryPlan::Node>>&, DB::QueryPlanOptimizationSettings const&) @ 0x0000000019ee5ed8
9. src/Processors/QueryPlan/Optimizations/optimizeTree.cpp:284:13: DB::QueryPlanOptimizations::optimizeTreeSecondPass(DB::QueryPlanOptimizationSettings const&, DB::QueryPlan::Node&, std::list<DB::QueryPlan::Node, std::allocator<DB::QueryPlan::Node>>&, DB::QueryPlan&) @ 0x0000000019f286d4
10. src/Processors/QueryPlan/QueryPlan.cpp:803:5: DB::QueryPlan::optimize(DB::QueryPlanOptimizationSettings const&) @ 0x0000000019da1a24
11. src/Processors/QueryPlan/QueryPlan.cpp:230:9: DB::QueryPlan::buildQueryPipeline(DB::QueryPlanOptimizationSettings const&, DB::BuildQueryPipelineSettings const&, bool) @ 0x0000000019da1120
12. src/Interpreters/InterpreterExplainQuery.cpp:1115:38: DB::InterpreterExplainQuery::executeImpl() @ 0x0000000013d43b04
13. src/Interpreters/InterpreterExplainQuery.cpp:334:20: DB::InterpreterExplainQuery::execute() @ 0x0000000013d40dec
14. src/Interpreters/executeQuery.cpp:1954:40: DB::executeQueryImpl(char const*, char const*, std::shared_ptr<DB::Context>, DB::QueryFlags, DB::QueryProcessingStage::Enum, std::unique_ptr<DB::ReadBuffer, std::default_delete<DB::ReadBuffer>>&, boost::intrusive_ptr<DB::IAST>&, std::shared_ptr<DB::ImplicitTransactionControlExecutor>, std::function<void ()>, DB::QueryResultDetails&) @ 0x0000000014165df4
15. src/Interpreters/executeQuery.cpp:2438:11: DB::executeQuery(std::basic_string_view<char, std::char_traits<char>>, std::shared_ptr<DB::Context>, DB::QueryFlags, DB::QueryProcessingStage::Enum) @ 0x0000000014161810
16. src/Server/TCPHandler.cpp:899:68: DB::TCPHandler::runImpl() @ 0x00000000196c8980
17. src/Server/TCPHandler.cpp:3354:9: DB::TCPHandler::run() @ 0x00000000196e6744
18. base/poco/Net/src/TCPServerConnection.cpp:40:3: Poco::Net::TCPServerConnection::start() @ 0x000000001e24b798
19. base/poco/Net/src/TCPServerDispatcher.cpp:115:42: Poco::Net::TCPServerDispatcher::run() @ 0x000000001e24bd58
20. base/poco/Foundation/src/ThreadPool.cpp:207:14: Poco::PooledThread::run() @ 0x000000001e20c498
21. base/poco/Foundation/src/Thread_POSIX.cpp:341:27: Poco::ThreadImpl::runnableEntry(void*) @ 0x000000001e20a7b4
22. ? @ 0x000000000008c248
23. ? @ 0x00000000000f6adc

2026.08.02 16:01:49.905652 [ 1080095 ] {83d85c21-aa62-40b5-a893-30770df68c17} <Error> executeQuery: Code: 48. DB::Exception: Only `hash` join supports multiple ORs for keys in JOIN ON section. (NOT_IMPLEMENTED) (version 26.8.1.1) (from 127.0.0.1:53600) (query 1, line 1) (in query: SELECT l.k1,l.k2,l.v,r.k1,r.k2,r.w FROM av2.orl AS l RIGHT JOIN av2.orr AS r ON l.k1=r.k1 OR l.k2=r.k2 ORDER BY r.k1,r.k2,r.w,l.k1,l.k2,l.v SETTINGS join_algorithm='parallel_hash'), Stack trace (when copying this message, always include the lines below):

0. base/poco/Foundation/src/Exception.cpp:32:1: Poco::Exception::Exception(String&&, int) @ 0x000000001e1d1bb8
1. src/Common/Exception.cpp:158:7: DB::Exception::Exception(DB::Exception::MessageMasked&&, int, bool) @ 0x000000000eb8908c
2. src/Common/Exception.h:201:100: DB::Exception::Exception(String&&, int, String, bool) @ 0x0000000009979258
3. src/Common/Exception.h:57:54: DB::Exception::Exception(PreformattedMessage&&, int) @ 0x0000000009978c8c
4. src/Common/Exception.h:219:77: DB::Exception::Exception<>(int, FormatStringHelperImpl<>) @ 0x000000000eb87c14
5. src/Planner/PlannerJoins.cpp:1442:15: DB::chooseJoinAlgorithm(std::shared_ptr<DB::TableJoin>&, DB::PreparedJoinStorage const&, std::shared_ptr<DB::Block const>, std::shared_ptr<DB::Block const>, DB::JoinAlgorithmParams const&) @ 0x000000001356e13c
6. src/Processors/QueryPlan/JoinStepLogical.cpp:1411:31: DB::buildPhysicalJoinImpl(std::vector<DB::QueryPlan::Node*, std::allocator<DB::QueryPlan::Node*>>, DB::JoinOperator, DB::JoinExpressionActions, DB::JoinSettings, DB::JoinAlgorithmParams, DB::SortingStep::Settings, std::vector<DB::ActionsDAG::Node const*, std::allocator<DB::ActionsDAG::Node const*>> const&, DB::QueryPlanOptimizationSettings const&, std::list<DB::QueryPlan::Node, std::allocator<DB::QueryPlan::Node>>&, DB::LogicalJoinInfo&&) @ 0x0000000019d53290
7. src/Processors/QueryPlan/JoinStepLogical.cpp:1503:21: DB::JoinStepLogical::buildPhysicalJoin(DB::QueryPlan::Node&, DB::QueryPlanOptimizationSettings const&, std::list<DB::QueryPlan::Node, std::allocator<DB::QueryPlan::Node>>&) @ 0x0000000019d50630
8. src/Processors/QueryPlan/Optimizations/optimizeJoin.cpp:604:5: DB::QueryPlanOptimizations::convertLogicalJoinToPhysical(DB::QueryPlan::Node&, std::list<DB::QueryPlan::Node, std::allocator<DB::QueryPlan::Node>>&, DB::QueryPlanOptimizationSettings const&) @ 0x0000000019ee5ed8
9. src/Processors/QueryPlan/Optimizations/optimizeTree.cpp:284:13: DB::QueryPlanOptimizations::optimizeTreeSecondPass(DB::QueryPlanOptimizationSettings const&, DB::QueryPlan::Node&, std::list<DB::QueryPlan::Node, std::allocator<DB::QueryPlan::Node>>&, DB::QueryPlan&) @ 0x0000000019f286d4
10. src/Processors/QueryPlan/QueryPlan.cpp:803:5: DB::QueryPlan::optimize(DB::QueryPlanOptimizationSettings const&) @ 0x0000000019da1a24
11. src/Interpreters/InterpreterSelectQueryAnalyzer.cpp:413:16: DB::InterpreterSelectQueryAnalyzer::buildQueryPipeline() @ 0x0000000013d9e0b8
12. src/Interpreters/InterpreterSelectQueryAnalyzer.cpp:374:29: DB::InterpreterSelectQueryAnalyzer::execute() @ 0x0000000013d9dd90
13. src/Interpreters/executeQuery.cpp:1954:40: DB::executeQueryImpl(char const*, char const*, std::shared_ptr<DB::Context>, DB::QueryFlags, DB::QueryProcessingStage::Enum, std::unique_ptr<DB::ReadBuffer, std::default_delete<DB::ReadBuffer>>&, boost::intrusive_ptr<DB::IAST>&, std::shared_ptr<DB::ImplicitTransactionControlExecutor>, std::function<void ()>, DB::QueryResultDetails&) @ 0x0000000014165df4
14. src/Interpreters/executeQuery.cpp:2438:11: DB::executeQuery(std::basic_string_view<char, std::char_traits<char>>, std::shared_ptr<DB::Context>, DB::QueryFlags, DB::QueryProcessingStage::Enum) @ 0x0000000014161810
15. src/Server/TCPHandler.cpp:899:68: DB::TCPHandler::runImpl() @ 0x00000000196c8980
16. src/Server/TCPHandler.cpp:3354:9: DB::TCPHandler::run() @ 0x00000000196e6744
17. base/poco/Net/src/TCPServerConnection.cpp:40:3: Poco::Net::TCPServerConnection::start() @ 0x000000001e24b798
18. base/poco/Net/src/TCPServerDispatcher.cpp:115:42: Poco::Net::TCPServerDispatcher::run() @ 0x000000001e24bd58
19. base/poco/Foundation/src/ThreadPool.cpp:207:14: Poco::PooledThread::run() @ 0x000000001e20c498
20. base/poco/Foundation/src/Thread_POSIX.cpp:341:27: Poco::ThreadImpl::runnableEntry(void*) @ 0x000000001e20a7b4
21. ? @ 0x000000000008c248
22. ? @ 0x00000000000f6adc

2026.08.02 16:01:49.905833 [ 1080095 ] {} <Error> TCPHandler: Code: 48. DB::Exception: Only `hash` join supports multiple ORs for keys in JOIN ON section. (NOT_IMPLEMENTED), Stack trace (when copying this message, always include the lines below):

0. base/poco/Foundation/src/Exception.cpp:32:1: Poco::Exception::Exception(String&&, int) @ 0x000000001e1d1bb8
1. src/Common/Exception.cpp:158:7: DB::Exception::Exception(DB::Exception::MessageMasked&&, int, bool) @ 0x000000000eb8908c
2. src/Common/Exception.h:201:100: DB::Exception::Exception(String&&, int, String, bool) @ 0x0000000009979258
3. src/Common/Exception.h:57:54: DB::Exception::Exception(PreformattedMessage&&, int) @ 0x0000000009978c8c
4. src/Common/Exception.h:219:77: DB::Exception::Exception<>(int, FormatStringHelperImpl<>) @ 0x000000000eb87c14
5. src/Planner/PlannerJoins.cpp:1442:15: DB::chooseJoinAlgorithm(std::shared_ptr<DB::TableJoin>&, DB::PreparedJoinStorage const&, std::shared_ptr<DB::Block const>, std::shared_ptr<DB::Block const>, DB::JoinAlgorithmParams const&) @ 0x000000001356e13c
6. src/Processors/QueryPlan/JoinStepLogical.cpp:1411:31: DB::buildPhysicalJoinImpl(std::vector<DB::QueryPlan::Node*, std::allocator<DB::QueryPlan::Node*>>, DB::JoinOperator, DB::JoinExpressionActions, DB::JoinSettings, DB::JoinAlgorithmParams, DB::SortingStep::Settings, std::vector<DB::ActionsDAG::Node const*, std::allocator<DB::ActionsDAG::Node const*>> const&, DB::QueryPlanOptimizationSettings const&, std::list<DB::QueryPlan::Node, std::allocator<DB::QueryPlan::Node>>&, DB::LogicalJoinInfo&&) @ 0x0000000019d53290
7. src/Processors/QueryPlan/JoinStepLogical.cpp:1503:21: DB::JoinStepLogical::buildPhysicalJoin(DB::QueryPlan::Node&, DB::QueryPlanOptimizationSettings const&, std::list<DB::QueryPlan::Node, std::allocator<DB::QueryPlan::Node>>&) @ 0x0000000019d50630
8. src/Processors/QueryPlan/Optimizations/optimizeJoin.cpp:604:5: DB::QueryPlanOptimizations::convertLogicalJoinToPhysical(DB::QueryPlan::Node&, std::list<DB::QueryPlan::Node, std::allocator<DB::QueryPlan::Node>>&, DB::QueryPlanOptimizationSettings const&) @ 0x0000000019ee5ed8
9. src/Processors/QueryPlan/Optimizations/optimizeTree.cpp:284:13: DB::QueryPlanOptimizations::optimizeTreeSecondPass(DB::QueryPlanOptimizationSettings const&, DB::QueryPlan::Node&, std::list<DB::QueryPlan::Node, std::allocator<DB::QueryPlan::Node>>&, DB::QueryPlan&) @ 0x0000000019f286d4
10. src/Processors/QueryPlan/QueryPlan.cpp:803:5: DB::QueryPlan::optimize(DB::QueryPlanOptimizationSettings const&) @ 0x0000000019da1a24
11. src/Interpreters/InterpreterSelectQueryAnalyzer.cpp:413:16: DB::InterpreterSelectQueryAnalyzer::buildQueryPipeline() @ 0x0000000013d9e0b8
12. src/Interpreters/InterpreterSelectQueryAnalyzer.cpp:374:29: DB::InterpreterSelectQueryAnalyzer::execute() @ 0x0000000013d9dd90
13. src/Interpreters/executeQuery.cpp:1954:40: DB::executeQueryImpl(char const*, char const*, std::shared_ptr<DB::Context>, DB::QueryFlags, DB::QueryProcessingStage::Enum, std::unique_ptr<DB::ReadBuffer, std::default_delete<DB::ReadBuffer>>&, boost::intrusive_ptr<DB::IAST>&, std::shared_ptr<DB::ImplicitTransactionControlExecutor>, std::function<void ()>, DB::QueryResultDetails&) @ 0x0000000014165df4
14. src/Interpreters/executeQuery.cpp:2438:11: DB::executeQuery(std::basic_string_view<char, std::char_traits<char>>, std::shared_ptr<DB::Context>, DB::QueryFlags, DB::QueryProcessingStage::Enum) @ 0x0000000014161810
15. src/Server/TCPHandler.cpp:899:68: DB::TCPHandler::runImpl() @ 0x00000000196c8980
16. src/Server/TCPHandler.cpp:3354:9: DB::TCPHandler::run() @ 0x00000000196e6744
17. base/poco/Net/src/TCPServerConnection.cpp:40:3: Poco::Net::TCPServerConnection::start() @ 0x000000001e24b798
18. base/poco/Net/src/TCPServerDispatcher.cpp:115:42: Poco::Net::TCPServerDispatcher::run() @ 0x000000001e24bd58
19. base/poco/Foundation/src/ThreadPool.cpp:207:14: Poco::PooledThread::run() @ 0x000000001e20c498
20. base/poco/Foundation/src/Thread_POSIX.cpp:341:27: Poco::ThreadImpl::runnableEntry(void*) @ 0x000000001e20a7b4
21. ? @ 0x000000000008c248
22. ? @ 0x00000000000f6adc

2026.08.02 16:01:49.958147 [ 1080095 ] {23200ded-67ce-403a-89ae-acbe807128dd} <Error> executeQuery: Code: 48. DB::Exception: Only `hash` join supports multiple ORs for keys in JOIN ON section. (NOT_IMPLEMENTED) (version 26.8.1.1) (from 127.0.0.1:53608) (query 1, line 1) (in query: SELECT l.k1,l.k2,l.v,r.k1,r.k2,r.w FROM av2.orl AS l RIGHT JOIN av2.orr AS r ON l.k1=r.k1 OR l.k2=r.k2 ORDER BY r.k1,r.k2,r.w,l.k1,l.k2,l.v SETTINGS join_algorithm='parallel_hash'), Stack trace (when copying this message, always include the lines below):

0. base/poco/Foundation/src/Exception.cpp:32:1: Poco::Exception::Exception(String&&, int) @ 0x000000001e1d1bb8
1. src/Common/Exception.cpp:158:7: DB::Exception::Exception(DB::Exception::MessageMasked&&, int, bool) @ 0x000000000eb8908c
2. src/Common/Exception.h:201:100: DB::Exception::Exception(String&&, int, String, bool) @ 0x0000000009979258
3. src/Common/Exception.h:57:54: DB::Exception::Exception(PreformattedMessage&&, int) @ 0x0000000009978c8c
4. src/Common/Exception.h:219:77: DB::Exception::Exception<>(int, FormatStringHelperImpl<>) @ 0x000000000eb87c14
5. src/Planner/PlannerJoins.cpp:1442:15: DB::chooseJoinAlgorithm(std::shared_ptr<DB::TableJoin>&, DB::PreparedJoinStorage const&, std::shared_ptr<DB::Block const>, std::shared_ptr<DB::Block const>, DB::JoinAlgorithmParams const&) @ 0x000000001356e13c
6. src/Processors/QueryPlan/JoinStepLogical.cpp:1411:31: DB::buildPhysicalJoinImpl(std::vector<DB::QueryPlan::Node*, std::allocator<DB::QueryPlan::Node*>>, DB::JoinOperator, DB::JoinExpressionActions, DB::JoinSettings, DB::JoinAlgorithmParams, DB::SortingStep::Settings, std::vector<DB::ActionsDAG::Node const*, std::allocator<DB::ActionsDAG::Node const*>> const&, DB::QueryPlanOptimizationSettings const&, std::list<DB::QueryPlan::Node, std::allocator<DB::QueryPlan::Node>>&, DB::LogicalJoinInfo&&) @ 0x0000000019d53290
7. src/Processors/QueryPlan/JoinStepLogical.cpp:1503:21: DB::JoinStepLogical::buildPhysicalJoin(DB::QueryPlan::Node&, DB::QueryPlanOptimizationSettings const&, std::list<DB::QueryPlan::Node, std::allocator<DB::QueryPlan::Node>>&) @ 0x0000000019d50630
8. src/Processors/QueryPlan/Optimizations/optimizeJoin.cpp:604:5: DB::QueryPlanOptimizations::convertLogicalJoinToPhysical(DB::QueryPlan::Node&, std::list<DB::QueryPlan::Node, std::allocator<DB::QueryPlan::Node>>&, DB::QueryPlanOptimizationSettings const&) @ 0x0000000019ee5ed8
9. src/Processors/QueryPlan/Optimizations/optimizeTree.cpp:284:13: DB::QueryPlanOptimizations::optimizeTreeSecondPass(DB::QueryPlanOptimizationSettings const&, DB::QueryPlan::Node&, std::list<DB::QueryPlan::Node, std::allocator<DB::QueryPlan::Node>>&, DB::QueryPlan&) @ 0x0000000019f286d4
10. src/Processors/QueryPlan/QueryPlan.cpp:803:5: DB::QueryPlan::optimize(DB::QueryPlanOptimizationSettings const&) @ 0x0000000019da1a24
11. src/Interpreters/InterpreterSelectQueryAnalyzer.cpp:413:16: DB::InterpreterSelectQueryAnalyzer::buildQueryPipeline() @ 0x0000000013d9e0b8
12. src/Interpreters/InterpreterSelectQueryAnalyzer.cpp:374:29: DB::InterpreterSelectQueryAnalyzer::execute() @ 0x0000000013d9dd90
13. src/Interpreters/executeQuery.cpp:1954:40: DB::executeQueryImpl(char const*, char const*, std::shared_ptr<DB::Context>, DB::QueryFlags, DB::QueryProcessingStage::Enum, std::unique_ptr<DB::ReadBuffer, std::default_delete<DB::ReadBuffer>>&, boost::intrusive_ptr<DB::IAST>&, std::shared_ptr<DB::ImplicitTransactionControlExecutor>, std::function<void ()>, DB::QueryResultDetails&) @ 0x0000000014165df4
14. src/Interpreters/executeQuery.cpp:2438:11: DB::executeQuery(std::basic_string_view<char, std::char_traits<char>>, std::shared_ptr<DB::Context>, DB::QueryFlags, DB::QueryProcessingStage::Enum) @ 0x0000000014161810
15. src/Server/TCPHandler.cpp:899:68: DB::TCPHandler::runImpl() @ 0x00000000196c8980
16. src/Server/TCPHandler.cpp:3354:9: DB::TCPHandler::run() @ 0x00000000196e6744
17. base/poco/Net/src/TCPServerConnection.cpp:40:3: Poco::Net::TCPServerConnection::start() @ 0x000000001e24b798
18. base/poco/Net/src/TCPServerDispatcher.cpp:115:42: Poco::Net::TCPServerDispatcher::run() @ 0x000000001e24bd58
19. base/poco/Foundation/src/ThreadPool.cpp:207:14: Poco::PooledThread::run() @ 0x000000001e20c498
20. base/poco/Foundation/src/Thread_POSIX.cpp:341:27: Poco::ThreadImpl::runnableEntry(void*) @ 0x000000001e20a7b4
21. ? @ 0x000000000008c248
22. ? @ 0x00000000000f6adc

2026.08.02 16:01:49.958303 [ 1080095 ] {} <Error> TCPHandler: Code: 48. DB::Exception: Only `hash` join supports multiple ORs for keys in JOIN ON section. (NOT_IMPLEMENTED), Stack trace (when copying this message, always include the lines below):

0. base/poco/Foundation/src/Exception.cpp:32:1: Poco::Exception::Exception(String&&, int) @ 0x000000001e1d1bb8
1. src/Common/Exception.cpp:158:7: DB::Exception::Exception(DB::Exception::MessageMasked&&, int, bool) @ 0x000000000eb8908c
2. src/Common/Exception.h:201:100: DB::Exception::Exception(String&&, int, String, bool) @ 0x0000000009979258
3. src/Common/Exception.h:57:54: DB::Exception::Exception(PreformattedMessage&&, int) @ 0x0000000009978c8c
4. src/Common/Exception.h:219:77: DB::Exception::Exception<>(int, FormatStringHelperImpl<>) @ 0x000000000eb87c14
5. src/Planner/PlannerJoins.cpp:1442:15: DB::chooseJoinAlgorithm(std::shared_ptr<DB::TableJoin>&, DB::PreparedJoinStorage const&, std::shared_ptr<DB::Block const>, std::shared_ptr<DB::Block const>, DB::JoinAlgorithmParams const&) @ 0x000000001356e13c
6. src/Processors/QueryPlan/JoinStepLogical.cpp:1411:31: DB::buildPhysicalJoinImpl(std::vector<DB::QueryPlan::Node*, std::allocator<DB::QueryPlan::Node*>>, DB::JoinOperator, DB::JoinExpressionActions, DB::JoinSettings, DB::JoinAlgorithmParams, DB::SortingStep::Settings, std::vector<DB::ActionsDAG::Node const*, std::allocator<DB::ActionsDAG::Node const*>> const&, DB::QueryPlanOptimizationSettings const&, std::list<DB::QueryPlan::Node, std::allocator<DB::QueryPlan::Node>>&, DB::LogicalJoinInfo&&) @ 0x0000000019d53290
7. src/Processors/QueryPlan/JoinStepLogical.cpp:1503:21: DB::JoinStepLogical::buildPhysicalJoin(DB::QueryPlan::Node&, DB::QueryPlanOptimizationSettings const&, std::list<DB::QueryPlan::Node, std::allocator<DB::QueryPlan::Node>>&) @ 0x0000000019d50630
8. src/Processors/QueryPlan/Optimizations/optimizeJoin.cpp:604:5: DB::QueryPlanOptimizations::convertLogicalJoinToPhysical(DB::QueryPlan::Node&, std::list<DB::QueryPlan::Node, std::allocator<DB::QueryPlan::Node>>&, DB::QueryPlanOptimizationSettings const&) @ 0x0000000019ee5ed8
9. src/Processors/QueryPlan/Optimizations/optimizeTree.cpp:284:13: DB::QueryPlanOptimizations::optimizeTreeSecondPass(DB::QueryPlanOptimizationSettings const&, DB::QueryPlan::Node&, std::list<DB::QueryPlan::Node, std::allocator<DB::QueryPlan::Node>>&, DB::QueryPlan&) @ 0x0000000019f286d4
10. src/Processors/QueryPlan/QueryPlan.cpp:803:5: DB::QueryPlan::optimize(DB::QueryPlanOptimizationSettings const&) @ 0x0000000019da1a24
11. src/Interpreters/InterpreterSelectQueryAnalyzer.cpp:413:16: DB::InterpreterSelectQueryAnalyzer::buildQueryPipeline() @ 0x0000000013d9e0b8
12. src/Interpreters/InterpreterSelectQueryAnalyzer.cpp:374:29: DB::InterpreterSelectQueryAnalyzer::execute() @ 0x0000000013d9dd90
13. src/Interpreters/executeQuery.cpp:1954:40: DB::executeQueryImpl(char const*, char const*, std::shared_ptr<DB::Context>, DB::QueryFlags, DB::QueryProcessingStage::Enum, std::unique_ptr<DB::ReadBuffer, std::default_delete<DB::ReadBuffer>>&, boost::intrusive_ptr<DB::IAST>&, std::shared_ptr<DB::ImplicitTransactionControlExecutor>, std::function<void ()>, DB::QueryResultDetails&) @ 0x0000000014165df4
14. src/Interpreters/executeQuery.cpp:2438:11: DB::executeQuery(std::basic_string_view<char, std::char_traits<char>>, std::shared_ptr<DB::Context>, DB::QueryFlags, DB::QueryProcessingStage::Enum) @ 0x0000000014161810
15. src/Server/TCPHandler.cpp:899:68: DB::TCPHandler::runImpl() @ 0x00000000196c8980
16. src/Server/TCPHandler.cpp:3354:9: DB::TCPHandler::run() @ 0x00000000196e6744
17. base/poco/Net/src/TCPServerConnection.cpp:40:3: Poco::Net::TCPServerConnection::start() @ 0x000000001e24b798
18. base/poco/Net/src/TCPServerDispatcher.cpp:115:42: Poco::Net::TCPServerDispatcher::run() @ 0x000000001e24bd58
19. base/poco/Foundation/src/ThreadPool.cpp:207:14: Poco::PooledThread::run() @ 0x000000001e20c498
20. base/poco/Foundation/src/Thread_POSIX.cpp:341:27: Poco::ThreadImpl::runnableEntry(void*) @ 0x000000001e20a7b4
21. ? @ 0x000000000008c248
22. ? @ 0x00000000000f6adc

2026.08.02 16:01:50.009040 [ 1080095 ] {4677a487-1db4-4e5d-b0bc-b8f6b9ded208} <Error> executeQuery: Code: 48. DB::Exception: Only `hash` join supports multiple ORs for keys in JOIN ON section. (NOT_IMPLEMENTED) (version 26.8.1.1) (from 127.0.0.1:53618) (query 1, line 1) (in query: SELECT l.k1,l.k2,l.v,r.k1,r.k2,r.w FROM av2.orl AS l RIGHT JOIN av2.orr AS r ON l.k1=r.k1 OR l.k2=r.k2 ORDER BY r.k1,r.k2,r.w,l.k1,l.k2,l.v SETTINGS join_algorithm='parallel_hash'), Stack trace (when copying this message, always include the lines below):

0. base/poco/Foundation/src/Exception.cpp:32:1: Poco::Exception::Exception(String&&, int) @ 0x000000001e1d1bb8
1. src/Common/Exception.cpp:158:7: DB::Exception::Exception(DB::Exception::MessageMasked&&, int, bool) @ 0x000000000eb8908c
2. src/Common/Exception.h:201:100: DB::Exception::Exception(String&&, int, String, bool) @ 0x0000000009979258
3. src/Common/Exception.h:57:54: DB::Exception::Exception(PreformattedMessage&&, int) @ 0x0000000009978c8c
4. src/Common/Exception.h:219:77: DB::Exception::Exception<>(int, FormatStringHelperImpl<>) @ 0x000000000eb87c14
5. src/Planner/PlannerJoins.cpp:1442:15: DB::chooseJoinAlgorithm(std::shared_ptr<DB::TableJoin>&, DB::PreparedJoinStorage const&, std::shared_ptr<DB::Block const>, std::shared_ptr<DB::Block const>, DB::JoinAlgorithmParams const&) @ 0x000000001356e13c
6. src/Processors/QueryPlan/JoinStepLogical.cpp:1411:31: DB::buildPhysicalJoinImpl(std::vector<DB::QueryPlan::Node*, std::allocator<DB::QueryPlan::Node*>>, DB::JoinOperator, DB::JoinExpressionActions, DB::JoinSettings, DB::JoinAlgorithmParams, DB::SortingStep::Settings, std::vector<DB::ActionsDAG::Node const*, std::allocator<DB::ActionsDAG::Node const*>> const&, DB::QueryPlanOptimizationSettings const&, std::list<DB::QueryPlan::Node, std::allocator<DB::QueryPlan::Node>>&, DB::LogicalJoinInfo&&) @ 0x0000000019d53290
7. src/Processors/QueryPlan/JoinStepLogical.cpp:1503:21: DB::JoinStepLogical::buildPhysicalJoin(DB::QueryPlan::Node&, DB::QueryPlanOptimizationSettings const&, std::list<DB::QueryPlan::Node, std::allocator<DB::QueryPlan::Node>>&) @ 0x0000000019d50630
8. src/Processors/QueryPlan/Optimizations/optimizeJoin.cpp:604:5: DB::QueryPlanOptimizations::convertLogicalJoinToPhysical(DB::QueryPlan::Node&, std::list<DB::QueryPlan::Node, std::allocator<DB::QueryPlan::Node>>&, DB::QueryPlanOptimizationSettings const&) @ 0x0000000019ee5ed8
9. src/Processors/QueryPlan/Optimizations/optimizeTree.cpp:284:13: DB::QueryPlanOptimizations::optimizeTreeSecondPass(DB::QueryPlanOptimizationSettings const&, DB::QueryPlan::Node&, std::list<DB::QueryPlan::Node, std::allocator<DB::QueryPlan::Node>>&, DB::QueryPlan&) @ 0x0000000019f286d4
10. src/Processors/QueryPlan/QueryPlan.cpp:803:5: DB::QueryPlan::optimize(DB::QueryPlanOptimizationSettings const&) @ 0x0000000019da1a24
11. src/Interpreters/InterpreterSelectQueryAnalyzer.cpp:413:16: DB::InterpreterSelectQueryAnalyzer::buildQueryPipeline() @ 0x0000000013d9e0b8
12. src/Interpreters/InterpreterSelectQueryAnalyzer.cpp:374:29: DB::InterpreterSelectQueryAnalyzer::execute() @ 0x0000000013d9dd90
13. src/Interpreters/executeQuery.cpp:1954:40: DB::executeQueryImpl(char const*, char const*, std::shared_ptr<DB::Context>, DB::QueryFlags, DB::QueryProcessingStage::Enum, std::unique_ptr<DB::ReadBuffer, std::default_delete<DB::ReadBuffer>>&, boost::intrusive_ptr<DB::IAST>&, std::shared_ptr<DB::ImplicitTransactionControlExecutor>, std::function<void ()>, DB::QueryResultDetails&) @ 0x0000000014165df4
14. src/Interpreters/executeQuery.cpp:2438:11: DB::executeQuery(std::basic_string_view<char, std::char_traits<char>>, std::shared_ptr<DB::Context>, DB::QueryFlags, DB::QueryProcessingStage::Enum) @ 0x0000000014161810
15. src/Server/TCPHandler.cpp:899:68: DB::TCPHandler::runImpl() @ 0x00000000196c8980
16. src/Server/TCPHandler.cpp:3354:9: DB::TCPHandler::run() @ 0x00000000196e6744
17. base/poco/Net/src/TCPServerConnection.cpp:40:3: Poco::Net::TCPServerConnection::start() @ 0x000000001e24b798
18. base/poco/Net/src/TCPServerDispatcher.cpp:115:42: Poco::Net::TCPServerDispatcher::run() @ 0x000000001e24bd58
19. base/poco/Foundation/src/ThreadPool.cpp:207:14: Poco::PooledThread::run() @ 0x000000001e20c498
20. base/poco/Foundation/src/Thread_POSIX.cpp:341:27: Poco::ThreadImpl::runnableEntry(void*) @ 0x000000001e20a7b4
21. ? @ 0x000000000008c248
22. ? @ 0x00000000000f6adc

2026.08.02 16:01:50.009187 [ 1080095 ] {} <Error> TCPHandler: Code: 48. DB::Exception: Only `hash` join supports multiple ORs for keys in JOIN ON section. (NOT_IMPLEMENTED), Stack trace (when copying this message, always include the lines below):

0. base/poco/Foundation/src/Exception.cpp:32:1: Poco::Exception::Exception(String&&, int) @ 0x000000001e1d1bb8
1. src/Common/Exception.cpp:158:7: DB::Exception::Exception(DB::Exception::MessageMasked&&, int, bool) @ 0x000000000eb8908c
2. src/Common/Exception.h:201:100: DB::Exception::Exception(String&&, int, String, bool) @ 0x0000000009979258
3. src/Common/Exception.h:57:54: DB::Exception::Exception(PreformattedMessage&&, int) @ 0x0000000009978c8c
4. src/Common/Exception.h:219:77: DB::Exception::Exception<>(int, FormatStringHelperImpl<>) @ 0x000000000eb87c14
5. src/Planner/PlannerJoins.cpp:1442:15: DB::chooseJoinAlgorithm(std::shared_ptr<DB::TableJoin>&, DB::PreparedJoinStorage const&, std::shared_ptr<DB::Block const>, std::shared_ptr<DB::Block const>, DB::JoinAlgorithmParams const&) @ 0x000000001356e13c
6. src/Processors/QueryPlan/JoinStepLogical.cpp:1411:31: DB::buildPhysicalJoinImpl(std::vector<DB::QueryPlan::Node*, std::allocator<DB::QueryPlan::Node*>>, DB::JoinOperator, DB::JoinExpressionActions, DB::JoinSettings, DB::JoinAlgorithmParams, DB::SortingStep::Settings, std::vector<DB::ActionsDAG::Node const*, std::allocator<DB::ActionsDAG::Node const*>> const&, DB::QueryPlanOptimizationSettings const&, std::list<DB::QueryPlan::Node, std::allocator<DB::QueryPlan::Node>>&, DB::LogicalJoinInfo&&) @ 0x0000000019d53290
7. src/Processors/QueryPlan/JoinStepLogical.cpp:1503:21: DB::JoinStepLogical::buildPhysicalJoin(DB::QueryPlan::Node&, DB::QueryPlanOptimizationSettings const&, std::list<DB::QueryPlan::Node, std::allocator<DB::QueryPlan::Node>>&) @ 0x0000000019d50630
8. src/Processors/QueryPlan/Optimizations/optimizeJoin.cpp:604:5: DB::QueryPlanOptimizations::convertLogicalJoinToPhysical(DB::QueryPlan::Node&, std::list<DB::QueryPlan::Node, std::allocator<DB::QueryPlan::Node>>&, DB::QueryPlanOptimizationSettings const&) @ 0x0000000019ee5ed8
9. src/Processors/QueryPlan/Optimizations/optimizeTree.cpp:284:13: DB::QueryPlanOptimizations::optimizeTreeSecondPass(DB::QueryPlanOptimizationSettings const&, DB::QueryPlan::Node&, std::list<DB::QueryPlan::Node, std::allocator<DB::QueryPlan::Node>>&, DB::QueryPlan&) @ 0x0000000019f286d4
10. src/Processors/QueryPlan/QueryPlan.cpp:803:5: DB::QueryPlan::optimize(DB::QueryPlanOptimizationSettings const&) @ 0x0000000019da1a24
11. src/Interpreters/InterpreterSelectQueryAnalyzer.cpp:413:16: DB::InterpreterSelectQueryAnalyzer::buildQueryPipeline() @ 0x0000000013d9e0b8
12. src/Interpreters/InterpreterSelectQueryAnalyzer.cpp:374:29: DB::InterpreterSelectQueryAnalyzer::execute() @ 0x0000000013d9dd90
13. src/Interpreters/executeQuery.cpp:1954:40: DB::executeQueryImpl(char const*, char const*, std::shared_ptr<DB::Context>, DB::QueryFlags, DB::QueryProcessingStage::Enum, std::unique_ptr<DB::ReadBuffer, std::default_delete<DB::ReadBuffer>>&, boost::intrusive_ptr<DB::IAST>&, std::shared_ptr<DB::ImplicitTransactionControlExecutor>, std::function<void ()>, DB::QueryResultDetails&) @ 0x0000000014165df4
14. src/Interpreters/executeQuery.cpp:2438:11: DB::executeQuery(std::basic_string_view<char, std::char_traits<char>>, std::shared_ptr<DB::Context>, DB::QueryFlags, DB::QueryProcessingStage::Enum) @ 0x0000000014161810
15. src/Server/TCPHandler.cpp:899:68: DB::TCPHandler::runImpl() @ 0x00000000196c8980
16. src/Server/TCPHandler.cpp:3354:9: DB::TCPHandler::run() @ 0x00000000196e6744
17. base/poco/Net/src/TCPServerConnection.cpp:40:3: Poco::Net::TCPServerConnection::start() @ 0x000000001e24b798
18. base/poco/Net/src/TCPServerDispatcher.cpp:115:42: Poco::Net::TCPServerDispatcher::run() @ 0x000000001e24bd58
19. base/poco/Foundation/src/ThreadPool.cpp:207:14: Poco::PooledThread::run() @ 0x000000001e20c498
20. base/poco/Foundation/src/Thread_POSIX.cpp:341:27: Poco::ThreadImpl::runnableEntry(void*) @ 0x000000001e20a7b4
21. ? @ 0x000000000008c248
22. ? @ 0x00000000000f6adc

2026.08.02 16:01:50.060842 [ 1080095 ] {f87f7202-6b29-49e8-9ee8-d269d3c89c26} <Error> executeQuery: Code: 48. DB::Exception: Only `hash` join supports multiple ORs for keys in JOIN ON section. (NOT_IMPLEMENTED) (version 26.8.1.1) (from 127.0.0.1:53626) (query 1, line 1) (in query: SELECT l.k1,l.k2,l.v,r.k1,r.k2,r.w FROM av2.orl AS l RIGHT JOIN av2.orr AS r ON l.k1=r.k1 OR l.k2=r.k2 ORDER BY r.k1,r.k2,r.w,l.k1,l.k2,l.v SETTINGS join_algorithm='parallel_hash'), Stack trace (when copying this message, always include the lines below):

0. base/poco/Foundation/src/Exception.cpp:32:1: Poco::Exception::Exception(String&&, int) @ 0x000000001e1d1bb8
1. src/Common/Exception.cpp:158:7: DB::Exception::Exception(DB::Exception::MessageMasked&&, int, bool) @ 0x000000000eb8908c
2. src/Common/Exception.h:201:100: DB::Exception::Exception(String&&, int, String, bool) @ 0x0000000009979258
3. src/Common/Exception.h:57:54: DB::Exception::Exception(PreformattedMessage&&, int) @ 0x0000000009978c8c
4. src/Common/Exception.h:219:77: DB::Exception::Exception<>(int, FormatStringHelperImpl<>) @ 0x000000000eb87c14
5. src/Planner/PlannerJoins.cpp:1442:15: DB::chooseJoinAlgorithm(std::shared_ptr<DB::TableJoin>&, DB::PreparedJoinStorage const&, std::shared_ptr<DB::Block const>, std::shared_ptr<DB::Block const>, DB::JoinAlgorithmParams const&) @ 0x000000001356e13c
6. src/Processors/QueryPlan/JoinStepLogical.cpp:1411:31: DB::buildPhysicalJoinImpl(std::vector<DB::QueryPlan::Node*, std::allocator<DB::QueryPlan::Node*>>, DB::JoinOperator, DB::JoinExpressionActions, DB::JoinSettings, DB::JoinAlgorithmParams, DB::SortingStep::Settings, std::vector<DB::ActionsDAG::Node const*, std::allocator<DB::ActionsDAG::Node const*>> const&, DB::QueryPlanOptimizationSettings const&, std::list<DB::QueryPlan::Node, std::allocator<DB::QueryPlan::Node>>&, DB::LogicalJoinInfo&&) @ 0x0000000019d53290
7. src/Processors/QueryPlan/JoinStepLogical.cpp:1503:21: DB::JoinStepLogical::buildPhysicalJoin(DB::QueryPlan::Node&, DB::QueryPlanOptimizationSettings const&, std::list<DB::QueryPlan::Node, std::allocator<DB::QueryPlan::Node>>&) @ 0x0000000019d50630
8. src/Processors/QueryPlan/Optimizations/optimizeJoin.cpp:604:5: DB::QueryPlanOptimizations::convertLogicalJoinToPhysical(DB::QueryPlan::Node&, std::list<DB::QueryPlan::Node, std::allocator<DB::QueryPlan::Node>>&, DB::QueryPlanOptimizationSettings const&) @ 0x0000000019ee5ed8
9. src/Processors/QueryPlan/Optimizations/optimizeTree.cpp:284:13: DB::QueryPlanOptimizations::optimizeTreeSecondPass(DB::QueryPlanOptimizationSettings const&, DB::QueryPlan::Node&, std::list<DB::QueryPlan::Node, std::allocator<DB::QueryPlan::Node>>&, DB::QueryPlan&) @ 0x0000000019f286d4
10. src/Processors/QueryPlan/QueryPlan.cpp:803:5: DB::QueryPlan::optimize(DB::QueryPlanOptimizationSettings const&) @ 0x0000000019da1a24
11. src/Interpreters/InterpreterSelectQueryAnalyzer.cpp:413:16: DB::InterpreterSelectQueryAnalyzer::buildQueryPipeline() @ 0x0000000013d9e0b8
12. src/Interpreters/InterpreterSelectQueryAnalyzer.cpp:374:29: DB::InterpreterSelectQueryAnalyzer::execute() @ 0x0000000013d9dd90
13. src/Interpreters/executeQuery.cpp:1954:40: DB::executeQueryImpl(char const*, char const*, std::shared_ptr<DB::Context>, DB::QueryFlags, DB::QueryProcessingStage::Enum, std::unique_ptr<DB::ReadBuffer, std::default_delete<DB::ReadBuffer>>&, boost::intrusive_ptr<DB::IAST>&, std::shared_ptr<DB::ImplicitTransactionControlExecutor>, std::function<void ()>, DB::QueryResultDetails&) @ 0x0000000014165df4
14. src/Interpreters/executeQuery.cpp:2438:11: DB::executeQuery(std::basic_string_view<char, std::char_traits<char>>, std::shared_ptr<DB::Context>, DB::QueryFlags, DB::QueryProcessingStage::Enum) @ 0x0000000014161810
15. src/Server/TCPHandler.cpp:899:68: DB::TCPHandler::runImpl() @ 0x00000000196c8980
16. src/Server/TCPHandler.cpp:3354:9: DB::TCPHandler::run() @ 0x00000000196e6744
17. base/poco/Net/src/TCPServerConnection.cpp:40:3: Poco::Net::TCPServerConnection::start() @ 0x000000001e24b798
18. base/poco/Net/src/TCPServerDispatcher.cpp:115:42: Poco::Net::TCPServerDispatcher::run() @ 0x000000001e24bd58
19. base/poco/Foundation/src/ThreadPool.cpp:207:14: Poco::PooledThread::run() @ 0x000000001e20c498
20. base/poco/Foundation/src/Thread_POSIX.cpp:341:27: Poco::ThreadImpl::runnableEntry(void*) @ 0x000000001e20a7b4
21. ? @ 0x000000000008c248
22. ? @ 0x00000000000f6adc

2026.08.02 16:01:50.060974 [ 1080095 ] {} <Error> TCPHandler: Code: 48. DB::Exception: Only `hash` join supports multiple ORs for keys in JOIN ON section. (NOT_IMPLEMENTED), Stack trace (when copying this message, always include the lines below):

0. base/poco/Foundation/src/Exception.cpp:32:1: Poco::Exception::Exception(String&&, int) @ 0x000000001e1d1bb8
1. src/Common/Exception.cpp:158:7: DB::Exception::Exception(DB::Exception::MessageMasked&&, int, bool) @ 0x000000000eb8908c
2. src/Common/Exception.h:201:100: DB::Exception::Exception(String&&, int, String, bool) @ 0x0000000009979258
3. src/Common/Exception.h:57:54: DB::Exception::Exception(PreformattedMessage&&, int) @ 0x0000000009978c8c
4. src/Common/Exception.h:219:77: DB::Exception::Exception<>(int, FormatStringHelperImpl<>) @ 0x000000000eb87c14
5. src/Planner/PlannerJoins.cpp:1442:15: DB::chooseJoinAlgorithm(std::shared_ptr<DB::TableJoin>&, DB::PreparedJoinStorage const&, std::shared_ptr<DB::Block const>, std::shared_ptr<DB::Block const>, DB::JoinAlgorithmParams const&) @ 0x000000001356e13c
6. src/Processors/QueryPlan/JoinStepLogical.cpp:1411:31: DB::buildPhysicalJoinImpl(std::vector<DB::QueryPlan::Node*, std::allocator<DB::QueryPlan::Node*>>, DB::JoinOperator, DB::JoinExpressionActions, DB::JoinSettings, DB::JoinAlgorithmParams, DB::SortingStep::Settings, std::vector<DB::ActionsDAG::Node const*, std::allocator<DB::ActionsDAG::Node const*>> const&, DB::QueryPlanOptimizationSettings const&, std::list<DB::QueryPlan::Node, std::allocator<DB::QueryPlan::Node>>&, DB::LogicalJoinInfo&&) @ 0x0000000019d53290
7. src/Processors/QueryPlan/JoinStepLogical.cpp:1503:21: DB::JoinStepLogical::buildPhysicalJoin(DB::QueryPlan::Node&, DB::QueryPlanOptimizationSettings const&, std::list<DB::QueryPlan::Node, std::allocator<DB::QueryPlan::Node>>&) @ 0x0000000019d50630
8. src/Processors/QueryPlan/Optimizations/optimizeJoin.cpp:604:5: DB::QueryPlanOptimizations::convertLogicalJoinToPhysical(DB::QueryPlan::Node&, std::list<DB::QueryPlan::Node, std::allocator<DB::QueryPlan::Node>>&, DB::QueryPlanOptimizationSettings const&) @ 0x0000000019ee5ed8
9. src/Processors/QueryPlan/Optimizations/optimizeTree.cpp:284:13: DB::QueryPlanOptimizations::optimizeTreeSecondPass(DB::QueryPlanOptimizationSettings const&, DB::QueryPlan::Node&, std::list<DB::QueryPlan::Node, std::allocator<DB::QueryPlan::Node>>&, DB::QueryPlan&) @ 0x0000000019f286d4
10. src/Processors/QueryPlan/QueryPlan.cpp:803:5: DB::QueryPlan::optimize(DB::QueryPlanOptimizationSettings const&) @ 0x0000000019da1a24
11. src/Interpreters/InterpreterSelectQueryAnalyzer.cpp:413:16: DB::InterpreterSelectQueryAnalyzer::buildQueryPipeline() @ 0x0000000013d9e0b8
12. src/Interpreters/InterpreterSelectQueryAnalyzer.cpp:374:29: DB::InterpreterSelectQueryAnalyzer::execute() @ 0x0000000013d9dd90
13. src/Interpreters/executeQuery.cpp:1954:40: DB::executeQueryImpl(char const*, char const*, std::shared_ptr<DB::Context>, DB::QueryFlags, DB::QueryProcessingStage::Enum, std::unique_ptr<DB::ReadBuffer, std::default_delete<DB::ReadBuffer>>&, boost::intrusive_ptr<DB::IAST>&, std::shared_ptr<DB::ImplicitTransactionControlExecutor>, std::function<void ()>, DB::QueryResultDetails&) @ 0x0000000014165df4
14. src/Interpreters/executeQuery.cpp:2438:11: DB::executeQuery(std::basic_string_view<char, std::char_traits<char>>, std::shared_ptr<DB::Context>, DB::QueryFlags, DB::QueryProcessingStage::Enum) @ 0x0000000014161810
15. src/Server/TCPHandler.cpp:899:68: DB::TCPHandler::runImpl() @ 0x00000000196c8980
16. src/Server/TCPHandler.cpp:3354:9: DB::TCPHandler::run() @ 0x00000000196e6744
17. base/poco/Net/src/TCPServerConnection.cpp:40:3: Poco::Net::TCPServerConnection::start() @ 0x000000001e24b798
18. base/poco/Net/src/TCPServerDispatcher.cpp:115:42: Poco::Net::TCPServerDispatcher::run() @ 0x000000001e24bd58
19. base/poco/Foundation/src/ThreadPool.cpp:207:14: Poco::PooledThread::run() @ 0x000000001e20c498
20. base/poco/Foundation/src/Thread_POSIX.cpp:341:27: Poco::ThreadImpl::runnableEntry(void*) @ 0x000000001e20a7b4
21. ? @ 0x000000000008c248
22. ? @ 0x00000000000f6adc

2026.08.02 16:01:50.111751 [ 1080095 ] {30dcc96d-712c-493f-b862-3081d87ef710} <Error> executeQuery: Code: 48. DB::Exception: Only `hash` join supports multiple ORs for keys in JOIN ON section. (NOT_IMPLEMENTED) (version 26.8.1.1) (from 127.0.0.1:53634) (query 1, line 1) (in query: SELECT l.k1,l.k2,l.v,r.k1,r.k2,r.w FROM av2.orl AS l RIGHT JOIN av2.orr AS r ON l.k1=r.k1 OR l.k2=r.k2 ORDER BY r.k1,r.k2,r.w,l.k1,l.k2,l.v SETTINGS join_algorithm='parallel_hash'), Stack trace (when copying this message, always include the lines below):

0. base/poco/Foundation/src/Exception.cpp:32:1: Poco::Exception::Exception(String&&, int) @ 0x000000001e1d1bb8
1. src/Common/Exception.cpp:158:7: DB::Exception::Exception(DB::Exception::MessageMasked&&, int, bool) @ 0x000000000eb8908c
2. src/Common/Exception.h:201:100: DB::Exception::Exception(String&&, int, String, bool) @ 0x0000000009979258
3. src/Common/Exception.h:57:54: DB::Exception::Exception(PreformattedMessage&&, int) @ 0x0000000009978c8c
4. src/Common/Exception.h:219:77: DB::Exception::Exception<>(int, FormatStringHelperImpl<>) @ 0x000000000eb87c14
5. src/Planner/PlannerJoins.cpp:1442:15: DB::chooseJoinAlgorithm(std::shared_ptr<DB::TableJoin>&, DB::PreparedJoinStorage const&, std::shared_ptr<DB::Block const>, std::shared_ptr<DB::Block const>, DB::JoinAlgorithmParams const&) @ 0x000000001356e13c
6. src/Processors/QueryPlan/JoinStepLogical.cpp:1411:31: DB::buildPhysicalJoinImpl(std::vector<DB::QueryPlan::Node*, std::allocator<DB::QueryPlan::Node*>>, DB::JoinOperator, DB::JoinExpressionActions, DB::JoinSettings, DB::JoinAlgorithmParams, DB::SortingStep::Settings, std::vector<DB::ActionsDAG::Node const*, std::allocator<DB::ActionsDAG::Node const*>> const&, DB::QueryPlanOptimizationSettings const&, std::list<DB::QueryPlan::Node, std::allocator<DB::QueryPlan::Node>>&, DB::LogicalJoinInfo&&) @ 0x0000000019d53290
7. src/Processors/QueryPlan/JoinStepLogical.cpp:1503:21: DB::JoinStepLogical::buildPhysicalJoin(DB::QueryPlan::Node&, DB::QueryPlanOptimizationSettings const&, std::list<DB::QueryPlan::Node, std::allocator<DB::QueryPlan::Node>>&) @ 0x0000000019d50630
8. src/Processors/QueryPlan/Optimizations/optimizeJoin.cpp:604:5: DB::QueryPlanOptimizations::convertLogicalJoinToPhysical(DB::QueryPlan::Node&, std::list<DB::QueryPlan::Node, std::allocator<DB::QueryPlan::Node>>&, DB::QueryPlanOptimizationSettings const&) @ 0x0000000019ee5ed8
9. src/Processors/QueryPlan/Optimizations/optimizeTree.cpp:284:13: DB::QueryPlanOptimizations::optimizeTreeSecondPass(DB::QueryPlanOptimizationSettings const&, DB::QueryPlan::Node&, std::list<DB::QueryPlan::Node, std::allocator<DB::QueryPlan::Node>>&, DB::QueryPlan&) @ 0x0000000019f286d4
10. src/Processors/QueryPlan/QueryPlan.cpp:803:5: DB::QueryPlan::optimize(DB::QueryPlanOptimizationSettings const&) @ 0x0000000019da1a24
11. src/Interpreters/InterpreterSelectQueryAnalyzer.cpp:413:16: DB::InterpreterSelectQueryAnalyzer::buildQueryPipeline() @ 0x0000000013d9e0b8
12. src/Interpreters/InterpreterSelectQueryAnalyzer.cpp:374:29: DB::InterpreterSelectQueryAnalyzer::execute() @ 0x0000000013d9dd90
13. src/Interpreters/executeQuery.cpp:1954:40: DB::executeQueryImpl(char const*, char const*, std::shared_ptr<DB::Context>, DB::QueryFlags, DB::QueryProcessingStage::Enum, std::unique_ptr<DB::ReadBuffer, std::default_delete<DB::ReadBuffer>>&, boost::intrusive_ptr<DB::IAST>&, std::shared_ptr<DB::ImplicitTransactionControlExecutor>, std::function<void ()>, DB::QueryResultDetails&) @ 0x0000000014165df4
14. src/Interpreters/executeQuery.cpp:2438:11: DB::executeQuery(std::basic_string_view<char, std::char_traits<char>>, std::shared_ptr<DB::Context>, DB::QueryFlags, DB::QueryProcessingStage::Enum) @ 0x0000000014161810
15. src/Server/TCPHandler.cpp:899:68: DB::TCPHandler::runImpl() @ 0x00000000196c8980
16. src/Server/TCPHandler.cpp:3354:9: DB::TCPHandler::run() @ 0x00000000196e6744
17. base/poco/Net/src/TCPServerConnection.cpp:40:3: Poco::Net::TCPServerConnection::start() @ 0x000000001e24b798
18. base/poco/Net/src/TCPServerDispatcher.cpp:115:42: Poco::Net::TCPServerDispatcher::run() @ 0x000000001e24bd58
19. base/poco/Foundation/src/ThreadPool.cpp:207:14: Poco::PooledThread::run() @ 0x000000001e20c498
20. base/poco/Foundation/src/Thread_POSIX.cpp:341:27: Poco::ThreadImpl::runnableEntry(void*) @ 0x000000001e20a7b4
21. ? @ 0x000000000008c248
22. ? @ 0x00000000000f6adc

2026.08.02 16:01:50.111900 [ 1080095 ] {} <Error> TCPHandler: Code: 48. DB::Exception: Only `hash` join supports multiple ORs for keys in JOIN ON section. (NOT_IMPLEMENTED), Stack trace (when copying this message, always include the lines below):

0. base/poco/Foundation/src/Exception.cpp:32:1: Poco::Exception::Exception(String&&, int) @ 0x000000001e1d1bb8
1. src/Common/Exception.cpp:158:7: DB::Exception::Exception(DB::Exception::MessageMasked&&, int, bool) @ 0x000000000eb8908c
2. src/Common/Exception.h:201:100: DB::Exception::Exception(String&&, int, String, bool) @ 0x0000000009979258
3. src/Common/Exception.h:57:54: DB::Exception::Exception(PreformattedMessage&&, int) @ 0x0000000009978c8c
4. src/Common/Exception.h:219:77: DB::Exception::Exception<>(int, FormatStringHelperImpl<>) @ 0x000000000eb87c14
5. src/Planner/PlannerJoins.cpp:1442:15: DB::chooseJoinAlgorithm(std::shared_ptr<DB::TableJoin>&, DB::PreparedJoinStorage const&, std::shared_ptr<DB::Block const>, std::shared_ptr<DB::Block const>, DB::JoinAlgorithmParams const&) @ 0x000000001356e13c
6. src/Processors/QueryPlan/JoinStepLogical.cpp:1411:31: DB::buildPhysicalJoinImpl(std::vector<DB::QueryPlan::Node*, std::allocator<DB::QueryPlan::Node*>>, DB::JoinOperator, DB::JoinExpressionActions, DB::JoinSettings, DB::JoinAlgorithmParams, DB::SortingStep::Settings, std::vector<DB::ActionsDAG::Node const*, std::allocator<DB::ActionsDAG::Node const*>> const&, DB::QueryPlanOptimizationSettings const&, std::list<DB::QueryPlan::Node, std::allocator<DB::QueryPlan::Node>>&, DB::LogicalJoinInfo&&) @ 0x0000000019d53290
7. src/Processors/QueryPlan/JoinStepLogical.cpp:1503:21: DB::JoinStepLogical::buildPhysicalJoin(DB::QueryPlan::Node&, DB::QueryPlanOptimizationSettings const&, std::list<DB::QueryPlan::Node, std::allocator<DB::QueryPlan::Node>>&) @ 0x0000000019d50630
8. src/Processors/QueryPlan/Optimizations/optimizeJoin.cpp:604:5: DB::QueryPlanOptimizations::convertLogicalJoinToPhysical(DB::QueryPlan::Node&, std::list<DB::QueryPlan::Node, std::allocator<DB::QueryPlan::Node>>&, DB::QueryPlanOptimizationSettings const&) @ 0x0000000019ee5ed8
9. src/Processors/QueryPlan/Optimizations/optimizeTree.cpp:284:13: DB::QueryPlanOptimizations::optimizeTreeSecondPass(DB::QueryPlanOptimizationSettings const&, DB::QueryPlan::Node&, std::list<DB::QueryPlan::Node, std::allocator<DB::QueryPlan::Node>>&, DB::QueryPlan&) @ 0x0000000019f286d4
10. src/Processors/QueryPlan/QueryPlan.cpp:803:5: DB::QueryPlan::optimize(DB::QueryPlanOptimizationSettings const&) @ 0x0000000019da1a24
11. src/Interpreters/InterpreterSelectQueryAnalyzer.cpp:413:16: DB::InterpreterSelectQueryAnalyzer::buildQueryPipeline() @ 0x0000000013d9e0b8
12. src/Interpreters/InterpreterSelectQueryAnalyzer.cpp:374:29: DB::InterpreterSelectQueryAnalyzer::execute() @ 0x0000000013d9dd90
13. src/Interpreters/executeQuery.cpp:1954:40: DB::executeQueryImpl(char const*, char const*, std::shared_ptr<DB::Context>, DB::QueryFlags, DB::QueryProcessingStage::Enum, std::unique_ptr<DB::ReadBuffer, std::default_delete<DB::ReadBuffer>>&, boost::intrusive_ptr<DB::IAST>&, std::shared_ptr<DB::ImplicitTransactionControlExecutor>, std::function<void ()>, DB::QueryResultDetails&) @ 0x0000000014165df4
14. src/Interpreters/executeQuery.cpp:2438:11: DB::executeQuery(std::basic_string_view<char, std::char_traits<char>>, std::shared_ptr<DB::Context>, DB::QueryFlags, DB::QueryProcessingStage::Enum) @ 0x0000000014161810
15. src/Server/TCPHandler.cpp:899:68: DB::TCPHandler::runImpl() @ 0x00000000196c8980
16. src/Server/TCPHandler.cpp:3354:9: DB::TCPHandler::run() @ 0x00000000196e6744
17. base/poco/Net/src/TCPServerConnection.cpp:40:3: Poco::Net::TCPServerConnection::start() @ 0x000000001e24b798
18. base/poco/Net/src/TCPServerDispatcher.cpp:115:42: Poco::Net::TCPServerDispatcher::run() @ 0x000000001e24bd58
19. base/poco/Foundation/src/ThreadPool.cpp:207:14: Poco::PooledThread::run() @ 0x000000001e20c498
20. base/poco/Foundation/src/Thread_POSIX.cpp:341:27: Poco::ThreadImpl::runnableEntry(void*) @ 0x000000001e20a7b4
21. ? @ 0x000000000008c248
22. ? @ 0x00000000000f6adc

2026.08.02 16:01:50.161954 [ 1080095 ] {3b02d63b-9927-4f23-b2fa-d6967a18d075} <Error> executeQuery: Code: 48. DB::Exception: Only `hash` join supports multiple ORs for keys in JOIN ON section. (NOT_IMPLEMENTED) (version 26.8.1.1) (from 127.0.0.1:53638) (query 1, line 1) (in query: SELECT l.k1,l.k2,l.v,r.k1,r.k2,r.w FROM av2.orl AS l RIGHT JOIN av2.orr AS r ON l.k1=r.k1 OR l.k2=r.k2 ORDER BY r.k1,r.k2,r.w,l.k1,l.k2,l.v SETTINGS join_algorithm='parallel_hash'), Stack trace (when copying this message, always include the lines below):

0. base/poco/Foundation/src/Exception.cpp:32:1: Poco::Exception::Exception(String&&, int) @ 0x000000001e1d1bb8
1. src/Common/Exception.cpp:158:7: DB::Exception::Exception(DB::Exception::MessageMasked&&, int, bool) @ 0x000000000eb8908c
2. src/Common/Exception.h:201:100: DB::Exception::Exception(String&&, int, String, bool) @ 0x0000000009979258
3. src/Common/Exception.h:57:54: DB::Exception::Exception(PreformattedMessage&&, int) @ 0x0000000009978c8c
4. src/Common/Exception.h:219:77: DB::Exception::Exception<>(int, FormatStringHelperImpl<>) @ 0x000000000eb87c14
5. src/Planner/PlannerJoins.cpp:1442:15: DB::chooseJoinAlgorithm(std::shared_ptr<DB::TableJoin>&, DB::PreparedJoinStorage const&, std::shared_ptr<DB::Block const>, std::shared_ptr<DB::Block const>, DB::JoinAlgorithmParams const&) @ 0x000000001356e13c
6. src/Processors/QueryPlan/JoinStepLogical.cpp:1411:31: DB::buildPhysicalJoinImpl(std::vector<DB::QueryPlan::Node*, std::allocator<DB::QueryPlan::Node*>>, DB::JoinOperator, DB::JoinExpressionActions, DB::JoinSettings, DB::JoinAlgorithmParams, DB::SortingStep::Settings, std::vector<DB::ActionsDAG::Node const*, std::allocator<DB::ActionsDAG::Node const*>> const&, DB::QueryPlanOptimizationSettings const&, std::list<DB::QueryPlan::Node, std::allocator<DB::QueryPlan::Node>>&, DB::LogicalJoinInfo&&) @ 0x0000000019d53290
7. src/Processors/QueryPlan/JoinStepLogical.cpp:1503:21: DB::JoinStepLogical::buildPhysicalJoin(DB::QueryPlan::Node&, DB::QueryPlanOptimizationSettings const&, std::list<DB::QueryPlan::Node, std::allocator<DB::QueryPlan::Node>>&) @ 0x0000000019d50630
8. src/Processors/QueryPlan/Optimizations/optimizeJoin.cpp:604:5: DB::QueryPlanOptimizations::convertLogicalJoinToPhysical(DB::QueryPlan::Node&, std::list<DB::QueryPlan::Node, std::allocator<DB::QueryPlan::Node>>&, DB::QueryPlanOptimizationSettings const&) @ 0x0000000019ee5ed8
9. src/Processors/QueryPlan/Optimizations/optimizeTree.cpp:284:13: DB::QueryPlanOptimizations::optimizeTreeSecondPass(DB::QueryPlanOptimizationSettings const&, DB::QueryPlan::Node&, std::list<DB::QueryPlan::Node, std::allocator<DB::QueryPlan::Node>>&, DB::QueryPlan&) @ 0x0000000019f286d4
10. src/Processors/QueryPlan/QueryPlan.cpp:803:5: DB::QueryPlan::optimize(DB::QueryPlanOptimizationSettings const&) @ 0x0000000019da1a24
11. src/Interpreters/InterpreterSelectQueryAnalyzer.cpp:413:16: DB::InterpreterSelectQueryAnalyzer::buildQueryPipeline() @ 0x0000000013d9e0b8
12. src/Interpreters/InterpreterSelectQueryAnalyzer.cpp:374:29: DB::InterpreterSelectQueryAnalyzer::execute() @ 0x0000000013d9dd90
13. src/Interpreters/executeQuery.cpp:1954:40: DB::executeQueryImpl(char const*, char const*, std::shared_ptr<DB::Context>, DB::QueryFlags, DB::QueryProcessingStage::Enum, std::unique_ptr<DB::ReadBuffer, std::default_delete<DB::ReadBuffer>>&, boost::intrusive_ptr<DB::IAST>&, std::shared_ptr<DB::ImplicitTransactionControlExecutor>, std::function<void ()>, DB::QueryResultDetails&) @ 0x0000000014165df4
14. src/Interpreters/executeQuery.cpp:2438:11: DB::executeQuery(std::basic_string_view<char, std::char_traits<char>>, std::shared_ptr<DB::Context>, DB::QueryFlags, DB::QueryProcessingStage::Enum) @ 0x0000000014161810
15. src/Server/TCPHandler.cpp:899:68: DB::TCPHandler::runImpl() @ 0x00000000196c8980
16. src/Server/TCPHandler.cpp:3354:9: DB::TCPHandler::run() @ 0x00000000196e6744
17. base/poco/Net/src/TCPServerConnection.cpp:40:3: Poco::Net::TCPServerConnection::start() @ 0x000000001e24b798
18. base/poco/Net/src/TCPServerDispatcher.cpp:115:42: Poco::Net::TCPServerDispatcher::run() @ 0x000000001e24bd58
19. base/poco/Foundation/src/ThreadPool.cpp:207:14: Poco::PooledThread::run() @ 0x000000001e20c498
20. base/poco/Foundation/src/Thread_POSIX.cpp:341:27: Poco::ThreadImpl::runnableEntry(void*) @ 0x000000001e20a7b4
21. ? @ 0x000000000008c248
22. ? @ 0x00000000000f6adc

2026.08.02 16:01:50.162083 [ 1080095 ] {} <Error> TCPHandler: Code: 48. DB::Exception: Only `hash` join supports multiple ORs for keys in JOIN ON section. (NOT_IMPLEMENTED), Stack trace (when copying this message, always include the lines below):

0. base/poco/Foundation/src/Exception.cpp:32:1: Poco::Exception::Exception(String&&, int) @ 0x000000001e1d1bb8
1. src/Common/Exception.cpp:158:7: DB::Exception::Exception(DB::Exception::MessageMasked&&, int, bool) @ 0x000000000eb8908c
2. src/Common/Exception.h:201:100: DB::Exception::Exception(String&&, int, String, bool) @ 0x0000000009979258
3. src/Common/Exception.h:57:54: DB::Exception::Exception(PreformattedMessage&&, int) @ 0x0000000009978c8c
4. src/Common/Exception.h:219:77: DB::Exception::Exception<>(int, FormatStringHelperImpl<>) @ 0x000000000eb87c14
5. src/Planner/PlannerJoins.cpp:1442:15: DB::chooseJoinAlgorithm(std::shared_ptr<DB::TableJoin>&, DB::PreparedJoinStorage const&, std::shared_ptr<DB::Block const>, std::shared_ptr<DB::Block const>, DB::JoinAlgorithmParams const&) @ 0x000000001356e13c
6. src/Processors/QueryPlan/JoinStepLogical.cpp:1411:31: DB::buildPhysicalJoinImpl(std::vector<DB::QueryPlan::Node*, std::allocator<DB::QueryPlan::Node*>>, DB::JoinOperator, DB::JoinExpressionActions, DB::JoinSettings, DB::JoinAlgorithmParams, DB::SortingStep::Settings, std::vector<DB::ActionsDAG::Node const*, std::allocator<DB::ActionsDAG::Node const*>> const&, DB::QueryPlanOptimizationSettings const&, std::list<DB::QueryPlan::Node, std::allocator<DB::QueryPlan::Node>>&, DB::LogicalJoinInfo&&) @ 0x0000000019d53290
7. src/Processors/QueryPlan/JoinStepLogical.cpp:1503:21: DB::JoinStepLogical::buildPhysicalJoin(DB::QueryPlan::Node&, DB::QueryPlanOptimizationSettings const&, std::list<DB::QueryPlan::Node, std::allocator<DB::QueryPlan::Node>>&) @ 0x0000000019d50630
8. src/Processors/QueryPlan/Optimizations/optimizeJoin.cpp:604:5: DB::QueryPlanOptimizations::convertLogicalJoinToPhysical(DB::QueryPlan::Node&, std::list<DB::QueryPlan::Node, std::allocator<DB::QueryPlan::Node>>&, DB::QueryPlanOptimizationSettings const&) @ 0x0000000019ee5ed8
9. src/Processors/QueryPlan/Optimizations/optimizeTree.cpp:284:13: DB::QueryPlanOptimizations::optimizeTreeSecondPass(DB::QueryPlanOptimizationSettings const&, DB::QueryPlan::Node&, std::list<DB::QueryPlan::Node, std::allocator<DB::QueryPlan::Node>>&, DB::QueryPlan&) @ 0x0000000019f286d4
10. src/Processors/QueryPlan/QueryPlan.cpp:803:5: DB::QueryPlan::optimize(DB::QueryPlanOptimizationSettings const&) @ 0x0000000019da1a24
11. src/Interpreters/InterpreterSelectQueryAnalyzer.cpp:413:16: DB::InterpreterSelectQueryAnalyzer::buildQueryPipeline() @ 0x0000000013d9e0b8
12. src/Interpreters/InterpreterSelectQueryAnalyzer.cpp:374:29: DB::InterpreterSelectQueryAnalyzer::execute() @ 0x0000000013d9dd90
13. src/Interpreters/executeQuery.cpp:1954:40: DB::executeQueryImpl(char const*, char const*, std::shared_ptr<DB::Context>, DB::QueryFlags, DB::QueryProcessingStage::Enum, std::unique_ptr<DB::ReadBuffer, std::default_delete<DB::ReadBuffer>>&, boost::intrusive_ptr<DB::IAST>&, std::shared_ptr<DB::ImplicitTransactionControlExecutor>, std::function<void ()>, DB::QueryResultDetails&) @ 0x0000000014165df4
14. src/Interpreters/executeQuery.cpp:2438:11: DB::executeQuery(std::basic_string_view<char, std::char_traits<char>>, std::shared_ptr<DB::Context>, DB::QueryFlags, DB::QueryProcessingStage::Enum) @ 0x0000000014161810
15. src/Server/TCPHandler.cpp:899:68: DB::TCPHandler::runImpl() @ 0x00000000196c8980
16. src/Server/TCPHandler.cpp:3354:9: DB::TCPHandler::run() @ 0x00000000196e6744
17. base/poco/Net/src/TCPServerConnection.cpp:40:3: Poco::Net::TCPServerConnection::start() @ 0x000000001e24b798
18. base/poco/Net/src/TCPServerDispatcher.cpp:115:42: Poco::Net::TCPServerDispatcher::run() @ 0x000000001e24bd58
19. base/poco/Foundation/src/ThreadPool.cpp:207:14: Poco::PooledThread::run() @ 0x000000001e20c498
20. base/poco/Foundation/src/Thread_POSIX.cpp:341:27: Poco::ThreadImpl::runnableEntry(void*) @ 0x000000001e20a7b4
21. ? @ 0x000000000008c248
22. ? @ 0x00000000000f6adc

2026.08.02 16:01:50.212552 [ 1080095 ] {efda10df-ca55-4379-af32-79b2c29f9848} <Error> executeQuery: Code: 48. DB::Exception: Only `hash` join supports multiple ORs for keys in JOIN ON section. (NOT_IMPLEMENTED) (version 26.8.1.1) (from 127.0.0.1:53640) (query 1, line 1) (in query: SELECT l.k1,l.k2,l.v,r.k1,r.k2,r.w FROM av2.orl AS l RIGHT JOIN av2.orr AS r ON l.k1=r.k1 OR l.k2=r.k2 ORDER BY r.k1,r.k2,r.w,l.k1,l.k2,l.v SETTINGS join_algorithm='parallel_hash'), Stack trace (when copying this message, always include the lines below):

0. base/poco/Foundation/src/Exception.cpp:32:1: Poco::Exception::Exception(String&&, int) @ 0x000000001e1d1bb8
1. src/Common/Exception.cpp:158:7: DB::Exception::Exception(DB::Exception::MessageMasked&&, int, bool) @ 0x000000000eb8908c
2. src/Common/Exception.h:201:100: DB::Exception::Exception(String&&, int, String, bool) @ 0x0000000009979258
3. src/Common/Exception.h:57:54: DB::Exception::Exception(PreformattedMessage&&, int) @ 0x0000000009978c8c
4. src/Common/Exception.h:219:77: DB::Exception::Exception<>(int, FormatStringHelperImpl<>) @ 0x000000000eb87c14
5. src/Planner/PlannerJoins.cpp:1442:15: DB::chooseJoinAlgorithm(std::shared_ptr<DB::TableJoin>&, DB::PreparedJoinStorage const&, std::shared_ptr<DB::Block const>, std::shared_ptr<DB::Block const>, DB::JoinAlgorithmParams const&) @ 0x000000001356e13c
6. src/Processors/QueryPlan/JoinStepLogical.cpp:1411:31: DB::buildPhysicalJoinImpl(std::vector<DB::QueryPlan::Node*, std::allocator<DB::QueryPlan::Node*>>, DB::JoinOperator, DB::JoinExpressionActions, DB::JoinSettings, DB::JoinAlgorithmParams, DB::SortingStep::Settings, std::vector<DB::ActionsDAG::Node const*, std::allocator<DB::ActionsDAG::Node const*>> const&, DB::QueryPlanOptimizationSettings const&, std::list<DB::QueryPlan::Node, std::allocator<DB::QueryPlan::Node>>&, DB::LogicalJoinInfo&&) @ 0x0000000019d53290
7. src/Processors/QueryPlan/JoinStepLogical.cpp:1503:21: DB::JoinStepLogical::buildPhysicalJoin(DB::QueryPlan::Node&, DB::QueryPlanOptimizationSettings const&, std::list<DB::QueryPlan::Node, std::allocator<DB::QueryPlan::Node>>&) @ 0x0000000019d50630
8. src/Processors/QueryPlan/Optimizations/optimizeJoin.cpp:604:5: DB::QueryPlanOptimizations::convertLogicalJoinToPhysical(DB::QueryPlan::Node&, std::list<DB::QueryPlan::Node, std::allocator<DB::QueryPlan::Node>>&, DB::QueryPlanOptimizationSettings const&) @ 0x0000000019ee5ed8
9. src/Processors/QueryPlan/Optimizations/optimizeTree.cpp:284:13: DB::QueryPlanOptimizations::optimizeTreeSecondPass(DB::QueryPlanOptimizationSettings const&, DB::QueryPlan::Node&, std::list<DB::QueryPlan::Node, std::allocator<DB::QueryPlan::Node>>&, DB::QueryPlan&) @ 0x0000000019f286d4
10. src/Processors/QueryPlan/QueryPlan.cpp:803:5: DB::QueryPlan::optimize(DB::QueryPlanOptimizationSettings const&) @ 0x0000000019da1a24
11. src/Interpreters/InterpreterSelectQueryAnalyzer.cpp:413:16: DB::InterpreterSelectQueryAnalyzer::buildQueryPipeline() @ 0x0000000013d9e0b8
12. src/Interpreters/InterpreterSelectQueryAnalyzer.cpp:374:29: DB::InterpreterSelectQueryAnalyzer::execute() @ 0x0000000013d9dd90
13. src/Interpreters/executeQuery.cpp:1954:40: DB::executeQueryImpl(char const*, char const*, std::shared_ptr<DB::Context>, DB::QueryFlags, DB::QueryProcessingStage::Enum, std::unique_ptr<DB::ReadBuffer, std::default_delete<DB::ReadBuffer>>&, boost::intrusive_ptr<DB::IAST>&, std::shared_ptr<DB::ImplicitTransactionControlExecutor>, std::function<void ()>, DB::QueryResultDetails&) @ 0x0000000014165df4
14. src/Interpreters/executeQuery.cpp:2438:11: DB::executeQuery(std::basic_string_view<char, std::char_traits<char>>, std::shared_ptr<DB::Context>, DB::QueryFlags, DB::QueryProcessingStage::Enum) @ 0x0000000014161810
15. src/Server/TCPHandler.cpp:899:68: DB::TCPHandler::runImpl() @ 0x00000000196c8980
16. src/Server/TCPHandler.cpp:3354:9: DB::TCPHandler::run() @ 0x00000000196e6744
17. base/poco/Net/src/TCPServerConnection.cpp:40:3: Poco::Net::TCPServerConnection::start() @ 0x000000001e24b798
18. base/poco/Net/src/TCPServerDispatcher.cpp:115:42: Poco::Net::TCPServerDispatcher::run() @ 0x000000001e24bd58
19. base/poco/Foundation/src/ThreadPool.cpp:207:14: Poco::PooledThread::run() @ 0x000000001e20c498
20. base/poco/Foundation/src/Thread_POSIX.cpp:341:27: Poco::ThreadImpl::runnableEntry(void*) @ 0x000000001e20a7b4
21. ? @ 0x000000000008c248
22. ? @ 0x00000000000f6adc

2026.08.02 16:01:50.212686 [ 1080095 ] {} <Error> TCPHandler: Code: 48. DB::Exception: Only `hash` join supports multiple ORs for keys in JOIN ON section. (NOT_IMPLEMENTED), Stack trace (when copying this message, always include the lines below):

0. base/poco/Foundation/src/Exception.cpp:32:1: Poco::Exception::Exception(String&&, int) @ 0x000000001e1d1bb8
1. src/Common/Exception.cpp:158:7: DB::Exception::Exception(DB::Exception::MessageMasked&&, int, bool) @ 0x000000000eb8908c
2. src/Common/Exception.h:201:100: DB::Exception::Exception(String&&, int, String, bool) @ 0x0000000009979258
3. src/Common/Exception.h:57:54: DB::Exception::Exception(PreformattedMessage&&, int) @ 0x0000000009978c8c
4. src/Common/Exception.h:219:77: DB::Exception::Exception<>(int, FormatStringHelperImpl<>) @ 0x000000000eb87c14
5. src/Planner/PlannerJoins.cpp:1442:15: DB::chooseJoinAlgorithm(std::shared_ptr<DB::TableJoin>&, DB::PreparedJoinStorage const&, std::shared_ptr<DB::Block const>, std::shared_ptr<DB::Block const>, DB::JoinAlgorithmParams const&) @ 0x000000001356e13c
6. src/Processors/QueryPlan/JoinStepLogical.cpp:1411:31: DB::buildPhysicalJoinImpl(std::vector<DB::QueryPlan::Node*, std::allocator<DB::QueryPlan::Node*>>, DB::JoinOperator, DB::JoinExpressionActions, DB::JoinSettings, DB::JoinAlgorithmParams, DB::SortingStep::Settings, std::vector<DB::ActionsDAG::Node const*, std::allocator<DB::ActionsDAG::Node const*>> const&, DB::QueryPlanOptimizationSettings const&, std::list<DB::QueryPlan::Node, std::allocator<DB::QueryPlan::Node>>&, DB::LogicalJoinInfo&&) @ 0x0000000019d53290
7. src/Processors/QueryPlan/JoinStepLogical.cpp:1503:21: DB::JoinStepLogical::buildPhysicalJoin(DB::QueryPlan::Node&, DB::QueryPlanOptimizationSettings const&, std::list<DB::QueryPlan::Node, std::allocator<DB::QueryPlan::Node>>&) @ 0x0000000019d50630
8. src/Processors/QueryPlan/Optimizations/optimizeJoin.cpp:604:5: DB::QueryPlanOptimizations::convertLogicalJoinToPhysical(DB::QueryPlan::Node&, std::list<DB::QueryPlan::Node, std::allocator<DB::QueryPlan::Node>>&, DB::QueryPlanOptimizationSettings const&) @ 0x0000000019ee5ed8
9. src/Processors/QueryPlan/Optimizations/optimizeTree.cpp:284:13: DB::QueryPlanOptimizations::optimizeTreeSecondPass(DB::QueryPlanOptimizationSettings const&, DB::QueryPlan::Node&, std::list<DB::QueryPlan::Node, std::allocator<DB::QueryPlan::Node>>&, DB::QueryPlan&) @ 0x0000000019f286d4
10. src/Processors/QueryPlan/QueryPlan.cpp:803:5: DB::QueryPlan::optimize(DB::QueryPlanOptimizationSettings const&) @ 0x0000000019da1a24
11. src/Interpreters/InterpreterSelectQueryAnalyzer.cpp:413:16: DB::InterpreterSelectQueryAnalyzer::buildQueryPipeline() @ 0x0000000013d9e0b8
12. src/Interpreters/InterpreterSelectQueryAnalyzer.cpp:374:29: DB::InterpreterSelectQueryAnalyzer::execute() @ 0x0000000013d9dd90
13. src/Interpreters/executeQuery.cpp:1954:40: DB::executeQueryImpl(char const*, char const*, std::shared_ptr<DB::Context>, DB::QueryFlags, DB::QueryProcessingStage::Enum, std::unique_ptr<DB::ReadBuffer, std::default_delete<DB::ReadBuffer>>&, boost::intrusive_ptr<DB::IAST>&, std::shared_ptr<DB::ImplicitTransactionControlExecutor>, std::function<void ()>, DB::QueryResultDetails&) @ 0x0000000014165df4
14. src/Interpreters/executeQuery.cpp:2438:11: DB::executeQuery(std::basic_string_view<char, std::char_traits<char>>, std::shared_ptr<DB::Context>, DB::QueryFlags, DB::QueryProcessingStage::Enum) @ 0x0000000014161810
15. src/Server/TCPHandler.cpp:899:68: DB::TCPHandler::runImpl() @ 0x00000000196c8980
16. src/Server/TCPHandler.cpp:3354:9: DB::TCPHandler::run() @ 0x00000000196e6744
17. base/poco/Net/src/TCPServerConnection.cpp:40:3: Poco::Net::TCPServerConnection::start() @ 0x000000001e24b798
18. base/poco/Net/src/TCPServerDispatcher.cpp:115:42: Poco::Net::TCPServerDispatcher::run() @ 0x000000001e24bd58
19. base/poco/Foundation/src/ThreadPool.cpp:207:14: Poco::PooledThread::run() @ 0x000000001e20c498
20. base/poco/Foundation/src/Thread_POSIX.cpp:341:27: Poco::ThreadImpl::runnableEntry(void*) @ 0x000000001e20a7b4
21. ? @ 0x000000000008c248
22. ? @ 0x00000000000f6adc

2026.08.02 16:01:50.262729 [ 1080095 ] {000f9e15-83f5-40ce-bb3a-2102ae439ae1} <Error> executeQuery: Code: 48. DB::Exception: Only `hash` join supports multiple ORs for keys in JOIN ON section. (NOT_IMPLEMENTED) (version 26.8.1.1) (from 127.0.0.1:53652) (query 1, line 1) (in query: SELECT l.k1,l.k2,l.v,r.k1,r.k2,r.w FROM av2.orl AS l RIGHT JOIN av2.orr AS r ON l.k1=r.k1 OR l.k2=r.k2 ORDER BY r.k1,r.k2,r.w,l.k1,l.k2,l.v SETTINGS join_algorithm='parallel_hash'), Stack trace (when copying this message, always include the lines below):

0. base/poco/Foundation/src/Exception.cpp:32:1: Poco::Exception::Exception(String&&, int) @ 0x000000001e1d1bb8
1. src/Common/Exception.cpp:158:7: DB::Exception::Exception(DB::Exception::MessageMasked&&, int, bool) @ 0x000000000eb8908c
2. src/Common/Exception.h:201:100: DB::Exception::Exception(String&&, int, String, bool) @ 0x0000000009979258
3. src/Common/Exception.h:57:54: DB::Exception::Exception(PreformattedMessage&&, int) @ 0x0000000009978c8c
4. src/Common/Exception.h:219:77: DB::Exception::Exception<>(int, FormatStringHelperImpl<>) @ 0x000000000eb87c14
5. src/Planner/PlannerJoins.cpp:1442:15: DB::chooseJoinAlgorithm(std::shared_ptr<DB::TableJoin>&, DB::PreparedJoinStorage const&, std::shared_ptr<DB::Block const>, std::shared_ptr<DB::Block const>, DB::JoinAlgorithmParams const&) @ 0x000000001356e13c
6. src/Processors/QueryPlan/JoinStepLogical.cpp:1411:31: DB::buildPhysicalJoinImpl(std::vector<DB::QueryPlan::Node*, std::allocator<DB::QueryPlan::Node*>>, DB::JoinOperator, DB::JoinExpressionActions, DB::JoinSettings, DB::JoinAlgorithmParams, DB::SortingStep::Settings, std::vector<DB::ActionsDAG::Node const*, std::allocator<DB::ActionsDAG::Node const*>> const&, DB::QueryPlanOptimizationSettings const&, std::list<DB::QueryPlan::Node, std::allocator<DB::QueryPlan::Node>>&, DB::LogicalJoinInfo&&) @ 0x0000000019d53290
7. src/Processors/QueryPlan/JoinStepLogical.cpp:1503:21: DB::JoinStepLogical::buildPhysicalJoin(DB::QueryPlan::Node&, DB::QueryPlanOptimizationSettings const&, std::list<DB::QueryPlan::Node, std::allocator<DB::QueryPlan::Node>>&) @ 0x0000000019d50630
8. src/Processors/QueryPlan/Optimizations/optimizeJoin.cpp:604:5: DB::QueryPlanOptimizations::convertLogicalJoinToPhysical(DB::QueryPlan::Node&, std::list<DB::QueryPlan::Node, std::allocator<DB::QueryPlan::Node>>&, DB::QueryPlanOptimizationSettings const&) @ 0x0000000019ee5ed8
9. src/Processors/QueryPlan/Optimizations/optimizeTree.cpp:284:13: DB::QueryPlanOptimizations::optimizeTreeSecondPass(DB::QueryPlanOptimizationSettings const&, DB::QueryPlan::Node&, std::list<DB::QueryPlan::Node, std::allocator<DB::QueryPlan::Node>>&, DB::QueryPlan&) @ 0x0000000019f286d4
10. src/Processors/QueryPlan/QueryPlan.cpp:803:5: DB::QueryPlan::optimize(DB::QueryPlanOptimizationSettings const&) @ 0x0000000019da1a24
11. src/Interpreters/InterpreterSelectQueryAnalyzer.cpp:413:16: DB::InterpreterSelectQueryAnalyzer::buildQueryPipeline() @ 0x0000000013d9e0b8
12. src/Interpreters/InterpreterSelectQueryAnalyzer.cpp:374:29: DB::InterpreterSelectQueryAnalyzer::execute() @ 0x0000000013d9dd90
13. src/Interpreters/executeQuery.cpp:1954:40: DB::executeQueryImpl(char const*, char const*, std::shared_ptr<DB::Context>, DB::QueryFlags, DB::QueryProcessingStage::Enum, std::unique_ptr<DB::ReadBuffer, std::default_delete<DB::ReadBuffer>>&, boost::intrusive_ptr<DB::IAST>&, std::shared_ptr<DB::ImplicitTransactionControlExecutor>, std::function<void ()>, DB::QueryResultDetails&) @ 0x0000000014165df4
14. src/Interpreters/executeQuery.cpp:2438:11: DB::executeQuery(std::basic_string_view<char, std::char_traits<char>>, std::shared_ptr<DB::Context>, DB::QueryFlags, DB::QueryProcessingStage::Enum) @ 0x0000000014161810
15. src/Server/TCPHandler.cpp:899:68: DB::TCPHandler::runImpl() @ 0x00000000196c8980
16. src/Server/TCPHandler.cpp:3354:9: DB::TCPHandler::run() @ 0x00000000196e6744
17. base/poco/Net/src/TCPServerConnection.cpp:40:3: Poco::Net::TCPServerConnection::start() @ 0x000000001e24b798
18. base/poco/Net/src/TCPServerDispatcher.cpp:115:42: Poco::Net::TCPServerDispatcher::run() @ 0x000000001e24bd58
19. base/poco/Foundation/src/ThreadPool.cpp:207:14: Poco::PooledThread::run() @ 0x000000001e20c498
20. base/poco/Foundation/src/Thread_POSIX.cpp:341:27: Poco::ThreadImpl::runnableEntry(void*) @ 0x000000001e20a7b4
21. ? @ 0x000000000008c248
22. ? @ 0x00000000000f6adc

2026.08.02 16:01:50.262882 [ 1080095 ] {} <Error> TCPHandler: Code: 48. DB::Exception: Only `hash` join supports multiple ORs for keys in JOIN ON section. (NOT_IMPLEMENTED), Stack trace (when copying this message, always include the lines below):

0. base/poco/Foundation/src/Exception.cpp:32:1: Poco::Exception::Exception(String&&, int) @ 0x000000001e1d1bb8
1. src/Common/Exception.cpp:158:7: DB::Exception::Exception(DB::Exception::MessageMasked&&, int, bool) @ 0x000000000eb8908c
2. src/Common/Exception.h:201:100: DB::Exception::Exception(String&&, int, String, bool) @ 0x0000000009979258
3. src/Common/Exception.h:57:54: DB::Exception::Exception(PreformattedMessage&&, int) @ 0x0000000009978c8c
4. src/Common/Exception.h:219:77: DB::Exception::Exception<>(int, FormatStringHelperImpl<>) @ 0x000000000eb87c14
5. src/Planner/PlannerJoins.cpp:1442:15: DB::chooseJoinAlgorithm(std::shared_ptr<DB::TableJoin>&, DB::PreparedJoinStorage const&, std::shared_ptr<DB::Block const>, std::shared_ptr<DB::Block const>, DB::JoinAlgorithmParams const&) @ 0x000000001356e13c
6. src/Processors/QueryPlan/JoinStepLogical.cpp:1411:31: DB::buildPhysicalJoinImpl(std::vector<DB::QueryPlan::Node*, std::allocator<DB::QueryPlan::Node*>>, DB::JoinOperator, DB::JoinExpressionActions, DB::JoinSettings, DB::JoinAlgorithmParams, DB::SortingStep::Settings, std::vector<DB::ActionsDAG::Node const*, std::allocator<DB::ActionsDAG::Node const*>> const&, DB::QueryPlanOptimizationSettings const&, std::list<DB::QueryPlan::Node, std::allocator<DB::QueryPlan::Node>>&, DB::LogicalJoinInfo&&) @ 0x0000000019d53290
7. src/Processors/QueryPlan/JoinStepLogical.cpp:1503:21: DB::JoinStepLogical::buildPhysicalJoin(DB::QueryPlan::Node&, DB::QueryPlanOptimizationSettings const&, std::list<DB::QueryPlan::Node, std::allocator<DB::QueryPlan::Node>>&) @ 0x0000000019d50630
8. src/Processors/QueryPlan/Optimizations/optimizeJoin.cpp:604:5: DB::QueryPlanOptimizations::convertLogicalJoinToPhysical(DB::QueryPlan::Node&, std::list<DB::QueryPlan::Node, std::allocator<DB::QueryPlan::Node>>&, DB::QueryPlanOptimizationSettings const&) @ 0x0000000019ee5ed8
9. src/Processors/QueryPlan/Optimizations/optimizeTree.cpp:284:13: DB::QueryPlanOptimizations::optimizeTreeSecondPass(DB::QueryPlanOptimizationSettings const&, DB::QueryPlan::Node&, std::list<DB::QueryPlan::Node, std::allocator<DB::QueryPlan::Node>>&, DB::QueryPlan&) @ 0x0000000019f286d4
10. src/Processors/QueryPlan/QueryPlan.cpp:803:5: DB::QueryPlan::optimize(DB::QueryPlanOptimizationSettings const&) @ 0x0000000019da1a24
11. src/Interpreters/InterpreterSelectQueryAnalyzer.cpp:413:16: DB::InterpreterSelectQueryAnalyzer::buildQueryPipeline() @ 0x0000000013d9e0b8
12. src/Interpreters/InterpreterSelectQueryAnalyzer.cpp:374:29: DB::InterpreterSelectQueryAnalyzer::execute() @ 0x0000000013d9dd90
13. src/Interpreters/executeQuery.cpp:1954:40: DB::executeQueryImpl(char const*, char const*, std::shared_ptr<DB::Context>, DB::QueryFlags, DB::QueryProcessingStage::Enum, std::unique_ptr<DB::ReadBuffer, std::default_delete<DB::ReadBuffer>>&, boost::intrusive_ptr<DB::IAST>&, std::shared_ptr<DB::ImplicitTransactionControlExecutor>, std::function<void ()>, DB::QueryResultDetails&) @ 0x0000000014165df4
14. src/Interpreters/executeQuery.cpp:2438:11: DB::executeQuery(std::basic_string_view<char, std::char_traits<char>>, std::shared_ptr<DB::Context>, DB::QueryFlags, DB::QueryProcessingStage::Enum) @ 0x0000000014161810
15. src/Server/TCPHandler.cpp:899:68: DB::TCPHandler::runImpl() @ 0x00000000196c8980
16. src/Server/TCPHandler.cpp:3354:9: DB::TCPHandler::run() @ 0x00000000196e6744
17. base/poco/Net/src/TCPServerConnection.cpp:40:3: Poco::Net::TCPServerConnection::start() @ 0x000000001e24b798
18. base/poco/Net/src/TCPServerDispatcher.cpp:115:42: Poco::Net::TCPServerDispatcher::run() @ 0x000000001e24bd58
19. base/poco/Foundation/src/ThreadPool.cpp:207:14: Poco::PooledThread::run() @ 0x000000001e20c498
20. base/poco/Foundation/src/Thread_POSIX.cpp:341:27: Poco::ThreadImpl::runnableEntry(void*) @ 0x000000001e20a7b4
21. ? @ 0x000000000008c248
22. ? @ 0x00000000000f6adc

2026.08.02 16:01:51.292447 [ 1080095 ] {20e3a71f-dde1-4ad7-8ca3-aa0311b12616} <Error> executeQuery: Code: 48. DB::Exception: Only `hash` join supports multiple ORs for keys in JOIN ON section. (NOT_IMPLEMENTED) (version 26.8.1.1) (from 127.0.0.1:57736) (query 1, line 1) (in query: SELECT l.k1,l.k2,l.v,r.k1,r.k2,r.w FROM av2.orl AS l FULL JOIN av2.orr AS r ON l.k1=r.k1 OR l.k2=r.k2 ORDER BY r.k1,r.k2,r.w,l.k1,l.k2,l.v SETTINGS join_algorithm='parallel_hash'), Stack trace (when copying this message, always include the lines below):

0. base/poco/Foundation/src/Exception.cpp:32:1: Poco::Exception::Exception(String&&, int) @ 0x000000001e1d1bb8
1. src/Common/Exception.cpp:158:7: DB::Exception::Exception(DB::Exception::MessageMasked&&, int, bool) @ 0x000000000eb8908c
2. src/Common/Exception.h:201:100: DB::Exception::Exception(String&&, int, String, bool) @ 0x0000000009979258
3. src/Common/Exception.h:57:54: DB::Exception::Exception(PreformattedMessage&&, int) @ 0x0000000009978c8c
4. src/Common/Exception.h:219:77: DB::Exception::Exception<>(int, FormatStringHelperImpl<>) @ 0x000000000eb87c14
5. src/Planner/PlannerJoins.cpp:1442:15: DB::chooseJoinAlgorithm(std::shared_ptr<DB::TableJoin>&, DB::PreparedJoinStorage const&, std::shared_ptr<DB::Block const>, std::shared_ptr<DB::Block const>, DB::JoinAlgorithmParams const&) @ 0x000000001356e13c
6. src/Processors/QueryPlan/JoinStepLogical.cpp:1411:31: DB::buildPhysicalJoinImpl(std::vector<DB::QueryPlan::Node*, std::allocator<DB::QueryPlan::Node*>>, DB::JoinOperator, DB::JoinExpressionActions, DB::JoinSettings, DB::JoinAlgorithmParams, DB::SortingStep::Settings, std::vector<DB::ActionsDAG::Node const*, std::allocator<DB::ActionsDAG::Node const*>> const&, DB::QueryPlanOptimizationSettings const&, std::list<DB::QueryPlan::Node, std::allocator<DB::QueryPlan::Node>>&, DB::LogicalJoinInfo&&) @ 0x0000000019d53290
7. src/Processors/QueryPlan/JoinStepLogical.cpp:1503:21: DB::JoinStepLogical::buildPhysicalJoin(DB::QueryPlan::Node&, DB::QueryPlanOptimizationSettings const&, std::list<DB::QueryPlan::Node, std::allocator<DB::QueryPlan::Node>>&) @ 0x0000000019d50630
8. src/Processors/QueryPlan/Optimizations/optimizeJoin.cpp:604:5: DB::QueryPlanOptimizations::convertLogicalJoinToPhysical(DB::QueryPlan::Node&, std::list<DB::QueryPlan::Node, std::allocator<DB::QueryPlan::Node>>&, DB::QueryPlanOptimizationSettings const&) @ 0x0000000019ee5ed8
9. src/Processors/QueryPlan/Optimizations/optimizeTree.cpp:284:13: DB::QueryPlanOptimizations::optimizeTreeSecondPass(DB::QueryPlanOptimizationSettings const&, DB::QueryPlan::Node&, std::list<DB::QueryPlan::Node, std::allocator<DB::QueryPlan::Node>>&, DB::QueryPlan&) @ 0x0000000019f286d4
10. src/Processors/QueryPlan/QueryPlan.cpp:803:5: DB::QueryPlan::optimize(DB::QueryPlanOptimizationSettings const&) @ 0x0000000019da1a24
11. src/Interpreters/InterpreterSelectQueryAnalyzer.cpp:413:16: DB::InterpreterSelectQueryAnalyzer::buildQueryPipeline() @ 0x0000000013d9e0b8
12. src/Interpreters/InterpreterSelectQueryAnalyzer.cpp:374:29: DB::InterpreterSelectQueryAnalyzer::execute() @ 0x0000000013d9dd90
13. src/Interpreters/executeQuery.cpp:1954:40: DB::executeQueryImpl(char const*, char const*, std::shared_ptr<DB::Context>, DB::QueryFlags, DB::QueryProcessingStage::Enum, std::unique_ptr<DB::ReadBuffer, std::default_delete<DB::ReadBuffer>>&, boost::intrusive_ptr<DB::IAST>&, std::shared_ptr<DB::ImplicitTransactionControlExecutor>, std::function<void ()>, DB::QueryResultDetails&) @ 0x0000000014165df4
14. src/Interpreters/executeQuery.cpp:2438:11: DB::executeQuery(std::basic_string_view<char, std::char_traits<char>>, std::shared_ptr<DB::Context>, DB::QueryFlags, DB::QueryProcessingStage::Enum) @ 0x0000000014161810
15. src/Server/TCPHandler.cpp:899:68: DB::TCPHandler::runImpl() @ 0x00000000196c8980
16. src/Server/TCPHandler.cpp:3354:9: DB::TCPHandler::run() @ 0x00000000196e6744
17. base/poco/Net/src/TCPServerConnection.cpp:40:3: Poco::Net::TCPServerConnection::start() @ 0x000000001e24b798
18. base/poco/Net/src/TCPServerDispatcher.cpp:115:42: Poco::Net::TCPServerDispatcher::run() @ 0x000000001e24bd58
19. base/poco/Foundation/src/ThreadPool.cpp:207:14: Poco::PooledThread::run() @ 0x000000001e20c498
20. base/poco/Foundation/src/Thread_POSIX.cpp:341:27: Poco::ThreadImpl::runnableEntry(void*) @ 0x000000001e20a7b4
21. ? @ 0x000000000008c248
22. ? @ 0x00000000000f6adc

2026.08.02 16:01:51.292586 [ 1080095 ] {} <Error> TCPHandler: Code: 48. DB::Exception: Only `hash` join supports multiple ORs for keys in JOIN ON section. (NOT_IMPLEMENTED), Stack trace (when copying this message, always include the lines below):

0. base/poco/Foundation/src/Exception.cpp:32:1: Poco::Exception::Exception(String&&, int) @ 0x000000001e1d1bb8
1. src/Common/Exception.cpp:158:7: DB::Exception::Exception(DB::Exception::MessageMasked&&, int, bool) @ 0x000000000eb8908c
2. src/Common/Exception.h:201:100: DB::Exception::Exception(String&&, int, String, bool) @ 0x0000000009979258
3. src/Common/Exception.h:57:54: DB::Exception::Exception(PreformattedMessage&&, int) @ 0x0000000009978c8c
4. src/Common/Exception.h:219:77: DB::Exception::Exception<>(int, FormatStringHelperImpl<>) @ 0x000000000eb87c14
5. src/Planner/PlannerJoins.cpp:1442:15: DB::chooseJoinAlgorithm(std::shared_ptr<DB::TableJoin>&, DB::PreparedJoinStorage const&, std::shared_ptr<DB::Block const>, std::shared_ptr<DB::Block const>, DB::JoinAlgorithmParams const&) @ 0x000000001356e13c
6. src/Processors/QueryPlan/JoinStepLogical.cpp:1411:31: DB::buildPhysicalJoinImpl(std::vector<DB::QueryPlan::Node*, std::allocator<DB::QueryPlan::Node*>>, DB::JoinOperator, DB::JoinExpressionActions, DB::JoinSettings, DB::JoinAlgorithmParams, DB::SortingStep::Settings, std::vector<DB::ActionsDAG::Node const*, std::allocator<DB::ActionsDAG::Node const*>> const&, DB::QueryPlanOptimizationSettings const&, std::list<DB::QueryPlan::Node, std::allocator<DB::QueryPlan::Node>>&, DB::LogicalJoinInfo&&) @ 0x0000000019d53290
7. src/Processors/QueryPlan/JoinStepLogical.cpp:1503:21: DB::JoinStepLogical::buildPhysicalJoin(DB::QueryPlan::Node&, DB::QueryPlanOptimizationSettings const&, std::list<DB::QueryPlan::Node, std::allocator<DB::QueryPlan::Node>>&) @ 0x0000000019d50630
8. src/Processors/QueryPlan/Optimizations/optimizeJoin.cpp:604:5: DB::QueryPlanOptimizations::convertLogicalJoinToPhysical(DB::QueryPlan::Node&, std::list<DB::QueryPlan::Node, std::allocator<DB::QueryPlan::Node>>&, DB::QueryPlanOptimizationSettings const&) @ 0x0000000019ee5ed8
9. src/Processors/QueryPlan/Optimizations/optimizeTree.cpp:284:13: DB::QueryPlanOptimizations::optimizeTreeSecondPass(DB::QueryPlanOptimizationSettings const&, DB::QueryPlan::Node&, std::list<DB::QueryPlan::Node, std::allocator<DB::QueryPlan::Node>>&, DB::QueryPlan&) @ 0x0000000019f286d4
10. src/Processors/QueryPlan/QueryPlan.cpp:803:5: DB::QueryPlan::optimize(DB::QueryPlanOptimizationSettings const&) @ 0x0000000019da1a24
11. src/Interpreters/InterpreterSelectQueryAnalyzer.cpp:413:16: DB::InterpreterSelectQueryAnalyzer::buildQueryPipeline() @ 0x0000000013d9e0b8
12. src/Interpreters/InterpreterSelectQueryAnalyzer.cpp:374:29: DB::InterpreterSelectQueryAnalyzer::execute() @ 0x0000000013d9dd90
13. src/Interpreters/executeQuery.cpp:1954:40: DB::executeQueryImpl(char const*, char const*, std::shared_ptr<DB::Context>, DB::QueryFlags, DB::QueryProcessingStage::Enum, std::unique_ptr<DB::ReadBuffer, std::default_delete<DB::ReadBuffer>>&, boost::intrusive_ptr<DB::IAST>&, std::shared_ptr<DB::ImplicitTransactionControlExecutor>, std::function<void ()>, DB::QueryResultDetails&) @ 0x0000000014165df4
14. src/Interpreters/executeQuery.cpp:2438:11: DB::executeQuery(std::basic_string_view<char, std::char_traits<char>>, std::shared_ptr<DB::Context>, DB::QueryFlags, DB::QueryProcessingStage::Enum) @ 0x0000000014161810
15. src/Server/TCPHandler.cpp:899:68: DB::TCPHandler::runImpl() @ 0x00000000196c8980
16. src/Server/TCPHandler.cpp:3354:9: DB::TCPHandler::run() @ 0x00000000196e6744
17. base/poco/Net/src/TCPServerConnection.cpp:40:3: Poco::Net::TCPServerConnection::start() @ 0x000000001e24b798
18. base/poco/Net/src/TCPServerDispatcher.cpp:115:42: Poco::Net::TCPServerDispatcher::run() @ 0x000000001e24bd58
19. base/poco/Foundation/src/ThreadPool.cpp:207:14: Poco::PooledThread::run() @ 0x000000001e20c498
20. base/poco/Foundation/src/Thread_POSIX.cpp:341:27: Poco::ThreadImpl::runnableEntry(void*) @ 0x000000001e20a7b4
21. ? @ 0x000000000008c248
22. ? @ 0x00000000000f6adc

2026.08.02 16:01:51.343173 [ 1080095 ] {281870b2-0f4f-4d72-8c8e-129843ecd5e6} <Error> executeQuery: Code: 48. DB::Exception: Only `hash` join supports multiple ORs for keys in JOIN ON section. (NOT_IMPLEMENTED) (version 26.8.1.1) (from 127.0.0.1:57738) (query 1, line 1) (in query: SELECT l.k1,l.k2,l.v,r.k1,r.k2,r.w FROM av2.orl AS l FULL JOIN av2.orr AS r ON l.k1=r.k1 OR l.k2=r.k2 ORDER BY r.k1,r.k2,r.w,l.k1,l.k2,l.v SETTINGS join_algorithm='parallel_hash'), Stack trace (when copying this message, always include the lines below):

0. base/poco/Foundation/src/Exception.cpp:32:1: Poco::Exception::Exception(String&&, int) @ 0x000000001e1d1bb8
1. src/Common/Exception.cpp:158:7: DB::Exception::Exception(DB::Exception::MessageMasked&&, int, bool) @ 0x000000000eb8908c
2. src/Common/Exception.h:201:100: DB::Exception::Exception(String&&, int, String, bool) @ 0x0000000009979258
3. src/Common/Exception.h:57:54: DB::Exception::Exception(PreformattedMessage&&, int) @ 0x0000000009978c8c
4. src/Common/Exception.h:219:77: DB::Exception::Exception<>(int, FormatStringHelperImpl<>) @ 0x000000000eb87c14
5. src/Planner/PlannerJoins.cpp:1442:15: DB::chooseJoinAlgorithm(std::shared_ptr<DB::TableJoin>&, DB::PreparedJoinStorage const&, std::shared_ptr<DB::Block const>, std::shared_ptr<DB::Block const>, DB::JoinAlgorithmParams const&) @ 0x000000001356e13c
6. src/Processors/QueryPlan/JoinStepLogical.cpp:1411:31: DB::buildPhysicalJoinImpl(std::vector<DB::QueryPlan::Node*, std::allocator<DB::QueryPlan::Node*>>, DB::JoinOperator, DB::JoinExpressionActions, DB::JoinSettings, DB::JoinAlgorithmParams, DB::SortingStep::Settings, std::vector<DB::ActionsDAG::Node const*, std::allocator<DB::ActionsDAG::Node const*>> const&, DB::QueryPlanOptimizationSettings const&, std::list<DB::QueryPlan::Node, std::allocator<DB::QueryPlan::Node>>&, DB::LogicalJoinInfo&&) @ 0x0000000019d53290
7. src/Processors/QueryPlan/JoinStepLogical.cpp:1503:21: DB::JoinStepLogical::buildPhysicalJoin(DB::QueryPlan::Node&, DB::QueryPlanOptimizationSettings const&, std::list<DB::QueryPlan::Node, std::allocator<DB::QueryPlan::Node>>&) @ 0x0000000019d50630
8. src/Processors/QueryPlan/Optimizations/optimizeJoin.cpp:604:5: DB::QueryPlanOptimizations::convertLogicalJoinToPhysical(DB::QueryPlan::Node&, std::list<DB::QueryPlan::Node, std::allocator<DB::QueryPlan::Node>>&, DB::QueryPlanOptimizationSettings const&) @ 0x0000000019ee5ed8
9. src/Processors/QueryPlan/Optimizations/optimizeTree.cpp:284:13: DB::QueryPlanOptimizations::optimizeTreeSecondPass(DB::QueryPlanOptimizationSettings const&, DB::QueryPlan::Node&, std::list<DB::QueryPlan::Node, std::allocator<DB::QueryPlan::Node>>&, DB::QueryPlan&) @ 0x0000000019f286d4
10. src/Processors/QueryPlan/QueryPlan.cpp:803:5: DB::QueryPlan::optimize(DB::QueryPlanOptimizationSettings const&) @ 0x0000000019da1a24
11. src/Interpreters/InterpreterSelectQueryAnalyzer.cpp:413:16: DB::InterpreterSelectQueryAnalyzer::buildQueryPipeline() @ 0x0000000013d9e0b8
12. src/Interpreters/InterpreterSelectQueryAnalyzer.cpp:374:29: DB::InterpreterSelectQueryAnalyzer::execute() @ 0x0000000013d9dd90
13. src/Interpreters/executeQuery.cpp:1954:40: DB::executeQueryImpl(char const*, char const*, std::shared_ptr<DB::Context>, DB::QueryFlags, DB::QueryProcessingStage::Enum, std::unique_ptr<DB::ReadBuffer, std::default_delete<DB::ReadBuffer>>&, boost::intrusive_ptr<DB::IAST>&, std::shared_ptr<DB::ImplicitTransactionControlExecutor>, std::function<void ()>, DB::QueryResultDetails&) @ 0x0000000014165df4
14. src/Interpreters/executeQuery.cpp:2438:11: DB::executeQuery(std::basic_string_view<char, std::char_traits<char>>, std::shared_ptr<DB::Context>, DB::QueryFlags, DB::QueryProcessingStage::Enum) @ 0x0000000014161810
15. src/Server/TCPHandler.cpp:899:68: DB::TCPHandler::runImpl() @ 0x00000000196c8980
16. src/Server/TCPHandler.cpp:3354:9: DB::TCPHandler::run() @ 0x00000000196e6744
17. base/poco/Net/src/TCPServerConnection.cpp:40:3: Poco::Net::TCPServerConnection::start() @ 0x000000001e24b798
18. base/poco/Net/src/TCPServerDispatcher.cpp:115:42: Poco::Net::TCPServerDispatcher::run() @ 0x000000001e24bd58
19. base/poco/Foundation/src/ThreadPool.cpp:207:14: Poco::PooledThread::run() @ 0x000000001e20c498
20. base/poco/Foundation/src/Thread_POSIX.cpp:341:27: Poco::ThreadImpl::runnableEntry(void*) @ 0x000000001e20a7b4
21. ? @ 0x000000000008c248
22. ? @ 0x00000000000f6adc

2026.08.02 16:01:51.343309 [ 1080095 ] {} <Error> TCPHandler: Code: 48. DB::Exception: Only `hash` join supports multiple ORs for keys in JOIN ON section. (NOT_IMPLEMENTED), Stack trace (when copying this message, always include the lines below):

0. base/poco/Foundation/src/Exception.cpp:32:1: Poco::Exception::Exception(String&&, int) @ 0x000000001e1d1bb8
1. src/Common/Exception.cpp:158:7: DB::Exception::Exception(DB::Exception::MessageMasked&&, int, bool) @ 0x000000000eb8908c
2. src/Common/Exception.h:201:100: DB::Exception::Exception(String&&, int, String, bool) @ 0x0000000009979258
3. src/Common/Exception.h:57:54: DB::Exception::Exception(PreformattedMessage&&, int) @ 0x0000000009978c8c
4. src/Common/Exception.h:219:77: DB::Exception::Exception<>(int, FormatStringHelperImpl<>) @ 0x000000000eb87c14
5. src/Planner/PlannerJoins.cpp:1442:15: DB::chooseJoinAlgorithm(std::shared_ptr<DB::TableJoin>&, DB::PreparedJoinStorage const&, std::shared_ptr<DB::Block const>, std::shared_ptr<DB::Block const>, DB::JoinAlgorithmParams const&) @ 0x000000001356e13c
6. src/Processors/QueryPlan/JoinStepLogical.cpp:1411:31: DB::buildPhysicalJoinImpl(std::vector<DB::QueryPlan::Node*, std::allocator<DB::QueryPlan::Node*>>, DB::JoinOperator, DB::JoinExpressionActions, DB::JoinSettings, DB::JoinAlgorithmParams, DB::SortingStep::Settings, std::vector<DB::ActionsDAG::Node const*, std::allocator<DB::ActionsDAG::Node const*>> const&, DB::QueryPlanOptimizationSettings const&, std::list<DB::QueryPlan::Node, std::allocator<DB::QueryPlan::Node>>&, DB::LogicalJoinInfo&&) @ 0x0000000019d53290
7. src/Processors/QueryPlan/JoinStepLogical.cpp:1503:21: DB::JoinStepLogical::buildPhysicalJoin(DB::QueryPlan::Node&, DB::QueryPlanOptimizationSettings const&, std::list<DB::QueryPlan::Node, std::allocator<DB::QueryPlan::Node>>&) @ 0x0000000019d50630
8. src/Processors/QueryPlan/Optimizations/optimizeJoin.cpp:604:5: DB::QueryPlanOptimizations::convertLogicalJoinToPhysical(DB::QueryPlan::Node&, std::list<DB::QueryPlan::Node, std::allocator<DB::QueryPlan::Node>>&, DB::QueryPlanOptimizationSettings const&) @ 0x0000000019ee5ed8
9. src/Processors/QueryPlan/Optimizations/optimizeTree.cpp:284:13: DB::QueryPlanOptimizations::optimizeTreeSecondPass(DB::QueryPlanOptimizationSettings const&, DB::QueryPlan::Node&, std::list<DB::QueryPlan::Node, std::allocator<DB::QueryPlan::Node>>&, DB::QueryPlan&) @ 0x0000000019f286d4
10. src/Processors/QueryPlan/QueryPlan.cpp:803:5: DB::QueryPlan::optimize(DB::QueryPlanOptimizationSettings const&) @ 0x0000000019da1a24
11. src/Interpreters/InterpreterSelectQueryAnalyzer.cpp:413:16: DB::InterpreterSelectQueryAnalyzer::buildQueryPipeline() @ 0x0000000013d9e0b8
12. src/Interpreters/InterpreterSelectQueryAnalyzer.cpp:374:29: DB::InterpreterSelectQueryAnalyzer::execute() @ 0x0000000013d9dd90
13. src/Interpreters/executeQuery.cpp:1954:40: DB::executeQueryImpl(char const*, char const*, std::shared_ptr<DB::Context>, DB::QueryFlags, DB::QueryProcessingStage::Enum, std::unique_ptr<DB::ReadBuffer, std::default_delete<DB::ReadBuffer>>&, boost::intrusive_ptr<DB::IAST>&, std::shared_ptr<DB::ImplicitTransactionControlExecutor>, std::function<void ()>, DB::QueryResultDetails&) @ 0x0000000014165df4
14. src/Interpreters/executeQuery.cpp:2438:11: DB::executeQuery(std::basic_string_view<char, std::char_traits<char>>, std::shared_ptr<DB::Context>, DB::QueryFlags, DB::QueryProcessingStage::Enum) @ 0x0000000014161810
15. src/Server/TCPHandler.cpp:899:68: DB::TCPHandler::runImpl() @ 0x00000000196c8980
16. src/Server/TCPHandler.cpp:3354:9: DB::TCPHandler::run() @ 0x00000000196e6744
17. base/poco/Net/src/TCPServerConnection.cpp:40:3: Poco::Net::TCPServerConnection::start() @ 0x000000001e24b798
18. base/poco/Net/src/TCPServerDispatcher.cpp:115:42: Poco::Net::TCPServerDispatcher::run() @ 0x000000001e24bd58
19. base/poco/Foundation/src/ThreadPool.cpp:207:14: Poco::PooledThread::run() @ 0x000000001e20c498
20. base/poco/Foundation/src/Thread_POSIX.cpp:341:27: Poco::ThreadImpl::runnableEntry(void*) @ 0x000000001e20a7b4
21. ? @ 0x000000000008c248
22. ? @ 0x00000000000f6adc

2026.08.02 16:01:51.395006 [ 1080095 ] {7c4e34f4-978e-4fa7-86b7-6dad91a5ccaf} <Error> executeQuery: Code: 48. DB::Exception: Only `hash` join supports multiple ORs for keys in JOIN ON section. (NOT_IMPLEMENTED) (version 26.8.1.1) (from 127.0.0.1:57744) (query 1, line 1) (in query: SELECT l.k1,l.k2,l.v,r.k1,r.k2,r.w FROM av2.orl AS l FULL JOIN av2.orr AS r ON l.k1=r.k1 OR l.k2=r.k2 ORDER BY r.k1,r.k2,r.w,l.k1,l.k2,l.v SETTINGS join_algorithm='parallel_hash'), Stack trace (when copying this message, always include the lines below):

0. base/poco/Foundation/src/Exception.cpp:32:1: Poco::Exception::Exception(String&&, int) @ 0x000000001e1d1bb8
1. src/Common/Exception.cpp:158:7: DB::Exception::Exception(DB::Exception::MessageMasked&&, int, bool) @ 0x000000000eb8908c
2. src/Common/Exception.h:201:100: DB::Exception::Exception(String&&, int, String, bool) @ 0x0000000009979258
3. src/Common/Exception.h:57:54: DB::Exception::Exception(PreformattedMessage&&, int) @ 0x0000000009978c8c
4. src/Common/Exception.h:219:77: DB::Exception::Exception<>(int, FormatStringHelperImpl<>) @ 0x000000000eb87c14
5. src/Planner/PlannerJoins.cpp:1442:15: DB::chooseJoinAlgorithm(std::shared_ptr<DB::TableJoin>&, DB::PreparedJoinStorage const&, std::shared_ptr<DB::Block const>, std::shared_ptr<DB::Block const>, DB::JoinAlgorithmParams const&) @ 0x000000001356e13c
6. src/Processors/QueryPlan/JoinStepLogical.cpp:1411:31: DB::buildPhysicalJoinImpl(std::vector<DB::QueryPlan::Node*, std::allocator<DB::QueryPlan::Node*>>, DB::JoinOperator, DB::JoinExpressionActions, DB::JoinSettings, DB::JoinAlgorithmParams, DB::SortingStep::Settings, std::vector<DB::ActionsDAG::Node const*, std::allocator<DB::ActionsDAG::Node const*>> const&, DB::QueryPlanOptimizationSettings const&, std::list<DB::QueryPlan::Node, std::allocator<DB::QueryPlan::Node>>&, DB::LogicalJoinInfo&&) @ 0x0000000019d53290
7. src/Processors/QueryPlan/JoinStepLogical.cpp:1503:21: DB::JoinStepLogical::buildPhysicalJoin(DB::QueryPlan::Node&, DB::QueryPlanOptimizationSettings const&, std::list<DB::QueryPlan::Node, std::allocator<DB::QueryPlan::Node>>&) @ 0x0000000019d50630
8. src/Processors/QueryPlan/Optimizations/optimizeJoin.cpp:604:5: DB::QueryPlanOptimizations::convertLogicalJoinToPhysical(DB::QueryPlan::Node&, std::list<DB::QueryPlan::Node, std::allocator<DB::QueryPlan::Node>>&, DB::QueryPlanOptimizationSettings const&) @ 0x0000000019ee5ed8
9. src/Processors/QueryPlan/Optimizations/optimizeTree.cpp:284:13: DB::QueryPlanOptimizations::optimizeTreeSecondPass(DB::QueryPlanOptimizationSettings const&, DB::QueryPlan::Node&, std::list<DB::QueryPlan::Node, std::allocator<DB::QueryPlan::Node>>&, DB::QueryPlan&) @ 0x0000000019f286d4
10. src/Processors/QueryPlan/QueryPlan.cpp:803:5: DB::QueryPlan::optimize(DB::QueryPlanOptimizationSettings const&) @ 0x0000000019da1a24
11. src/Interpreters/InterpreterSelectQueryAnalyzer.cpp:413:16: DB::InterpreterSelectQueryAnalyzer::buildQueryPipeline() @ 0x0000000013d9e0b8
12. src/Interpreters/InterpreterSelectQueryAnalyzer.cpp:374:29: DB::InterpreterSelectQueryAnalyzer::execute() @ 0x0000000013d9dd90
13. src/Interpreters/executeQuery.cpp:1954:40: DB::executeQueryImpl(char const*, char const*, std::shared_ptr<DB::Context>, DB::QueryFlags, DB::QueryProcessingStage::Enum, std::unique_ptr<DB::ReadBuffer, std::default_delete<DB::ReadBuffer>>&, boost::intrusive_ptr<DB::IAST>&, std::shared_ptr<DB::ImplicitTransactionControlExecutor>, std::function<void ()>, DB::QueryResultDetails&) @ 0x0000000014165df4
14. src/Interpreters/executeQuery.cpp:2438:11: DB::executeQuery(std::basic_string_view<char, std::char_traits<char>>, std::shared_ptr<DB::Context>, DB::QueryFlags, DB::QueryProcessingStage::Enum) @ 0x0000000014161810
15. src/Server/TCPHandler.cpp:899:68: DB::TCPHandler::runImpl() @ 0x00000000196c8980
16. src/Server/TCPHandler.cpp:3354:9: DB::TCPHandler::run() @ 0x00000000196e6744
17. base/poco/Net/src/TCPServerConnection.cpp:40:3: Poco::Net::TCPServerConnection::start() @ 0x000000001e24b798
18. base/poco/Net/src/TCPServerDispatcher.cpp:115:42: Poco::Net::TCPServerDispatcher::run() @ 0x000000001e24bd58
19. base/poco/Foundation/src/ThreadPool.cpp:207:14: Poco::PooledThread::run() @ 0x000000001e20c498
20. base/poco/Foundation/src/Thread_POSIX.cpp:341:27: Poco::ThreadImpl::runnableEntry(void*) @ 0x000000001e20a7b4
21. ? @ 0x000000000008c248
22. ? @ 0x00000000000f6adc

2026.08.02 16:01:51.395141 [ 1080095 ] {} <Error> TCPHandler: Code: 48. DB::Exception: Only `hash` join supports multiple ORs for keys in JOIN ON section. (NOT_IMPLEMENTED), Stack trace (when copying this message, always include the lines below):

0. base/poco/Foundation/src/Exception.cpp:32:1: Poco::Exception::Exception(String&&, int) @ 0x000000001e1d1bb8
1. src/Common/Exception.cpp:158:7: DB::Exception::Exception(DB::Exception::MessageMasked&&, int, bool) @ 0x000000000eb8908c
2. src/Common/Exception.h:201:100: DB::Exception::Exception(String&&, int, String, bool) @ 0x0000000009979258
3. src/Common/Exception.h:57:54: DB::Exception::Exception(PreformattedMessage&&, int) @ 0x0000000009978c8c
4. src/Common/Exception.h:219:77: DB::Exception::Exception<>(int, FormatStringHelperImpl<>) @ 0x000000000eb87c14
5. src/Planner/PlannerJoins.cpp:1442:15: DB::chooseJoinAlgorithm(std::shared_ptr<DB::TableJoin>&, DB::PreparedJoinStorage const&, std::shared_ptr<DB::Block const>, std::shared_ptr<DB::Block const>, DB::JoinAlgorithmParams const&) @ 0x000000001356e13c
6. src/Processors/QueryPlan/JoinStepLogical.cpp:1411:31: DB::buildPhysicalJoinImpl(std::vector<DB::QueryPlan::Node*, std::allocator<DB::QueryPlan::Node*>>, DB::JoinOperator, DB::JoinExpressionActions, DB::JoinSettings, DB::JoinAlgorithmParams, DB::SortingStep::Settings, std::vector<DB::ActionsDAG::Node const*, std::allocator<DB::ActionsDAG::Node const*>> const&, DB::QueryPlanOptimizationSettings const&, std::list<DB::QueryPlan::Node, std::allocator<DB::QueryPlan::Node>>&, DB::LogicalJoinInfo&&) @ 0x0000000019d53290
7. src/Processors/QueryPlan/JoinStepLogical.cpp:1503:21: DB::JoinStepLogical::buildPhysicalJoin(DB::QueryPlan::Node&, DB::QueryPlanOptimizationSettings const&, std::list<DB::QueryPlan::Node, std::allocator<DB::QueryPlan::Node>>&) @ 0x0000000019d50630
8. src/Processors/QueryPlan/Optimizations/optimizeJoin.cpp:604:5: DB::QueryPlanOptimizations::convertLogicalJoinToPhysical(DB::QueryPlan::Node&, std::list<DB::QueryPlan::Node, std::allocator<DB::QueryPlan::Node>>&, DB::QueryPlanOptimizationSettings const&) @ 0x0000000019ee5ed8
9. src/Processors/QueryPlan/Optimizations/optimizeTree.cpp:284:13: DB::QueryPlanOptimizations::optimizeTreeSecondPass(DB::QueryPlanOptimizationSettings const&, DB::QueryPlan::Node&, std::list<DB::QueryPlan::Node, std::allocator<DB::QueryPlan::Node>>&, DB::QueryPlan&) @ 0x0000000019f286d4
10. src/Processors/QueryPlan/QueryPlan.cpp:803:5: DB::QueryPlan::optimize(DB::QueryPlanOptimizationSettings const&) @ 0x0000000019da1a24
11. src/Interpreters/InterpreterSelectQueryAnalyzer.cpp:413:16: DB::InterpreterSelectQueryAnalyzer::buildQueryPipeline() @ 0x0000000013d9e0b8
12. src/Interpreters/InterpreterSelectQueryAnalyzer.cpp:374:29: DB::InterpreterSelectQueryAnalyzer::execute() @ 0x0000000013d9dd90
13. src/Interpreters/executeQuery.cpp:1954:40: DB::executeQueryImpl(char const*, char const*, std::shared_ptr<DB::Context>, DB::QueryFlags, DB::QueryProcessingStage::Enum, std::unique_ptr<DB::ReadBuffer, std::default_delete<DB::ReadBuffer>>&, boost::intrusive_ptr<DB::IAST>&, std::shared_ptr<DB::ImplicitTransactionControlExecutor>, std::function<void ()>, DB::QueryResultDetails&) @ 0x0000000014165df4
14. src/Interpreters/executeQuery.cpp:2438:11: DB::executeQuery(std::basic_string_view<char, std::char_traits<char>>, std::shared_ptr<DB::Context>, DB::QueryFlags, DB::QueryProcessingStage::Enum) @ 0x0000000014161810
15. src/Server/TCPHandler.cpp:899:68: DB::TCPHandler::runImpl() @ 0x00000000196c8980
16. src/Server/TCPHandler.cpp:3354:9: DB::TCPHandler::run() @ 0x00000000196e6744
17. base/poco/Net/src/TCPServerConnection.cpp:40:3: Poco::Net::TCPServerConnection::start() @ 0x000000001e24b798
18. base/poco/Net/src/TCPServerDispatcher.cpp:115:42: Poco::Net::TCPServerDispatcher::run() @ 0x000000001e24bd58
19. base/poco/Foundation/src/ThreadPool.cpp:207:14: Poco::PooledThread::run() @ 0x000000001e20c498
20. base/poco/Foundation/src/Thread_POSIX.cpp:341:27: Poco::ThreadImpl::runnableEntry(void*) @ 0x000000001e20a7b4
21. ? @ 0x000000000008c248
22. ? @ 0x00000000000f6adc

2026.08.02 16:01:51.446321 [ 1080095 ] {ce117bf1-c1ee-4ca4-97cc-89066d2f40e3} <Error> executeQuery: Code: 48. DB::Exception: Only `hash` join supports multiple ORs for keys in JOIN ON section. (NOT_IMPLEMENTED) (version 26.8.1.1) (from 127.0.0.1:57758) (query 1, line 1) (in query: SELECT l.k1,l.k2,l.v,r.k1,r.k2,r.w FROM av2.orl AS l FULL JOIN av2.orr AS r ON l.k1=r.k1 OR l.k2=r.k2 ORDER BY r.k1,r.k2,r.w,l.k1,l.k2,l.v SETTINGS join_algorithm='parallel_hash'), Stack trace (when copying this message, always include the lines below):

0. base/poco/Foundation/src/Exception.cpp:32:1: Poco::Exception::Exception(String&&, int) @ 0x000000001e1d1bb8
1. src/Common/Exception.cpp:158:7: DB::Exception::Exception(DB::Exception::MessageMasked&&, int, bool) @ 0x000000000eb8908c
2. src/Common/Exception.h:201:100: DB::Exception::Exception(String&&, int, String, bool) @ 0x0000000009979258
3. src/Common/Exception.h:57:54: DB::Exception::Exception(PreformattedMessage&&, int) @ 0x0000000009978c8c
4. src/Common/Exception.h:219:77: DB::Exception::Exception<>(int, FormatStringHelperImpl<>) @ 0x000000000eb87c14
5. src/Planner/PlannerJoins.cpp:1442:15: DB::chooseJoinAlgorithm(std::shared_ptr<DB::TableJoin>&, DB::PreparedJoinStorage const&, std::shared_ptr<DB::Block const>, std::shared_ptr<DB::Block const>, DB::JoinAlgorithmParams const&) @ 0x000000001356e13c
6. src/Processors/QueryPlan/JoinStepLogical.cpp:1411:31: DB::buildPhysicalJoinImpl(std::vector<DB::QueryPlan::Node*, std::allocator<DB::QueryPlan::Node*>>, DB::JoinOperator, DB::JoinExpressionActions, DB::JoinSettings, DB::JoinAlgorithmParams, DB::SortingStep::Settings, std::vector<DB::ActionsDAG::Node const*, std::allocator<DB::ActionsDAG::Node const*>> const&, DB::QueryPlanOptimizationSettings const&, std::list<DB::QueryPlan::Node, std::allocator<DB::QueryPlan::Node>>&, DB::LogicalJoinInfo&&) @ 0x0000000019d53290
7. src/Processors/QueryPlan/JoinStepLogical.cpp:1503:21: DB::JoinStepLogical::buildPhysicalJoin(DB::QueryPlan::Node&, DB::QueryPlanOptimizationSettings const&, std::list<DB::QueryPlan::Node, std::allocator<DB::QueryPlan::Node>>&) @ 0x0000000019d50630
8. src/Processors/QueryPlan/Optimizations/optimizeJoin.cpp:604:5: DB::QueryPlanOptimizations::convertLogicalJoinToPhysical(DB::QueryPlan::Node&, std::list<DB::QueryPlan::Node, std::allocator<DB::QueryPlan::Node>>&, DB::QueryPlanOptimizationSettings const&) @ 0x0000000019ee5ed8
9. src/Processors/QueryPlan/Optimizations/optimizeTree.cpp:284:13: DB::QueryPlanOptimizations::optimizeTreeSecondPass(DB::QueryPlanOptimizationSettings const&, DB::QueryPlan::Node&, std::list<DB::QueryPlan::Node, std::allocator<DB::QueryPlan::Node>>&, DB::QueryPlan&) @ 0x0000000019f286d4
10. src/Processors/QueryPlan/QueryPlan.cpp:803:5: DB::QueryPlan::optimize(DB::QueryPlanOptimizationSettings const&) @ 0x0000000019da1a24
11. src/Interpreters/InterpreterSelectQueryAnalyzer.cpp:413:16: DB::InterpreterSelectQueryAnalyzer::buildQueryPipeline() @ 0x0000000013d9e0b8
12. src/Interpreters/InterpreterSelectQueryAnalyzer.cpp:374:29: DB::InterpreterSelectQueryAnalyzer::execute() @ 0x0000000013d9dd90
13. src/Interpreters/executeQuery.cpp:1954:40: DB::executeQueryImpl(char const*, char const*, std::shared_ptr<DB::Context>, DB::QueryFlags, DB::QueryProcessingStage::Enum, std::unique_ptr<DB::ReadBuffer, std::default_delete<DB::ReadBuffer>>&, boost::intrusive_ptr<DB::IAST>&, std::shared_ptr<DB::ImplicitTransactionControlExecutor>, std::function<void ()>, DB::QueryResultDetails&) @ 0x0000000014165df4
14. src/Interpreters/executeQuery.cpp:2438:11: DB::executeQuery(std::basic_string_view<char, std::char_traits<char>>, std::shared_ptr<DB::Context>, DB::QueryFlags, DB::QueryProcessingStage::Enum) @ 0x0000000014161810
15. src/Server/TCPHandler.cpp:899:68: DB::TCPHandler::runImpl() @ 0x00000000196c8980
16. src/Server/TCPHandler.cpp:3354:9: DB::TCPHandler::run() @ 0x00000000196e6744
17. base/poco/Net/src/TCPServerConnection.cpp:40:3: Poco::Net::TCPServerConnection::start() @ 0x000000001e24b798
18. base/poco/Net/src/TCPServerDispatcher.cpp:115:42: Poco::Net::TCPServerDispatcher::run() @ 0x000000001e24bd58
19. base/poco/Foundation/src/ThreadPool.cpp:207:14: Poco::PooledThread::run() @ 0x000000001e20c498
20. base/poco/Foundation/src/Thread_POSIX.cpp:341:27: Poco::ThreadImpl::runnableEntry(void*) @ 0x000000001e20a7b4
21. ? @ 0x000000000008c248
22. ? @ 0x00000000000f6adc

2026.08.02 16:01:51.446454 [ 1080095 ] {} <Error> TCPHandler: Code: 48. DB::Exception: Only `hash` join supports multiple ORs for keys in JOIN ON section. (NOT_IMPLEMENTED), Stack trace (when copying this message, always include the lines below):

0. base/poco/Foundation/src/Exception.cpp:32:1: Poco::Exception::Exception(String&&, int) @ 0x000000001e1d1bb8
1. src/Common/Exception.cpp:158:7: DB::Exception::Exception(DB::Exception::MessageMasked&&, int, bool) @ 0x000000000eb8908c
2. src/Common/Exception.h:201:100: DB::Exception::Exception(String&&, int, String, bool) @ 0x0000000009979258
3. src/Common/Exception.h:57:54: DB::Exception::Exception(PreformattedMessage&&, int) @ 0x0000000009978c8c
4. src/Common/Exception.h:219:77: DB::Exception::Exception<>(int, FormatStringHelperImpl<>) @ 0x000000000eb87c14
5. src/Planner/PlannerJoins.cpp:1442:15: DB::chooseJoinAlgorithm(std::shared_ptr<DB::TableJoin>&, DB::PreparedJoinStorage const&, std::shared_ptr<DB::Block const>, std::shared_ptr<DB::Block const>, DB::JoinAlgorithmParams const&) @ 0x000000001356e13c
6. src/Processors/QueryPlan/JoinStepLogical.cpp:1411:31: DB::buildPhysicalJoinImpl(std::vector<DB::QueryPlan::Node*, std::allocator<DB::QueryPlan::Node*>>, DB::JoinOperator, DB::JoinExpressionActions, DB::JoinSettings, DB::JoinAlgorithmParams, DB::SortingStep::Settings, std::vector<DB::ActionsDAG::Node const*, std::allocator<DB::ActionsDAG::Node const*>> const&, DB::QueryPlanOptimizationSettings const&, std::list<DB::QueryPlan::Node, std::allocator<DB::QueryPlan::Node>>&, DB::LogicalJoinInfo&&) @ 0x0000000019d53290
7. src/Processors/QueryPlan/JoinStepLogical.cpp:1503:21: DB::JoinStepLogical::buildPhysicalJoin(DB::QueryPlan::Node&, DB::QueryPlanOptimizationSettings const&, std::list<DB::QueryPlan::Node, std::allocator<DB::QueryPlan::Node>>&) @ 0x0000000019d50630
8. src/Processors/QueryPlan/Optimizations/optimizeJoin.cpp:604:5: DB::QueryPlanOptimizations::convertLogicalJoinToPhysical(DB::QueryPlan::Node&, std::list<DB::QueryPlan::Node, std::allocator<DB::QueryPlan::Node>>&, DB::QueryPlanOptimizationSettings const&) @ 0x0000000019ee5ed8
9. src/Processors/QueryPlan/Optimizations/optimizeTree.cpp:284:13: DB::QueryPlanOptimizations::optimizeTreeSecondPass(DB::QueryPlanOptimizationSettings const&, DB::QueryPlan::Node&, std::list<DB::QueryPlan::Node, std::allocator<DB::QueryPlan::Node>>&, DB::QueryPlan&) @ 0x0000000019f286d4
10. src/Processors/QueryPlan/QueryPlan.cpp:803:5: DB::QueryPlan::optimize(DB::QueryPlanOptimizationSettings const&) @ 0x0000000019da1a24
11. src/Interpreters/InterpreterSelectQueryAnalyzer.cpp:413:16: DB::InterpreterSelectQueryAnalyzer::buildQueryPipeline() @ 0x0000000013d9e0b8
12. src/Interpreters/InterpreterSelectQueryAnalyzer.cpp:374:29: DB::InterpreterSelectQueryAnalyzer::execute() @ 0x0000000013d9dd90
13. src/Interpreters/executeQuery.cpp:1954:40: DB::executeQueryImpl(char const*, char const*, std::shared_ptr<DB::Context>, DB::QueryFlags, DB::QueryProcessingStage::Enum, std::unique_ptr<DB::ReadBuffer, std::default_delete<DB::ReadBuffer>>&, boost::intrusive_ptr<DB::IAST>&, std::shared_ptr<DB::ImplicitTransactionControlExecutor>, std::function<void ()>, DB::QueryResultDetails&) @ 0x0000000014165df4
14. src/Interpreters/executeQuery.cpp:2438:11: DB::executeQuery(std::basic_string_view<char, std::char_traits<char>>, std::shared_ptr<DB::Context>, DB::QueryFlags, DB::QueryProcessingStage::Enum) @ 0x0000000014161810
15. src/Server/TCPHandler.cpp:899:68: DB::TCPHandler::runImpl() @ 0x00000000196c8980
16. src/Server/TCPHandler.cpp:3354:9: DB::TCPHandler::run() @ 0x00000000196e6744
17. base/poco/Net/src/TCPServerConnection.cpp:40:3: Poco::Net::TCPServerConnection::start() @ 0x000000001e24b798
18. base/poco/Net/src/TCPServerDispatcher.cpp:115:42: Poco::Net::TCPServerDispatcher::run() @ 0x000000001e24bd58
19. base/poco/Foundation/src/ThreadPool.cpp:207:14: Poco::PooledThread::run() @ 0x000000001e20c498
20. base/poco/Foundation/src/Thread_POSIX.cpp:341:27: Poco::ThreadImpl::runnableEntry(void*) @ 0x000000001e20a7b4
21. ? @ 0x000000000008c248
22. ? @ 0x00000000000f6adc

2026.08.02 16:01:51.498053 [ 1080095 ] {f1d1c3bf-d894-4e8e-bbae-4510eefcb835} <Error> executeQuery: Code: 48. DB::Exception: Only `hash` join supports multiple ORs for keys in JOIN ON section. (NOT_IMPLEMENTED) (version 26.8.1.1) (from 127.0.0.1:57774) (query 1, line 1) (in query: SELECT l.k1,l.k2,l.v,r.k1,r.k2,r.w FROM av2.orl AS l FULL JOIN av2.orr AS r ON l.k1=r.k1 OR l.k2=r.k2 ORDER BY r.k1,r.k2,r.w,l.k1,l.k2,l.v SETTINGS join_algorithm='parallel_hash'), Stack trace (when copying this message, always include the lines below):

0. base/poco/Foundation/src/Exception.cpp:32:1: Poco::Exception::Exception(String&&, int) @ 0x000000001e1d1bb8
1. src/Common/Exception.cpp:158:7: DB::Exception::Exception(DB::Exception::MessageMasked&&, int, bool) @ 0x000000000eb8908c
2. src/Common/Exception.h:201:100: DB::Exception::Exception(String&&, int, String, bool) @ 0x0000000009979258
3. src/Common/Exception.h:57:54: DB::Exception::Exception(PreformattedMessage&&, int) @ 0x0000000009978c8c
4. src/Common/Exception.h:219:77: DB::Exception::Exception<>(int, FormatStringHelperImpl<>) @ 0x000000000eb87c14
5. src/Planner/PlannerJoins.cpp:1442:15: DB::chooseJoinAlgorithm(std::shared_ptr<DB::TableJoin>&, DB::PreparedJoinStorage const&, std::shared_ptr<DB::Block const>, std::shared_ptr<DB::Block const>, DB::JoinAlgorithmParams const&) @ 0x000000001356e13c
6. src/Processors/QueryPlan/JoinStepLogical.cpp:1411:31: DB::buildPhysicalJoinImpl(std::vector<DB::QueryPlan::Node*, std::allocator<DB::QueryPlan::Node*>>, DB::JoinOperator, DB::JoinExpressionActions, DB::JoinSettings, DB::JoinAlgorithmParams, DB::SortingStep::Settings, std::vector<DB::ActionsDAG::Node const*, std::allocator<DB::ActionsDAG::Node const*>> const&, DB::QueryPlanOptimizationSettings const&, std::list<DB::QueryPlan::Node, std::allocator<DB::QueryPlan::Node>>&, DB::LogicalJoinInfo&&) @ 0x0000000019d53290
7. src/Processors/QueryPlan/JoinStepLogical.cpp:1503:21: DB::JoinStepLogical::buildPhysicalJoin(DB::QueryPlan::Node&, DB::QueryPlanOptimizationSettings const&, std::list<DB::QueryPlan::Node, std::allocator<DB::QueryPlan::Node>>&) @ 0x0000000019d50630
8. src/Processors/QueryPlan/Optimizations/optimizeJoin.cpp:604:5: DB::QueryPlanOptimizations::convertLogicalJoinToPhysical(DB::QueryPlan::Node&, std::list<DB::QueryPlan::Node, std::allocator<DB::QueryPlan::Node>>&, DB::QueryPlanOptimizationSettings const&) @ 0x0000000019ee5ed8
9. src/Processors/QueryPlan/Optimizations/optimizeTree.cpp:284:13: DB::QueryPlanOptimizations::optimizeTreeSecondPass(DB::QueryPlanOptimizationSettings const&, DB::QueryPlan::Node&, std::list<DB::QueryPlan::Node, std::allocator<DB::QueryPlan::Node>>&, DB::QueryPlan&) @ 0x0000000019f286d4
10. src/Processors/QueryPlan/QueryPlan.cpp:803:5: DB::QueryPlan::optimize(DB::QueryPlanOptimizationSettings const&) @ 0x0000000019da1a24
11. src/Interpreters/InterpreterSelectQueryAnalyzer.cpp:413:16: DB::InterpreterSelectQueryAnalyzer::buildQueryPipeline() @ 0x0000000013d9e0b8
12. src/Interpreters/InterpreterSelectQueryAnalyzer.cpp:374:29: DB::InterpreterSelectQueryAnalyzer::execute() @ 0x0000000013d9dd90
13. src/Interpreters/executeQuery.cpp:1954:40: DB::executeQueryImpl(char const*, char const*, std::shared_ptr<DB::Context>, DB::QueryFlags, DB::QueryProcessingStage::Enum, std::unique_ptr<DB::ReadBuffer, std::default_delete<DB::ReadBuffer>>&, boost::intrusive_ptr<DB::IAST>&, std::shared_ptr<DB::ImplicitTransactionControlExecutor>, std::function<void ()>, DB::QueryResultDetails&) @ 0x0000000014165df4
14. src/Interpreters/executeQuery.cpp:2438:11: DB::executeQuery(std::basic_string_view<char, std::char_traits<char>>, std::shared_ptr<DB::Context>, DB::QueryFlags, DB::QueryProcessingStage::Enum) @ 0x0000000014161810
15. src/Server/TCPHandler.cpp:899:68: DB::TCPHandler::runImpl() @ 0x00000000196c8980
16. src/Server/TCPHandler.cpp:3354:9: DB::TCPHandler::run() @ 0x00000000196e6744
17. base/poco/Net/src/TCPServerConnection.cpp:40:3: Poco::Net::TCPServerConnection::start() @ 0x000000001e24b798
18. base/poco/Net/src/TCPServerDispatcher.cpp:115:42: Poco::Net::TCPServerDispatcher::run() @ 0x000000001e24bd58
19. base/poco/Foundation/src/ThreadPool.cpp:207:14: Poco::PooledThread::run() @ 0x000000001e20c498
20. base/poco/Foundation/src/Thread_POSIX.cpp:341:27: Poco::ThreadImpl::runnableEntry(void*) @ 0x000000001e20a7b4
21. ? @ 0x000000000008c248
22. ? @ 0x00000000000f6adc

2026.08.02 16:01:51.498185 [ 1080095 ] {} <Error> TCPHandler: Code: 48. DB::Exception: Only `hash` join supports multiple ORs for keys in JOIN ON section. (NOT_IMPLEMENTED), Stack trace (when copying this message, always include the lines below):

0. base/poco/Foundation/src/Exception.cpp:32:1: Poco::Exception::Exception(String&&, int) @ 0x000000001e1d1bb8
1. src/Common/Exception.cpp:158:7: DB::Exception::Exception(DB::Exception::MessageMasked&&, int, bool) @ 0x000000000eb8908c
2. src/Common/Exception.h:201:100: DB::Exception::Exception(String&&, int, String, bool) @ 0x0000000009979258
3. src/Common/Exception.h:57:54: DB::Exception::Exception(PreformattedMessage&&, int) @ 0x0000000009978c8c
4. src/Common/Exception.h:219:77: DB::Exception::Exception<>(int, FormatStringHelperImpl<>) @ 0x000000000eb87c14
5. src/Planner/PlannerJoins.cpp:1442:15: DB::chooseJoinAlgorithm(std::shared_ptr<DB::TableJoin>&, DB::PreparedJoinStorage const&, std::shared_ptr<DB::Block const>, std::shared_ptr<DB::Block const>, DB::JoinAlgorithmParams const&) @ 0x000000001356e13c
6. src/Processors/QueryPlan/JoinStepLogical.cpp:1411:31: DB::buildPhysicalJoinImpl(std::vector<DB::QueryPlan::Node*, std::allocator<DB::QueryPlan::Node*>>, DB::JoinOperator, DB::JoinExpressionActions, DB::JoinSettings, DB::JoinAlgorithmParams, DB::SortingStep::Settings, std::vector<DB::ActionsDAG::Node const*, std::allocator<DB::ActionsDAG::Node const*>> const&, DB::QueryPlanOptimizationSettings const&, std::list<DB::QueryPlan::Node, std::allocator<DB::QueryPlan::Node>>&, DB::LogicalJoinInfo&&) @ 0x0000000019d53290
7. src/Processors/QueryPlan/JoinStepLogical.cpp:1503:21: DB::JoinStepLogical::buildPhysicalJoin(DB::QueryPlan::Node&, DB::QueryPlanOptimizationSettings const&, std::list<DB::QueryPlan::Node, std::allocator<DB::QueryPlan::Node>>&) @ 0x0000000019d50630
8. src/Processors/QueryPlan/Optimizations/optimizeJoin.cpp:604:5: DB::QueryPlanOptimizations::convertLogicalJoinToPhysical(DB::QueryPlan::Node&, std::list<DB::QueryPlan::Node, std::allocator<DB::QueryPlan::Node>>&, DB::QueryPlanOptimizationSettings const&) @ 0x0000000019ee5ed8
9. src/Processors/QueryPlan/Optimizations/optimizeTree.cpp:284:13: DB::QueryPlanOptimizations::optimizeTreeSecondPass(DB::QueryPlanOptimizationSettings const&, DB::QueryPlan::Node&, std::list<DB::QueryPlan::Node, std::allocator<DB::QueryPlan::Node>>&, DB::QueryPlan&) @ 0x0000000019f286d4
10. src/Processors/QueryPlan/QueryPlan.cpp:803:5: DB::QueryPlan::optimize(DB::QueryPlanOptimizationSettings const&) @ 0x0000000019da1a24
11. src/Interpreters/InterpreterSelectQueryAnalyzer.cpp:413:16: DB::InterpreterSelectQueryAnalyzer::buildQueryPipeline() @ 0x0000000013d9e0b8
12. src/Interpreters/InterpreterSelectQueryAnalyzer.cpp:374:29: DB::InterpreterSelectQueryAnalyzer::execute() @ 0x0000000013d9dd90
13. src/Interpreters/executeQuery.cpp:1954:40: DB::executeQueryImpl(char const*, char const*, std::shared_ptr<DB::Context>, DB::QueryFlags, DB::QueryProcessingStage::Enum, std::unique_ptr<DB::ReadBuffer, std::default_delete<DB::ReadBuffer>>&, boost::intrusive_ptr<DB::IAST>&, std::shared_ptr<DB::ImplicitTransactionControlExecutor>, std::function<void ()>, DB::QueryResultDetails&) @ 0x0000000014165df4
14. src/Interpreters/executeQuery.cpp:2438:11: DB::executeQuery(std::basic_string_view<char, std::char_traits<char>>, std::shared_ptr<DB::Context>, DB::QueryFlags, DB::QueryProcessingStage::Enum) @ 0x0000000014161810
15. src/Server/TCPHandler.cpp:899:68: DB::TCPHandler::runImpl() @ 0x00000000196c8980
16. src/Server/TCPHandler.cpp:3354:9: DB::TCPHandler::run() @ 0x00000000196e6744
17. base/poco/Net/src/TCPServerConnection.cpp:40:3: Poco::Net::TCPServerConnection::start() @ 0x000000001e24b798
18. base/poco/Net/src/TCPServerDispatcher.cpp:115:42: Poco::Net::TCPServerDispatcher::run() @ 0x000000001e24bd58
19. base/poco/Foundation/src/ThreadPool.cpp:207:14: Poco::PooledThread::run() @ 0x000000001e20c498
20. base/poco/Foundation/src/Thread_POSIX.cpp:341:27: Poco::ThreadImpl::runnableEntry(void*) @ 0x000000001e20a7b4
21. ? @ 0x000000000008c248
22. ? @ 0x00000000000f6adc

2026.08.02 16:01:51.551167 [ 1080095 ] {9f9efa95-75d8-4c7c-8595-bb6c17420fed} <Error> executeQuery: Code: 48. DB::Exception: Only `hash` join supports multiple ORs for keys in JOIN ON section. (NOT_IMPLEMENTED) (version 26.8.1.1) (from 127.0.0.1:57790) (query 1, line 1) (in query: SELECT l.k1,l.k2,l.v,r.k1,r.k2,r.w FROM av2.orl AS l FULL JOIN av2.orr AS r ON l.k1=r.k1 OR l.k2=r.k2 ORDER BY r.k1,r.k2,r.w,l.k1,l.k2,l.v SETTINGS join_algorithm='parallel_hash'), Stack trace (when copying this message, always include the lines below):

0. base/poco/Foundation/src/Exception.cpp:32:1: Poco::Exception::Exception(String&&, int) @ 0x000000001e1d1bb8
1. src/Common/Exception.cpp:158:7: DB::Exception::Exception(DB::Exception::MessageMasked&&, int, bool) @ 0x000000000eb8908c
2. src/Common/Exception.h:201:100: DB::Exception::Exception(String&&, int, String, bool) @ 0x0000000009979258
3. src/Common/Exception.h:57:54: DB::Exception::Exception(PreformattedMessage&&, int) @ 0x0000000009978c8c
4. src/Common/Exception.h:219:77: DB::Exception::Exception<>(int, FormatStringHelperImpl<>) @ 0x000000000eb87c14
5. src/Planner/PlannerJoins.cpp:1442:15: DB::chooseJoinAlgorithm(std::shared_ptr<DB::TableJoin>&, DB::PreparedJoinStorage const&, std::shared_ptr<DB::Block const>, std::shared_ptr<DB::Block const>, DB::JoinAlgorithmParams const&) @ 0x000000001356e13c
6. src/Processors/QueryPlan/JoinStepLogical.cpp:1411:31: DB::buildPhysicalJoinImpl(std::vector<DB::QueryPlan::Node*, std::allocator<DB::QueryPlan::Node*>>, DB::JoinOperator, DB::JoinExpressionActions, DB::JoinSettings, DB::JoinAlgorithmParams, DB::SortingStep::Settings, std::vector<DB::ActionsDAG::Node const*, std::allocator<DB::ActionsDAG::Node const*>> const&, DB::QueryPlanOptimizationSettings const&, std::list<DB::QueryPlan::Node, std::allocator<DB::QueryPlan::Node>>&, DB::LogicalJoinInfo&&) @ 0x0000000019d53290
7. src/Processors/QueryPlan/JoinStepLogical.cpp:1503:21: DB::JoinStepLogical::buildPhysicalJoin(DB::QueryPlan::Node&, DB::QueryPlanOptimizationSettings const&, std::list<DB::QueryPlan::Node, std::allocator<DB::QueryPlan::Node>>&) @ 0x0000000019d50630
8. src/Processors/QueryPlan/Optimizations/optimizeJoin.cpp:604:5: DB::QueryPlanOptimizations::convertLogicalJoinToPhysical(DB::QueryPlan::Node&, std::list<DB::QueryPlan::Node, std::allocator<DB::QueryPlan::Node>>&, DB::QueryPlanOptimizationSettings const&) @ 0x0000000019ee5ed8
9. src/Processors/QueryPlan/Optimizations/optimizeTree.cpp:284:13: DB::QueryPlanOptimizations::optimizeTreeSecondPass(DB::QueryPlanOptimizationSettings const&, DB::QueryPlan::Node&, std::list<DB::QueryPlan::Node, std::allocator<DB::QueryPlan::Node>>&, DB::QueryPlan&) @ 0x0000000019f286d4
10. src/Processors/QueryPlan/QueryPlan.cpp:803:5: DB::QueryPlan::optimize(DB::QueryPlanOptimizationSettings const&) @ 0x0000000019da1a24
11. src/Interpreters/InterpreterSelectQueryAnalyzer.cpp:413:16: DB::InterpreterSelectQueryAnalyzer::buildQueryPipeline() @ 0x0000000013d9e0b8
12. src/Interpreters/InterpreterSelectQueryAnalyzer.cpp:374:29: DB::InterpreterSelectQueryAnalyzer::execute() @ 0x0000000013d9dd90
13. src/Interpreters/executeQuery.cpp:1954:40: DB::executeQueryImpl(char const*, char const*, std::shared_ptr<DB::Context>, DB::QueryFlags, DB::QueryProcessingStage::Enum, std::unique_ptr<DB::ReadBuffer, std::default_delete<DB::ReadBuffer>>&, boost::intrusive_ptr<DB::IAST>&, std::shared_ptr<DB::ImplicitTransactionControlExecutor>, std::function<void ()>, DB::QueryResultDetails&) @ 0x0000000014165df4
14. src/Interpreters/executeQuery.cpp:2438:11: DB::executeQuery(std::basic_string_view<char, std::char_traits<char>>, std::shared_ptr<DB::Context>, DB::QueryFlags, DB::QueryProcessingStage::Enum) @ 0x0000000014161810
15. src/Server/TCPHandler.cpp:899:68: DB::TCPHandler::runImpl() @ 0x00000000196c8980
16. src/Server/TCPHandler.cpp:3354:9: DB::TCPHandler::run() @ 0x00000000196e6744
17. base/poco/Net/src/TCPServerConnection.cpp:40:3: Poco::Net::TCPServerConnection::start() @ 0x000000001e24b798
18. base/poco/Net/src/TCPServerDispatcher.cpp:115:42: Poco::Net::TCPServerDispatcher::run() @ 0x000000001e24bd58
19. base/poco/Foundation/src/ThreadPool.cpp:207:14: Poco::PooledThread::run() @ 0x000000001e20c498
20. base/poco/Foundation/src/Thread_POSIX.cpp:341:27: Poco::ThreadImpl::runnableEntry(void*) @ 0x000000001e20a7b4
21. ? @ 0x000000000008c248
22. ? @ 0x00000000000f6adc

2026.08.02 16:01:51.551302 [ 1080095 ] {} <Error> TCPHandler: Code: 48. DB::Exception: Only `hash` join supports multiple ORs for keys in JOIN ON section. (NOT_IMPLEMENTED), Stack trace (when copying this message, always include the lines below):

0. base/poco/Foundation/src/Exception.cpp:32:1: Poco::Exception::Exception(String&&, int) @ 0x000000001e1d1bb8
1. src/Common/Exception.cpp:158:7: DB::Exception::Exception(DB::Exception::MessageMasked&&, int, bool) @ 0x000000000eb8908c
2. src/Common/Exception.h:201:100: DB::Exception::Exception(String&&, int, String, bool) @ 0x0000000009979258
3. src/Common/Exception.h:57:54: DB::Exception::Exception(PreformattedMessage&&, int) @ 0x0000000009978c8c
4. src/Common/Exception.h:219:77: DB::Exception::Exception<>(int, FormatStringHelperImpl<>) @ 0x000000000eb87c14
5. src/Planner/PlannerJoins.cpp:1442:15: DB::chooseJoinAlgorithm(std::shared_ptr<DB::TableJoin>&, DB::PreparedJoinStorage const&, std::shared_ptr<DB::Block const>, std::shared_ptr<DB::Block const>, DB::JoinAlgorithmParams const&) @ 0x000000001356e13c
6. src/Processors/QueryPlan/JoinStepLogical.cpp:1411:31: DB::buildPhysicalJoinImpl(std::vector<DB::QueryPlan::Node*, std::allocator<DB::QueryPlan::Node*>>, DB::JoinOperator, DB::JoinExpressionActions, DB::JoinSettings, DB::JoinAlgorithmParams, DB::SortingStep::Settings, std::vector<DB::ActionsDAG::Node const*, std::allocator<DB::ActionsDAG::Node const*>> const&, DB::QueryPlanOptimizationSettings const&, std::list<DB::QueryPlan::Node, std::allocator<DB::QueryPlan::Node>>&, DB::LogicalJoinInfo&&) @ 0x0000000019d53290
7. src/Processors/QueryPlan/JoinStepLogical.cpp:1503:21: DB::JoinStepLogical::buildPhysicalJoin(DB::QueryPlan::Node&, DB::QueryPlanOptimizationSettings const&, std::list<DB::QueryPlan::Node, std::allocator<DB::QueryPlan::Node>>&) @ 0x0000000019d50630
8. src/Processors/QueryPlan/Optimizations/optimizeJoin.cpp:604:5: DB::QueryPlanOptimizations::convertLogicalJoinToPhysical(DB::QueryPlan::Node&, std::list<DB::QueryPlan::Node, std::allocator<DB::QueryPlan::Node>>&, DB::QueryPlanOptimizationSettings const&) @ 0x0000000019ee5ed8
9. src/Processors/QueryPlan/Optimizations/optimizeTree.cpp:284:13: DB::QueryPlanOptimizations::optimizeTreeSecondPass(DB::QueryPlanOptimizationSettings const&, DB::QueryPlan::Node&, std::list<DB::QueryPlan::Node, std::allocator<DB::QueryPlan::Node>>&, DB::QueryPlan&) @ 0x0000000019f286d4
10. src/Processors/QueryPlan/QueryPlan.cpp:803:5: DB::QueryPlan::optimize(DB::QueryPlanOptimizationSettings const&) @ 0x0000000019da1a24
11. src/Interpreters/InterpreterSelectQueryAnalyzer.cpp:413:16: DB::InterpreterSelectQueryAnalyzer::buildQueryPipeline() @ 0x0000000013d9e0b8
12. src/Interpreters/InterpreterSelectQueryAnalyzer.cpp:374:29: DB::InterpreterSelectQueryAnalyzer::execute() @ 0x0000000013d9dd90
13. src/Interpreters/executeQuery.cpp:1954:40: DB::executeQueryImpl(char const*, char const*, std::shared_ptr<DB::Context>, DB::QueryFlags, DB::QueryProcessingStage::Enum, std::unique_ptr<DB::ReadBuffer, std::default_delete<DB::ReadBuffer>>&, boost::intrusive_ptr<DB::IAST>&, std::shared_ptr<DB::ImplicitTransactionControlExecutor>, std::function<void ()>, DB::QueryResultDetails&) @ 0x0000000014165df4
14. src/Interpreters/executeQuery.cpp:2438:11: DB::executeQuery(std::basic_string_view<char, std::char_traits<char>>, std::shared_ptr<DB::Context>, DB::QueryFlags, DB::QueryProcessingStage::Enum) @ 0x0000000014161810
15. src/Server/TCPHandler.cpp:899:68: DB::TCPHandler::runImpl() @ 0x00000000196c8980
16. src/Server/TCPHandler.cpp:3354:9: DB::TCPHandler::run() @ 0x00000000196e6744
17. base/poco/Net/src/TCPServerConnection.cpp:40:3: Poco::Net::TCPServerConnection::start() @ 0x000000001e24b798
18. base/poco/Net/src/TCPServerDispatcher.cpp:115:42: Poco::Net::TCPServerDispatcher::run() @ 0x000000001e24bd58
19. base/poco/Foundation/src/ThreadPool.cpp:207:14: Poco::PooledThread::run() @ 0x000000001e20c498
20. base/poco/Foundation/src/Thread_POSIX.cpp:341:27: Poco::ThreadImpl::runnableEntry(void*) @ 0x000000001e20a7b4
21. ? @ 0x000000000008c248
22. ? @ 0x00000000000f6adc

2026.08.02 16:01:51.602786 [ 1080095 ] {84829ed8-c673-4ab2-be8c-fac4e25c961c} <Error> executeQuery: Code: 48. DB::Exception: Only `hash` join supports multiple ORs for keys in JOIN ON section. (NOT_IMPLEMENTED) (version 26.8.1.1) (from 127.0.0.1:57804) (query 1, line 1) (in query: SELECT l.k1,l.k2,l.v,r.k1,r.k2,r.w FROM av2.orl AS l FULL JOIN av2.orr AS r ON l.k1=r.k1 OR l.k2=r.k2 ORDER BY r.k1,r.k2,r.w,l.k1,l.k2,l.v SETTINGS join_algorithm='parallel_hash'), Stack trace (when copying this message, always include the lines below):

0. base/poco/Foundation/src/Exception.cpp:32:1: Poco::Exception::Exception(String&&, int) @ 0x000000001e1d1bb8
1. src/Common/Exception.cpp:158:7: DB::Exception::Exception(DB::Exception::MessageMasked&&, int, bool) @ 0x000000000eb8908c
2. src/Common/Exception.h:201:100: DB::Exception::Exception(String&&, int, String, bool) @ 0x0000000009979258
3. src/Common/Exception.h:57:54: DB::Exception::Exception(PreformattedMessage&&, int) @ 0x0000000009978c8c
4. src/Common/Exception.h:219:77: DB::Exception::Exception<>(int, FormatStringHelperImpl<>) @ 0x000000000eb87c14
5. src/Planner/PlannerJoins.cpp:1442:15: DB::chooseJoinAlgorithm(std::shared_ptr<DB::TableJoin>&, DB::PreparedJoinStorage const&, std::shared_ptr<DB::Block const>, std::shared_ptr<DB::Block const>, DB::JoinAlgorithmParams const&) @ 0x000000001356e13c
6. src/Processors/QueryPlan/JoinStepLogical.cpp:1411:31: DB::buildPhysicalJoinImpl(std::vector<DB::QueryPlan::Node*, std::allocator<DB::QueryPlan::Node*>>, DB::JoinOperator, DB::JoinExpressionActions, DB::JoinSettings, DB::JoinAlgorithmParams, DB::SortingStep::Settings, std::vector<DB::ActionsDAG::Node const*, std::allocator<DB::ActionsDAG::Node const*>> const&, DB::QueryPlanOptimizationSettings const&, std::list<DB::QueryPlan::Node, std::allocator<DB::QueryPlan::Node>>&, DB::LogicalJoinInfo&&) @ 0x0000000019d53290
7. src/Processors/QueryPlan/JoinStepLogical.cpp:1503:21: DB::JoinStepLogical::buildPhysicalJoin(DB::QueryPlan::Node&, DB::QueryPlanOptimizationSettings const&, std::list<DB::QueryPlan::Node, std::allocator<DB::QueryPlan::Node>>&) @ 0x0000000019d50630
8. src/Processors/QueryPlan/Optimizations/optimizeJoin.cpp:604:5: DB::QueryPlanOptimizations::convertLogicalJoinToPhysical(DB::QueryPlan::Node&, std::list<DB::QueryPlan::Node, std::allocator<DB::QueryPlan::Node>>&, DB::QueryPlanOptimizationSettings const&) @ 0x0000000019ee5ed8
9. src/Processors/QueryPlan/Optimizations/optimizeTree.cpp:284:13: DB::QueryPlanOptimizations::optimizeTreeSecondPass(DB::QueryPlanOptimizationSettings const&, DB::QueryPlan::Node&, std::list<DB::QueryPlan::Node, std::allocator<DB::QueryPlan::Node>>&, DB::QueryPlan&) @ 0x0000000019f286d4
10. src/Processors/QueryPlan/QueryPlan.cpp:803:5: DB::QueryPlan::optimize(DB::QueryPlanOptimizationSettings const&) @ 0x0000000019da1a24
11. src/Interpreters/InterpreterSelectQueryAnalyzer.cpp:413:16: DB::InterpreterSelectQueryAnalyzer::buildQueryPipeline() @ 0x0000000013d9e0b8
12. src/Interpreters/InterpreterSelectQueryAnalyzer.cpp:374:29: DB::InterpreterSelectQueryAnalyzer::execute() @ 0x0000000013d9dd90
13. src/Interpreters/executeQuery.cpp:1954:40: DB::executeQueryImpl(char const*, char const*, std::shared_ptr<DB::Context>, DB::QueryFlags, DB::QueryProcessingStage::Enum, std::unique_ptr<DB::ReadBuffer, std::default_delete<DB::ReadBuffer>>&, boost::intrusive_ptr<DB::IAST>&, std::shared_ptr<DB::ImplicitTransactionControlExecutor>, std::function<void ()>, DB::QueryResultDetails&) @ 0x0000000014165df4
14. src/Interpreters/executeQuery.cpp:2438:11: DB::executeQuery(std::basic_string_view<char, std::char_traits<char>>, std::shared_ptr<DB::Context>, DB::QueryFlags, DB::QueryProcessingStage::Enum) @ 0x0000000014161810
15. src/Server/TCPHandler.cpp:899:68: DB::TCPHandler::runImpl() @ 0x00000000196c8980
16. src/Server/TCPHandler.cpp:3354:9: DB::TCPHandler::run() @ 0x00000000196e6744
17. base/poco/Net/src/TCPServerConnection.cpp:40:3: Poco::Net::TCPServerConnection::start() @ 0x000000001e24b798
18. base/poco/Net/src/TCPServerDispatcher.cpp:115:42: Poco::Net::TCPServerDispatcher::run() @ 0x000000001e24bd58
19. base/poco/Foundation/src/ThreadPool.cpp:207:14: Poco::PooledThread::run() @ 0x000000001e20c498
20. base/poco/Foundation/src/Thread_POSIX.cpp:341:27: Poco::ThreadImpl::runnableEntry(void*) @ 0x000000001e20a7b4
21. ? @ 0x000000000008c248
22. ? @ 0x00000000000f6adc

2026.08.02 16:01:51.602938 [ 1080095 ] {} <Error> TCPHandler: Code: 48. DB::Exception: Only `hash` join supports multiple ORs for keys in JOIN ON section. (NOT_IMPLEMENTED), Stack trace (when copying this message, always include the lines below):

0. base/poco/Foundation/src/Exception.cpp:32:1: Poco::Exception::Exception(String&&, int) @ 0x000000001e1d1bb8
1. src/Common/Exception.cpp:158:7: DB::Exception::Exception(DB::Exception::MessageMasked&&, int, bool) @ 0x000000000eb8908c
2. src/Common/Exception.h:201:100: DB::Exception::Exception(String&&, int, String, bool) @ 0x0000000009979258
3. src/Common/Exception.h:57:54: DB::Exception::Exception(PreformattedMessage&&, int) @ 0x0000000009978c8c
4. src/Common/Exception.h:219:77: DB::Exception::Exception<>(int, FormatStringHelperImpl<>) @ 0x000000000eb87c14
5. src/Planner/PlannerJoins.cpp:1442:15: DB::chooseJoinAlgorithm(std::shared_ptr<DB::TableJoin>&, DB::PreparedJoinStorage const&, std::shared_ptr<DB::Block const>, std::shared_ptr<DB::Block const>, DB::JoinAlgorithmParams const&) @ 0x000000001356e13c
6. src/Processors/QueryPlan/JoinStepLogical.cpp:1411:31: DB::buildPhysicalJoinImpl(std::vector<DB::QueryPlan::Node*, std::allocator<DB::QueryPlan::Node*>>, DB::JoinOperator, DB::JoinExpressionActions, DB::JoinSettings, DB::JoinAlgorithmParams, DB::SortingStep::Settings, std::vector<DB::ActionsDAG::Node const*, std::allocator<DB::ActionsDAG::Node const*>> const&, DB::QueryPlanOptimizationSettings const&, std::list<DB::QueryPlan::Node, std::allocator<DB::QueryPlan::Node>>&, DB::LogicalJoinInfo&&) @ 0x0000000019d53290
7. src/Processors/QueryPlan/JoinStepLogical.cpp:1503:21: DB::JoinStepLogical::buildPhysicalJoin(DB::QueryPlan::Node&, DB::QueryPlanOptimizationSettings const&, std::list<DB::QueryPlan::Node, std::allocator<DB::QueryPlan::Node>>&) @ 0x0000000019d50630
8. src/Processors/QueryPlan/Optimizations/optimizeJoin.cpp:604:5: DB::QueryPlanOptimizations::convertLogicalJoinToPhysical(DB::QueryPlan::Node&, std::list<DB::QueryPlan::Node, std::allocator<DB::QueryPlan::Node>>&, DB::QueryPlanOptimizationSettings const&) @ 0x0000000019ee5ed8
9. src/Processors/QueryPlan/Optimizations/optimizeTree.cpp:284:13: DB::QueryPlanOptimizations::optimizeTreeSecondPass(DB::QueryPlanOptimizationSettings const&, DB::QueryPlan::Node&, std::list<DB::QueryPlan::Node, std::allocator<DB::QueryPlan::Node>>&, DB::QueryPlan&) @ 0x0000000019f286d4
10. src/Processors/QueryPlan/QueryPlan.cpp:803:5: DB::QueryPlan::optimize(DB::QueryPlanOptimizationSettings const&) @ 0x0000000019da1a24
11. src/Interpreters/InterpreterSelectQueryAnalyzer.cpp:413:16: DB::InterpreterSelectQueryAnalyzer::buildQueryPipeline() @ 0x0000000013d9e0b8
12. src/Interpreters/InterpreterSelectQueryAnalyzer.cpp:374:29: DB::InterpreterSelectQueryAnalyzer::execute() @ 0x0000000013d9dd90
13. src/Interpreters/executeQuery.cpp:1954:40: DB::executeQueryImpl(char const*, char const*, std::shared_ptr<DB::Context>, DB::QueryFlags, DB::QueryProcessingStage::Enum, std::unique_ptr<DB::ReadBuffer, std::default_delete<DB::ReadBuffer>>&, boost::intrusive_ptr<DB::IAST>&, std::shared_ptr<DB::ImplicitTransactionControlExecutor>, std::function<void ()>, DB::QueryResultDetails&) @ 0x0000000014165df4
14. src/Interpreters/executeQuery.cpp:2438:11: DB::executeQuery(std::basic_string_view<char, std::char_traits<char>>, std::shared_ptr<DB::Context>, DB::QueryFlags, DB::QueryProcessingStage::Enum) @ 0x0000000014161810
15. src/Server/TCPHandler.cpp:899:68: DB::TCPHandler::runImpl() @ 0x00000000196c8980
16. src/Server/TCPHandler.cpp:3354:9: DB::TCPHandler::run() @ 0x00000000196e6744
17. base/poco/Net/src/TCPServerConnection.cpp:40:3: Poco::Net::TCPServerConnection::start() @ 0x000000001e24b798
18. base/poco/Net/src/TCPServerDispatcher.cpp:115:42: Poco::Net::TCPServerDispatcher::run() @ 0x000000001e24bd58
19. base/poco/Foundation/src/ThreadPool.cpp:207:14: Poco::PooledThread::run() @ 0x000000001e20c498
20. base/poco/Foundation/src/Thread_POSIX.cpp:341:27: Poco::ThreadImpl::runnableEntry(void*) @ 0x000000001e20a7b4
21. ? @ 0x000000000008c248
22. ? @ 0x00000000000f6adc

2026.08.02 16:01:51.654494 [ 1080095 ] {1b78d47a-4c25-4f21-b093-e2c53ae63729} <Error> executeQuery: Code: 48. DB::Exception: Only `hash` join supports multiple ORs for keys in JOIN ON section. (NOT_IMPLEMENTED) (version 26.8.1.1) (from 127.0.0.1:57812) (query 1, line 1) (in query: SELECT l.k1,l.k2,l.v,r.k1,r.k2,r.w FROM av2.orl AS l FULL JOIN av2.orr AS r ON l.k1=r.k1 OR l.k2=r.k2 ORDER BY r.k1,r.k2,r.w,l.k1,l.k2,l.v SETTINGS join_algorithm='parallel_hash'), Stack trace (when copying this message, always include the lines below):

0. base/poco/Foundation/src/Exception.cpp:32:1: Poco::Exception::Exception(String&&, int) @ 0x000000001e1d1bb8
1. src/Common/Exception.cpp:158:7: DB::Exception::Exception(DB::Exception::MessageMasked&&, int, bool) @ 0x000000000eb8908c
2. src/Common/Exception.h:201:100: DB::Exception::Exception(String&&, int, String, bool) @ 0x0000000009979258
3. src/Common/Exception.h:57:54: DB::Exception::Exception(PreformattedMessage&&, int) @ 0x0000000009978c8c
4. src/Common/Exception.h:219:77: DB::Exception::Exception<>(int, FormatStringHelperImpl<>) @ 0x000000000eb87c14
5. src/Planner/PlannerJoins.cpp:1442:15: DB::chooseJoinAlgorithm(std::shared_ptr<DB::TableJoin>&, DB::PreparedJoinStorage const&, std::shared_ptr<DB::Block const>, std::shared_ptr<DB::Block const>, DB::JoinAlgorithmParams const&) @ 0x000000001356e13c
6. src/Processors/QueryPlan/JoinStepLogical.cpp:1411:31: DB::buildPhysicalJoinImpl(std::vector<DB::QueryPlan::Node*, std::allocator<DB::QueryPlan::Node*>>, DB::JoinOperator, DB::JoinExpressionActions, DB::JoinSettings, DB::JoinAlgorithmParams, DB::SortingStep::Settings, std::vector<DB::ActionsDAG::Node const*, std::allocator<DB::ActionsDAG::Node const*>> const&, DB::QueryPlanOptimizationSettings const&, std::list<DB::QueryPlan::Node, std::allocator<DB::QueryPlan::Node>>&, DB::LogicalJoinInfo&&) @ 0x0000000019d53290
7. src/Processors/QueryPlan/JoinStepLogical.cpp:1503:21: DB::JoinStepLogical::buildPhysicalJoin(DB::QueryPlan::Node&, DB::QueryPlanOptimizationSettings const&, std::list<DB::QueryPlan::Node, std::allocator<DB::QueryPlan::Node>>&) @ 0x0000000019d50630
8. src/Processors/QueryPlan/Optimizations/optimizeJoin.cpp:604:5: DB::QueryPlanOptimizations::convertLogicalJoinToPhysical(DB::QueryPlan::Node&, std::list<DB::QueryPlan::Node, std::allocator<DB::QueryPlan::Node>>&, DB::QueryPlanOptimizationSettings const&) @ 0x0000000019ee5ed8
9. src/Processors/QueryPlan/Optimizations/optimizeTree.cpp:284:13: DB::QueryPlanOptimizations::optimizeTreeSecondPass(DB::QueryPlanOptimizationSettings const&, DB::QueryPlan::Node&, std::list<DB::QueryPlan::Node, std::allocator<DB::QueryPlan::Node>>&, DB::QueryPlan&) @ 0x0000000019f286d4
10. src/Processors/QueryPlan/QueryPlan.cpp:803:5: DB::QueryPlan::optimize(DB::QueryPlanOptimizationSettings const&) @ 0x0000000019da1a24
11. src/Interpreters/InterpreterSelectQueryAnalyzer.cpp:413:16: DB::InterpreterSelectQueryAnalyzer::buildQueryPipeline() @ 0x0000000013d9e0b8
12. src/Interpreters/InterpreterSelectQueryAnalyzer.cpp:374:29: DB::InterpreterSelectQueryAnalyzer::execute() @ 0x0000000013d9dd90
13. src/Interpreters/executeQuery.cpp:1954:40: DB::executeQueryImpl(char const*, char const*, std::shared_ptr<DB::Context>, DB::QueryFlags, DB::QueryProcessingStage::Enum, std::unique_ptr<DB::ReadBuffer, std::default_delete<DB::ReadBuffer>>&, boost::intrusive_ptr<DB::IAST>&, std::shared_ptr<DB::ImplicitTransactionControlExecutor>, std::function<void ()>, DB::QueryResultDetails&) @ 0x0000000014165df4
14. src/Interpreters/executeQuery.cpp:2438:11: DB::executeQuery(std::basic_string_view<char, std::char_traits<char>>, std::shared_ptr<DB::Context>, DB::QueryFlags, DB::QueryProcessingStage::Enum) @ 0x0000000014161810
15. src/Server/TCPHandler.cpp:899:68: DB::TCPHandler::runImpl() @ 0x00000000196c8980
16. src/Server/TCPHandler.cpp:3354:9: DB::TCPHandler::run() @ 0x00000000196e6744
17. base/poco/Net/src/TCPServerConnection.cpp:40:3: Poco::Net::TCPServerConnection::start() @ 0x000000001e24b798
18. base/poco/Net/src/TCPServerDispatcher.cpp:115:42: Poco::Net::TCPServerDispatcher::run() @ 0x000000001e24bd58
19. base/poco/Foundation/src/ThreadPool.cpp:207:14: Poco::PooledThread::run() @ 0x000000001e20c498
20. base/poco/Foundation/src/Thread_POSIX.cpp:341:27: Poco::ThreadImpl::runnableEntry(void*) @ 0x000000001e20a7b4
21. ? @ 0x000000000008c248
22. ? @ 0x00000000000f6adc

2026.08.02 16:01:51.654632 [ 1080095 ] {} <Error> TCPHandler: Code: 48. DB::Exception: Only `hash` join supports multiple ORs for keys in JOIN ON section. (NOT_IMPLEMENTED), Stack trace (when copying this message, always include the lines below):

0. base/poco/Foundation/src/Exception.cpp:32:1: Poco::Exception::Exception(String&&, int) @ 0x000000001e1d1bb8
1. src/Common/Exception.cpp:158:7: DB::Exception::Exception(DB::Exception::MessageMasked&&, int, bool) @ 0x000000000eb8908c
2. src/Common/Exception.h:201:100: DB::Exception::Exception(String&&, int, String, bool) @ 0x0000000009979258
3. src/Common/Exception.h:57:54: DB::Exception::Exception(PreformattedMessage&&, int) @ 0x0000000009978c8c
4. src/Common/Exception.h:219:77: DB::Exception::Exception<>(int, FormatStringHelperImpl<>) @ 0x000000000eb87c14
5. src/Planner/PlannerJoins.cpp:1442:15: DB::chooseJoinAlgorithm(std::shared_ptr<DB::TableJoin>&, DB::PreparedJoinStorage const&, std::shared_ptr<DB::Block const>, std::shared_ptr<DB::Block const>, DB::JoinAlgorithmParams const&) @ 0x000000001356e13c
6. src/Processors/QueryPlan/JoinStepLogical.cpp:1411:31: DB::buildPhysicalJoinImpl(std::vector<DB::QueryPlan::Node*, std::allocator<DB::QueryPlan::Node*>>, DB::JoinOperator, DB::JoinExpressionActions, DB::JoinSettings, DB::JoinAlgorithmParams, DB::SortingStep::Settings, std::vector<DB::ActionsDAG::Node const*, std::allocator<DB::ActionsDAG::Node const*>> const&, DB::QueryPlanOptimizationSettings const&, std::list<DB::QueryPlan::Node, std::allocator<DB::QueryPlan::Node>>&, DB::LogicalJoinInfo&&) @ 0x0000000019d53290
7. src/Processors/QueryPlan/JoinStepLogical.cpp:1503:21: DB::JoinStepLogical::buildPhysicalJoin(DB::QueryPlan::Node&, DB::QueryPlanOptimizationSettings const&, std::list<DB::QueryPlan::Node, std::allocator<DB::QueryPlan::Node>>&) @ 0x0000000019d50630
8. src/Processors/QueryPlan/Optimizations/optimizeJoin.cpp:604:5: DB::QueryPlanOptimizations::convertLogicalJoinToPhysical(DB::QueryPlan::Node&, std::list<DB::QueryPlan::Node, std::allocator<DB::QueryPlan::Node>>&, DB::QueryPlanOptimizationSettings const&) @ 0x0000000019ee5ed8
9. src/Processors/QueryPlan/Optimizations/optimizeTree.cpp:284:13: DB::QueryPlanOptimizations::optimizeTreeSecondPass(DB::QueryPlanOptimizationSettings const&, DB::QueryPlan::Node&, std::list<DB::QueryPlan::Node, std::allocator<DB::QueryPlan::Node>>&, DB::QueryPlan&) @ 0x0000000019f286d4
10. src/Processors/QueryPlan/QueryPlan.cpp:803:5: DB::QueryPlan::optimize(DB::QueryPlanOptimizationSettings const&) @ 0x0000000019da1a24
11. src/Interpreters/InterpreterSelectQueryAnalyzer.cpp:413:16: DB::InterpreterSelectQueryAnalyzer::buildQueryPipeline() @ 0x0000000013d9e0b8
12. src/Interpreters/InterpreterSelectQueryAnalyzer.cpp:374:29: DB::InterpreterSelectQueryAnalyzer::execute() @ 0x0000000013d9dd90
13. src/Interpreters/executeQuery.cpp:1954:40: DB::executeQueryImpl(char const*, char const*, std::shared_ptr<DB::Context>, DB::QueryFlags, DB::QueryProcessingStage::Enum, std::unique_ptr<DB::ReadBuffer, std::default_delete<DB::ReadBuffer>>&, boost::intrusive_ptr<DB::IAST>&, std::shared_ptr<DB::ImplicitTransactionControlExecutor>, std::function<void ()>, DB::QueryResultDetails&) @ 0x0000000014165df4
14. src/Interpreters/executeQuery.cpp:2438:11: DB::executeQuery(std::basic_string_view<char, std::char_traits<char>>, std::shared_ptr<DB::Context>, DB::QueryFlags, DB::QueryProcessingStage::Enum) @ 0x0000000014161810
15. src/Server/TCPHandler.cpp:899:68: DB::TCPHandler::runImpl() @ 0x00000000196c8980
16. src/Server/TCPHandler.cpp:3354:9: DB::TCPHandler::run() @ 0x00000000196e6744
17. base/poco/Net/src/TCPServerConnection.cpp:40:3: Poco::Net::TCPServerConnection::start() @ 0x000000001e24b798
18. base/poco/Net/src/TCPServerDispatcher.cpp:115:42: Poco::Net::TCPServerDispatcher::run() @ 0x000000001e24bd58
19. base/poco/Foundation/src/ThreadPool.cpp:207:14: Poco::PooledThread::run() @ 0x000000001e20c498
20. base/poco/Foundation/src/Thread_POSIX.cpp:341:27: Poco::ThreadImpl::runnableEntry(void*) @ 0x000000001e20a7b4
21. ? @ 0x000000000008c248
22. ? @ 0x00000000000f6adc

2026.08.02 16:01:51.725500 [ 1080095 ] {42bce614-9732-4563-b137-c989743d8d3a} <Error> executeQuery: Code: 49. DB::Exception: Expected to have only one join clause, got 2: [Left keys: [__table2.k1] Right keys [__table1.k1] Condition columns: '', '' | Left keys: [__table2.k2] Right keys [__table1.k2] Condition columns: '', ''], query: ' INNER JOIN ...'. (LOGICAL_ERROR) (version 26.8.1.1) (from 127.0.0.1:57828) (query 1, line 1) (in query: SELECT l.k1,l.k2,l.v,r.k1,r.k2,r.w FROM av2.orl AS l FULL JOIN av2.orr AS r ON l.k1=r.k1 OR l.k2=r.k2 ORDER BY r.k1,r.k2,r.w,l.k1,l.k2,l.v SETTINGS join_algorithm='unified_hash'), Stack trace (when copying this message, always include the lines below):

0. base/poco/Foundation/src/Exception.cpp:32:1: Poco::Exception::Exception(String&&, int) @ 0x000000001e1d1bb8
1. src/Common/Exception.cpp:158:7: DB::Exception::Exception(DB::Exception::MessageMasked&&, int, bool) @ 0x000000000eb8908c
2. src/Common/Exception.h:201:100: DB::Exception::Exception(String&&, int, String, bool) @ 0x0000000009979258
3. src/Common/Exception.h:57:54: DB::Exception::Exception(PreformattedMessage&&, int) @ 0x0000000009978c8c
4. src/Common/Exception.h:219:77: DB::Exception::Exception<unsigned long, fmt::v12::join_view<std::__wrap_iter<String*>, std::__wrap_iter<String*>, char>, String>(int, FormatStringHelperImpl<std::type_identity<unsigned long>::type, std::type_identity<fmt::v12::join_view<std::__wrap_iter<String*>, std::__wrap_iter<String*>, char>>::type, std::type_identity<String>::type>, unsigned long&&, fmt::v12::join_view<std::__wrap_iter<String*>, std::__wrap_iter<String*>, char>&&, String&&) @ 0x0000000014097ee0
5. src/Interpreters/TableJoin.cpp:1216:15: DB::TableJoin::assertHasOneOnExpr() const @ 0x0000000014097cf8
6. src/Interpreters/TableJoin.h:363:38: DB::Unified::HashJoin::supportParallelNonJoinedBlocksProcessing() const @ 0x00000000165d9af4
7. src/QueryPipeline/QueryPipelineBuilder.cpp:578:42: DB::QueryPipelineBuilder::joinPipelinesRightLeft(std::unique_ptr<DB::QueryPipelineBuilder, std::default_delete<DB::QueryPipelineBuilder>>, std::unique_ptr<DB::QueryPipelineBuilder, std::default_delete<DB::QueryPipelineBuilder>>, std::shared_ptr<DB::IJoin>, std::shared_ptr<DB::Block const>&, unsigned long, unsigned long, unsigned long, unsigned long, DB::IQueryPlanStep*, bool, std::list<std::shared_ptr<DB::IProcessor>, std::allocator<std::shared_ptr<DB::IProcessor>>>*) @ 0x0000000012cf9f04
8. src/Processors/QueryPlan/JoinStep.cpp:160:31: DB::JoinStep::updatePipeline(std::vector<std::unique_ptr<DB::QueryPipelineBuilder, std::default_delete<DB::QueryPipelineBuilder>>, AllocatorWithMemoryTracking<std::unique_ptr<DB::QueryPipelineBuilder, std::default_delete<DB::QueryPipelineBuilder>>>>, DB::BuildQueryPipelineSettings const&) @ 0x0000000019d44500
9. src/Processors/QueryPlan/QueryPlan.cpp:260:47: DB::QueryPlan::buildQueryPipeline(DB::QueryPlanOptimizationSettings const&, DB::BuildQueryPipelineSettings const&, bool) @ 0x0000000019da12c8
10. src/Interpreters/InterpreterSelectQueryAnalyzer.cpp:416:34: DB::InterpreterSelectQueryAnalyzer::buildQueryPipeline() @ 0x0000000013d9e0e0
11. src/Interpreters/InterpreterSelectQueryAnalyzer.cpp:374:29: DB::InterpreterSelectQueryAnalyzer::execute() @ 0x0000000013d9dd90
12. src/Interpreters/executeQuery.cpp:1954:40: DB::executeQueryImpl(char const*, char const*, std::shared_ptr<DB::Context>, DB::QueryFlags, DB::QueryProcessingStage::Enum, std::unique_ptr<DB::ReadBuffer, std::default_delete<DB::ReadBuffer>>&, boost::intrusive_ptr<DB::IAST>&, std::shared_ptr<DB::ImplicitTransactionControlExecutor>, std::function<void ()>, DB::QueryResultDetails&) @ 0x0000000014165df4
13. src/Interpreters/executeQuery.cpp:2438:11: DB::executeQuery(std::basic_string_view<char, std::char_traits<char>>, std::shared_ptr<DB::Context>, DB::QueryFlags, DB::QueryProcessingStage::Enum) @ 0x0000000014161810
14. src/Server/TCPHandler.cpp:899:68: DB::TCPHandler::runImpl() @ 0x00000000196c8980
15. src/Server/TCPHandler.cpp:3354:9: DB::TCPHandler::run() @ 0x00000000196e6744
16. base/poco/Net/src/TCPServerConnection.cpp:40:3: Poco::Net::TCPServerConnection::start() @ 0x000000001e24b798
17. base/poco/Net/src/TCPServerDispatcher.cpp:115:42: Poco::Net::TCPServerDispatcher::run() @ 0x000000001e24bd58
18. base/poco/Foundation/src/ThreadPool.cpp:207:14: Poco::PooledThread::run() @ 0x000000001e20c498
19. base/poco/Foundation/src/Thread_POSIX.cpp:341:27: Poco::ThreadImpl::runnableEntry(void*) @ 0x000000001e20a7b4
20. ? @ 0x000000000008c248
21. ? @ 0x00000000000f6adc

2026.08.02 16:01:51.725604 [ 1080095 ] {42bce614-9732-4563-b137-c989743d8d3a} <Error> ForcedCriticalErrorsLogger: Code: 49. DB::Exception: Expected to have only one join clause, got 2: [Left keys: [__table2.k1] Right keys [__table1.k1] Condition columns: '', '' | Left keys: [__table2.k2] Right keys [__table1.k2] Condition columns: '', ''], query: ' INNER JOIN ...'. (LOGICAL_ERROR), Stack trace (when copying this message, always include the lines below):

0. base/poco/Foundation/src/Exception.cpp:32:1: Poco::Exception::Exception(String&&, int) @ 0x000000001e1d1bb8
1. src/Common/Exception.cpp:158:7: DB::Exception::Exception(DB::Exception::MessageMasked&&, int, bool) @ 0x000000000eb8908c
2. src/Common/Exception.h:201:100: DB::Exception::Exception(String&&, int, String, bool) @ 0x0000000009979258
3. src/Common/Exception.h:57:54: DB::Exception::Exception(PreformattedMessage&&, int) @ 0x0000000009978c8c
4. src/Common/Exception.h:219:77: DB::Exception::Exception<unsigned long, fmt::v12::join_view<std::__wrap_iter<String*>, std::__wrap_iter<String*>, char>, String>(int, FormatStringHelperImpl<std::type_identity<unsigned long>::type, std::type_identity<fmt::v12::join_view<std::__wrap_iter<String*>, std::__wrap_iter<String*>, char>>::type, std::type_identity<String>::type>, unsigned long&&, fmt::v12::join_view<std::__wrap_iter<String*>, std::__wrap_iter<String*>, char>&&, String&&) @ 0x0000000014097ee0
5. src/Interpreters/TableJoin.cpp:1216:15: DB::TableJoin::assertHasOneOnExpr() const @ 0x0000000014097cf8
6. src/Interpreters/TableJoin.h:363:38: DB::Unified::HashJoin::supportParallelNonJoinedBlocksProcessing() const @ 0x00000000165d9af4
7. src/QueryPipeline/QueryPipelineBuilder.cpp:578:42: DB::QueryPipelineBuilder::joinPipelinesRightLeft(std::unique_ptr<DB::QueryPipelineBuilder, std::default_delete<DB::QueryPipelineBuilder>>, std::unique_ptr<DB::QueryPipelineBuilder, std::default_delete<DB::QueryPipelineBuilder>>, std::shared_ptr<DB::IJoin>, std::shared_ptr<DB::Block const>&, unsigned long, unsigned long, unsigned long, unsigned long, DB::IQueryPlanStep*, bool, std::list<std::shared_ptr<DB::IProcessor>, std::allocator<std::shared_ptr<DB::IProcessor>>>*) @ 0x0000000012cf9f04
8. src/Processors/QueryPlan/JoinStep.cpp:160:31: DB::JoinStep::updatePipeline(std::vector<std::unique_ptr<DB::QueryPipelineBuilder, std::default_delete<DB::QueryPipelineBuilder>>, AllocatorWithMemoryTracking<std::unique_ptr<DB::QueryPipelineBuilder, std::default_delete<DB::QueryPipelineBuilder>>>>, DB::BuildQueryPipelineSettings const&) @ 0x0000000019d44500
9. src/Processors/QueryPlan/QueryPlan.cpp:260:47: DB::QueryPlan::buildQueryPipeline(DB::QueryPlanOptimizationSettings const&, DB::BuildQueryPipelineSettings const&, bool) @ 0x0000000019da12c8
10. src/Interpreters/InterpreterSelectQueryAnalyzer.cpp:416:34: DB::InterpreterSelectQueryAnalyzer::buildQueryPipeline() @ 0x0000000013d9e0e0
11. src/Interpreters/InterpreterSelectQueryAnalyzer.cpp:374:29: DB::InterpreterSelectQueryAnalyzer::execute() @ 0x0000000013d9dd90
12. src/Interpreters/executeQuery.cpp:1954:40: DB::executeQueryImpl(char const*, char const*, std::shared_ptr<DB::Context>, DB::QueryFlags, DB::QueryProcessingStage::Enum, std::unique_ptr<DB::ReadBuffer, std::default_delete<DB::ReadBuffer>>&, boost::intrusive_ptr<DB::IAST>&, std::shared_ptr<DB::ImplicitTransactionControlExecutor>, std::function<void ()>, DB::QueryResultDetails&) @ 0x0000000014165df4
13. src/Interpreters/executeQuery.cpp:2438:11: DB::executeQuery(std::basic_string_view<char, std::char_traits<char>>, std::shared_ptr<DB::Context>, DB::QueryFlags, DB::QueryProcessingStage::Enum) @ 0x0000000014161810
14. src/Server/TCPHandler.cpp:899:68: DB::TCPHandler::runImpl() @ 0x00000000196c8980
15. src/Server/TCPHandler.cpp:3354:9: DB::TCPHandler::run() @ 0x00000000196e6744
16. base/poco/Net/src/TCPServerConnection.cpp:40:3: Poco::Net::TCPServerConnection::start() @ 0x000000001e24b798
17. base/poco/Net/src/TCPServerDispatcher.cpp:115:42: Poco::Net::TCPServerDispatcher::run() @ 0x000000001e24bd58
18. base/poco/Foundation/src/ThreadPool.cpp:207:14: Poco::PooledThread::run() @ 0x000000001e20c498
19. base/poco/Foundation/src/Thread_POSIX.cpp:341:27: Poco::ThreadImpl::runnableEntry(void*) @ 0x000000001e20a7b4
20. ? @ 0x000000000008c248
21. ? @ 0x00000000000f6adc

2026.08.02 16:01:51.725621 [ 1080095 ] {42bce614-9732-4563-b137-c989743d8d3a} <Error> ForcedCriticalErrorsLogger: Code: 49. DB::Exception: Expected to have only one join clause, got 2: [Left keys: [__table2.k1] Right keys [__table1.k1] Condition columns: '', '' | Left keys: [__table2.k2] Right keys [__table1.k2] Condition columns: '', ''], query: ' INNER JOIN ...'. (LOGICAL_ERROR), Stack trace (when copying this message, always include the lines below):

0. base/poco/Foundation/src/Exception.cpp:32:1: Poco::Exception::Exception(String&&, int) @ 0x000000001e1d1bb8
1. src/Common/Exception.cpp:158:7: DB::Exception::Exception(DB::Exception::MessageMasked&&, int, bool) @ 0x000000000eb8908c
2. src/Common/Exception.h:201:100: DB::Exception::Exception(String&&, int, String, bool) @ 0x0000000009979258
3. src/Common/Exception.h:57:54: DB::Exception::Exception(PreformattedMessage&&, int) @ 0x0000000009978c8c
4. src/Common/Exception.h:219:77: DB::Exception::Exception<unsigned long, fmt::v12::join_view<std::__wrap_iter<String*>, std::__wrap_iter<String*>, char>, String>(int, FormatStringHelperImpl<std::type_identity<unsigned long>::type, std::type_identity<fmt::v12::join_view<std::__wrap_iter<String*>, std::__wrap_iter<String*>, char>>::type, std::type_identity<String>::type>, unsigned long&&, fmt::v12::join_view<std::__wrap_iter<String*>, std::__wrap_iter<String*>, char>&&, String&&) @ 0x0000000014097ee0
5. src/Interpreters/TableJoin.cpp:1216:15: DB::TableJoin::assertHasOneOnExpr() const @ 0x0000000014097cf8
6. src/Interpreters/TableJoin.h:363:38: DB::Unified::HashJoin::supportParallelNonJoinedBlocksProcessing() const @ 0x00000000165d9af4
7. src/QueryPipeline/QueryPipelineBuilder.cpp:578:42: DB::QueryPipelineBuilder::joinPipelinesRightLeft(std::unique_ptr<DB::QueryPipelineBuilder, std::default_delete<DB::QueryPipelineBuilder>>, std::unique_ptr<DB::QueryPipelineBuilder, std::default_delete<DB::QueryPipelineBuilder>>, std::shared_ptr<DB::IJoin>, std::shared_ptr<DB::Block const>&, unsigned long, unsigned long, unsigned long, unsigned long, DB::IQueryPlanStep*, bool, std::list<std::shared_ptr<DB::IProcessor>, std::allocator<std::shared_ptr<DB::IProcessor>>>*) @ 0x0000000012cf9f04
8. src/Processors/QueryPlan/JoinStep.cpp:160:31: DB::JoinStep::updatePipeline(std::vector<std::unique_ptr<DB::QueryPipelineBuilder, std::default_delete<DB::QueryPipelineBuilder>>, AllocatorWithMemoryTracking<std::unique_ptr<DB::QueryPipelineBuilder, std::default_delete<DB::QueryPipelineBuilder>>>>, DB::BuildQueryPipelineSettings const&) @ 0x0000000019d44500
9. src/Processors/QueryPlan/QueryPlan.cpp:260:47: DB::QueryPlan::buildQueryPipeline(DB::QueryPlanOptimizationSettings const&, DB::BuildQueryPipelineSettings const&, bool) @ 0x0000000019da12c8
10. src/Interpreters/InterpreterSelectQueryAnalyzer.cpp:416:34: DB::InterpreterSelectQueryAnalyzer::buildQueryPipeline() @ 0x0000000013d9e0e0
11. src/Interpreters/InterpreterSelectQueryAnalyzer.cpp:374:29: DB::InterpreterSelectQueryAnalyzer::execute() @ 0x0000000013d9dd90
12. src/Interpreters/executeQuery.cpp:1954:40: DB::executeQueryImpl(char const*, char const*, std::shared_ptr<DB::Context>, DB::QueryFlags, DB::QueryProcessingStage::Enum, std::unique_ptr<DB::ReadBuffer, std::default_delete<DB::ReadBuffer>>&, boost::intrusive_ptr<DB::IAST>&, std::shared_ptr<DB::ImplicitTransactionControlExecutor>, std::function<void ()>, DB::QueryResultDetails&) @ 0x0000000014165df4
13. src/Interpreters/executeQuery.cpp:2438:11: DB::executeQuery(std::basic_string_view<char, std::char_traits<char>>, std::shared_ptr<DB::Context>, DB::QueryFlags, DB::QueryProcessingStage::Enum) @ 0x0000000014161810
14. src/Server/TCPHandler.cpp:899:68: DB::TCPHandler::runImpl() @ 0x00000000196c8980
15. src/Server/TCPHandler.cpp:3354:9: DB::TCPHandler::run() @ 0x00000000196e6744
16. base/poco/Net/src/TCPServerConnection.cpp:40:3: Poco::Net::TCPServerConnection::start() @ 0x000000001e24b798
17. base/poco/Net/src/TCPServerDispatcher.cpp:115:42: Poco::Net::TCPServerDispatcher::run() @ 0x000000001e24bd58
18. base/poco/Foundation/src/ThreadPool.cpp:207:14: Poco::PooledThread::run() @ 0x000000001e20c498
19. base/poco/Foundation/src/Thread_POSIX.cpp:341:27: Poco::ThreadImpl::runnableEntry(void*) @ 0x000000001e20a7b4
20. ? @ 0x000000000008c248
21. ? @ 0x00000000000f6adc

2026.08.02 16:01:51.725689 [ 1080095 ] {} <Error> TCPHandler: Code: 49. DB::Exception: Expected to have only one join clause, got 2: [Left keys: [__table2.k1] Right keys [__table1.k1] Condition columns: '', '' | Left keys: [__table2.k2] Right keys [__table1.k2] Condition columns: '', ''], query: ' INNER JOIN ...'. (LOGICAL_ERROR), Stack trace (when copying this message, always include the lines below):

0. base/poco/Foundation/src/Exception.cpp:32:1: Poco::Exception::Exception(String&&, int) @ 0x000000001e1d1bb8
1. src/Common/Exception.cpp:158:7: DB::Exception::Exception(DB::Exception::MessageMasked&&, int, bool) @ 0x000000000eb8908c
2. src/Common/Exception.h:201:100: DB::Exception::Exception(String&&, int, String, bool) @ 0x0000000009979258
3. src/Common/Exception.h:57:54: DB::Exception::Exception(PreformattedMessage&&, int) @ 0x0000000009978c8c
4. src/Common/Exception.h:219:77: DB::Exception::Exception<unsigned long, fmt::v12::join_view<std::__wrap_iter<String*>, std::__wrap_iter<String*>, char>, String>(int, FormatStringHelperImpl<std::type_identity<unsigned long>::type, std::type_identity<fmt::v12::join_view<std::__wrap_iter<String*>, std::__wrap_iter<String*>, char>>::type, std::type_identity<String>::type>, unsigned long&&, fmt::v12::join_view<std::__wrap_iter<String*>, std::__wrap_iter<String*>, char>&&, String&&) @ 0x0000000014097ee0
5. src/Interpreters/TableJoin.cpp:1216:15: DB::TableJoin::assertHasOneOnExpr() const @ 0x0000000014097cf8
6. src/Interpreters/TableJoin.h:363:38: DB::Unified::HashJoin::supportParallelNonJoinedBlocksProcessing() const @ 0x00000000165d9af4
7. src/QueryPipeline/QueryPipelineBuilder.cpp:578:42: DB::QueryPipelineBuilder::joinPipelinesRightLeft(std::unique_ptr<DB::QueryPipelineBuilder, std::default_delete<DB::QueryPipelineBuilder>>, std::unique_ptr<DB::QueryPipelineBuilder, std::default_delete<DB::QueryPipelineBuilder>>, std::shared_ptr<DB::IJoin>, std::shared_ptr<DB::Block const>&, unsigned long, unsigned long, unsigned long, unsigned long, DB::IQueryPlanStep*, bool, std::list<std::shared_ptr<DB::IProcessor>, std::allocator<std::shared_ptr<DB::IProcessor>>>*) @ 0x0000000012cf9f04
8. src/Processors/QueryPlan/JoinStep.cpp:160:31: DB::JoinStep::updatePipeline(std::vector<std::unique_ptr<DB::QueryPipelineBuilder, std::default_delete<DB::QueryPipelineBuilder>>, AllocatorWithMemoryTracking<std::unique_ptr<DB::QueryPipelineBuilder, std::default_delete<DB::QueryPipelineBuilder>>>>, DB::BuildQueryPipelineSettings const&) @ 0x0000000019d44500
9. src/Processors/QueryPlan/QueryPlan.cpp:260:47: DB::QueryPlan::buildQueryPipeline(DB::QueryPlanOptimizationSettings const&, DB::BuildQueryPipelineSettings const&, bool) @ 0x0000000019da12c8
10. src/Interpreters/InterpreterSelectQueryAnalyzer.cpp:416:34: DB::InterpreterSelectQueryAnalyzer::buildQueryPipeline() @ 0x0000000013d9e0e0
11. src/Interpreters/InterpreterSelectQueryAnalyzer.cpp:374:29: DB::InterpreterSelectQueryAnalyzer::execute() @ 0x0000000013d9dd90
12. src/Interpreters/executeQuery.cpp:1954:40: DB::executeQueryImpl(char const*, char const*, std::shared_ptr<DB::Context>, DB::QueryFlags, DB::QueryProcessingStage::Enum, std::unique_ptr<DB::ReadBuffer, std::default_delete<DB::ReadBuffer>>&, boost::intrusive_ptr<DB::IAST>&, std::shared_ptr<DB::ImplicitTransactionControlExecutor>, std::function<void ()>, DB::QueryResultDetails&) @ 0x0000000014165df4
13. src/Interpreters/executeQuery.cpp:2438:11: DB::executeQuery(std::basic_string_view<char, std::char_traits<char>>, std::shared_ptr<DB::Context>, DB::QueryFlags, DB::QueryProcessingStage::Enum) @ 0x0000000014161810
14. src/Server/TCPHandler.cpp:899:68: DB::TCPHandler::runImpl() @ 0x00000000196c8980
15. src/Server/TCPHandler.cpp:3354:9: DB::TCPHandler::run() @ 0x00000000196e6744
16. base/poco/Net/src/TCPServerConnection.cpp:40:3: Poco::Net::TCPServerConnection::start() @ 0x000000001e24b798
17. base/poco/Net/src/TCPServerDispatcher.cpp:115:42: Poco::Net::TCPServerDispatcher::run() @ 0x000000001e24bd58
18. base/poco/Foundation/src/ThreadPool.cpp:207:14: Poco::PooledThread::run() @ 0x000000001e20c498
19. base/poco/Foundation/src/Thread_POSIX.cpp:341:27: Poco::ThreadImpl::runnableEntry(void*) @ 0x000000001e20a7b4
20. ? @ 0x000000000008c248
21. ? @ 0x00000000000f6adc

2026.08.02 16:01:51.725704 [ 1080095 ] {} <Error> ForcedCriticalErrorsLogger: Code: 49. DB::Exception: Expected to have only one join clause, got 2: [Left keys: [__table2.k1] Right keys [__table1.k1] Condition columns: '', '' | Left keys: [__table2.k2] Right keys [__table1.k2] Condition columns: '', ''], query: ' INNER JOIN ...'. (LOGICAL_ERROR), Stack trace (when copying this message, always include the lines below):

0. base/poco/Foundation/src/Exception.cpp:32:1: Poco::Exception::Exception(String&&, int) @ 0x000000001e1d1bb8
1. src/Common/Exception.cpp:158:7: DB::Exception::Exception(DB::Exception::MessageMasked&&, int, bool) @ 0x000000000eb8908c
2. src/Common/Exception.h:201:100: DB::Exception::Exception(String&&, int, String, bool) @ 0x0000000009979258
3. src/Common/Exception.h:57:54: DB::Exception::Exception(PreformattedMessage&&, int) @ 0x0000000009978c8c
4. src/Common/Exception.h:219:77: DB::Exception::Exception<unsigned long, fmt::v12::join_view<std::__wrap_iter<String*>, std::__wrap_iter<String*>, char>, String>(int, FormatStringHelperImpl<std::type_identity<unsigned long>::type, std::type_identity<fmt::v12::join_view<std::__wrap_iter<String*>, std::__wrap_iter<String*>, char>>::type, std::type_identity<String>::type>, unsigned long&&, fmt::v12::join_view<std::__wrap_iter<String*>, std::__wrap_iter<String*>, char>&&, String&&) @ 0x0000000014097ee0
5. src/Interpreters/TableJoin.cpp:1216:15: DB::TableJoin::assertHasOneOnExpr() const @ 0x0000000014097cf8
6. src/Interpreters/TableJoin.h:363:38: DB::Unified::HashJoin::supportParallelNonJoinedBlocksProcessing() const @ 0x00000000165d9af4
7. src/QueryPipeline/QueryPipelineBuilder.cpp:578:42: DB::QueryPipelineBuilder::joinPipelinesRightLeft(std::unique_ptr<DB::QueryPipelineBuilder, std::default_delete<DB::QueryPipelineBuilder>>, std::unique_ptr<DB::QueryPipelineBuilder, std::default_delete<DB::QueryPipelineBuilder>>, std::shared_ptr<DB::IJoin>, std::shared_ptr<DB::Block const>&, unsigned long, unsigned long, unsigned long, unsigned long, DB::IQueryPlanStep*, bool, std::list<std::shared_ptr<DB::IProcessor>, std::allocator<std::shared_ptr<DB::IProcessor>>>*) @ 0x0000000012cf9f04
8. src/Processors/QueryPlan/JoinStep.cpp:160:31: DB::JoinStep::updatePipeline(std::vector<std::unique_ptr<DB::QueryPipelineBuilder, std::default_delete<DB::QueryPipelineBuilder>>, AllocatorWithMemoryTracking<std::unique_ptr<DB::QueryPipelineBuilder, std::default_delete<DB::QueryPipelineBuilder>>>>, DB::BuildQueryPipelineSettings const&) @ 0x0000000019d44500
9. src/Processors/QueryPlan/QueryPlan.cpp:260:47: DB::QueryPlan::buildQueryPipeline(DB::QueryPlanOptimizationSettings const&, DB::BuildQueryPipelineSettings const&, bool) @ 0x0000000019da12c8
10. src/Interpreters/InterpreterSelectQueryAnalyzer.cpp:416:34: DB::InterpreterSelectQueryAnalyzer::buildQueryPipeline() @ 0x0000000013d9e0e0
11. src/Interpreters/InterpreterSelectQueryAnalyzer.cpp:374:29: DB::InterpreterSelectQueryAnalyzer::execute() @ 0x0000000013d9dd90
12. src/Interpreters/executeQuery.cpp:1954:40: DB::executeQueryImpl(char const*, char const*, std::shared_ptr<DB::Context>, DB::QueryFlags, DB::QueryProcessingStage::Enum, std::unique_ptr<DB::ReadBuffer, std::default_delete<DB::ReadBuffer>>&, boost::intrusive_ptr<DB::IAST>&, std::shared_ptr<DB::ImplicitTransactionControlExecutor>, std::function<void ()>, DB::QueryResultDetails&) @ 0x0000000014165df4
13. src/Interpreters/executeQuery.cpp:2438:11: DB::executeQuery(std::basic_string_view<char, std::char_traits<char>>, std::shared_ptr<DB::Context>, DB::QueryFlags, DB::QueryProcessingStage::Enum) @ 0x0000000014161810
14. src/Server/TCPHandler.cpp:899:68: DB::TCPHandler::runImpl() @ 0x00000000196c8980
15. src/Server/TCPHandler.cpp:3354:9: DB::TCPHandler::run() @ 0x00000000196e6744
16. base/poco/Net/src/TCPServerConnection.cpp:40:3: Poco::Net::TCPServerConnection::start() @ 0x000000001e24b798
17. base/poco/Net/src/TCPServerDispatcher.cpp:115:42: Poco::Net::TCPServerDispatcher::run() @ 0x000000001e24bd58
18. base/poco/Foundation/src/ThreadPool.cpp:207:14: Poco::PooledThread::run() @ 0x000000001e20c498
19. base/poco/Foundation/src/Thread_POSIX.cpp:341:27: Poco::ThreadImpl::runnableEntry(void*) @ 0x000000001e20a7b4
20. ? @ 0x000000000008c248
21. ? @ 0x00000000000f6adc

2026.08.02 16:01:51.853466 [ 1080095 ] {dd74bd68-c180-4ef7-a365-56aef658020b} <Error> executeQuery: Code: 49. DB::Exception: Expected to have only one join clause, got 2: [Left keys: [__table2.k1] Right keys [__table1.k1] Condition columns: '', '' | Left keys: [__table2.k2] Right keys [__table1.k2] Condition columns: '', ''], query: ' INNER JOIN ...'. (LOGICAL_ERROR) (version 26.8.1.1) (from 127.0.0.1:57834) (query 1, line 1) (in query: SELECT l.k1,l.k2,l.v,r.k1,r.k2,r.w FROM av2.orl AS l FULL JOIN av2.orr AS r ON l.k1=r.k1 OR l.k2=r.k2 ORDER BY r.k1,r.k2,r.w,l.k1,l.k2,l.v SETTINGS join_algorithm='unified_hash'), Stack trace (when copying this message, always include the lines below):

0. base/poco/Foundation/src/Exception.cpp:32:1: Poco::Exception::Exception(String&&, int) @ 0x000000001e1d1bb8
1. src/Common/Exception.cpp:158:7: DB::Exception::Exception(DB::Exception::MessageMasked&&, int, bool) @ 0x000000000eb8908c
2. src/Common/Exception.h:201:100: DB::Exception::Exception(String&&, int, String, bool) @ 0x0000000009979258
3. src/Common/Exception.h:57:54: DB::Exception::Exception(PreformattedMessage&&, int) @ 0x0000000009978c8c
4. src/Common/Exception.h:219:77: DB::Exception::Exception<unsigned long, fmt::v12::join_view<std::__wrap_iter<String*>, std::__wrap_iter<String*>, char>, String>(int, FormatStringHelperImpl<std::type_identity<unsigned long>::type, std::type_identity<fmt::v12::join_view<std::__wrap_iter<String*>, std::__wrap_iter<String*>, char>>::type, std::type_identity<String>::type>, unsigned long&&, fmt::v12::join_view<std::__wrap_iter<String*>, std::__wrap_iter<String*>, char>&&, String&&) @ 0x0000000014097ee0
5. src/Interpreters/TableJoin.cpp:1216:15: DB::TableJoin::assertHasOneOnExpr() const @ 0x0000000014097cf8
6. src/Interpreters/TableJoin.h:363:38: DB::Unified::HashJoin::supportParallelNonJoinedBlocksProcessing() const @ 0x00000000165d9af4
7. src/QueryPipeline/QueryPipelineBuilder.cpp:578:42: DB::QueryPipelineBuilder::joinPipelinesRightLeft(std::unique_ptr<DB::QueryPipelineBuilder, std::default_delete<DB::QueryPipelineBuilder>>, std::unique_ptr<DB::QueryPipelineBuilder, std::default_delete<DB::QueryPipelineBuilder>>, std::shared_ptr<DB::IJoin>, std::shared_ptr<DB::Block const>&, unsigned long, unsigned long, unsigned long, unsigned long, DB::IQueryPlanStep*, bool, std::list<std::shared_ptr<DB::IProcessor>, std::allocator<std::shared_ptr<DB::IProcessor>>>*) @ 0x0000000012cf9f04
8. src/Processors/QueryPlan/JoinStep.cpp:160:31: DB::JoinStep::updatePipeline(std::vector<std::unique_ptr<DB::QueryPipelineBuilder, std::default_delete<DB::QueryPipelineBuilder>>, AllocatorWithMemoryTracking<std::unique_ptr<DB::QueryPipelineBuilder, std::default_delete<DB::QueryPipelineBuilder>>>>, DB::BuildQueryPipelineSettings const&) @ 0x0000000019d44500
9. src/Processors/QueryPlan/QueryPlan.cpp:260:47: DB::QueryPlan::buildQueryPipeline(DB::QueryPlanOptimizationSettings const&, DB::BuildQueryPipelineSettings const&, bool) @ 0x0000000019da12c8
10. src/Interpreters/InterpreterSelectQueryAnalyzer.cpp:416:34: DB::InterpreterSelectQueryAnalyzer::buildQueryPipeline() @ 0x0000000013d9e0e0
11. src/Interpreters/InterpreterSelectQueryAnalyzer.cpp:374:29: DB::InterpreterSelectQueryAnalyzer::execute() @ 0x0000000013d9dd90
12. src/Interpreters/executeQuery.cpp:1954:40: DB::executeQueryImpl(char const*, char const*, std::shared_ptr<DB::Context>, DB::QueryFlags, DB::QueryProcessingStage::Enum, std::unique_ptr<DB::ReadBuffer, std::default_delete<DB::ReadBuffer>>&, boost::intrusive_ptr<DB::IAST>&, std::shared_ptr<DB::ImplicitTransactionControlExecutor>, std::function<void ()>, DB::QueryResultDetails&) @ 0x0000000014165df4
13. src/Interpreters/executeQuery.cpp:2438:11: DB::executeQuery(std::basic_string_view<char, std::char_traits<char>>, std::shared_ptr<DB::Context>, DB::QueryFlags, DB::QueryProcessingStage::Enum) @ 0x0000000014161810
14. src/Server/TCPHandler.cpp:899:68: DB::TCPHandler::runImpl() @ 0x00000000196c8980
15. src/Server/TCPHandler.cpp:3354:9: DB::TCPHandler::run() @ 0x00000000196e6744
16. base/poco/Net/src/TCPServerConnection.cpp:40:3: Poco::Net::TCPServerConnection::start() @ 0x000000001e24b798
17. base/poco/Net/src/TCPServerDispatcher.cpp:115:42: Poco::Net::TCPServerDispatcher::run() @ 0x000000001e24bd58
18. base/poco/Foundation/src/ThreadPool.cpp:207:14: Poco::PooledThread::run() @ 0x000000001e20c498
19. base/poco/Foundation/src/Thread_POSIX.cpp:341:27: Poco::ThreadImpl::runnableEntry(void*) @ 0x000000001e20a7b4
20. ? @ 0x000000000008c248
21. ? @ 0x00000000000f6adc

2026.08.02 16:01:51.853555 [ 1080095 ] {dd74bd68-c180-4ef7-a365-56aef658020b} <Error> ForcedCriticalErrorsLogger: Code: 49. DB::Exception: Expected to have only one join clause, got 2: [Left keys: [__table2.k1] Right keys [__table1.k1] Condition columns: '', '' | Left keys: [__table2.k2] Right keys [__table1.k2] Condition columns: '', ''], query: ' INNER JOIN ...'. (LOGICAL_ERROR), Stack trace (when copying this message, always include the lines below):

0. base/poco/Foundation/src/Exception.cpp:32:1: Poco::Exception::Exception(String&&, int) @ 0x000000001e1d1bb8
1. src/Common/Exception.cpp:158:7: DB::Exception::Exception(DB::Exception::MessageMasked&&, int, bool) @ 0x000000000eb8908c
2. src/Common/Exception.h:201:100: DB::Exception::Exception(String&&, int, String, bool) @ 0x0000000009979258
3. src/Common/Exception.h:57:54: DB::Exception::Exception(PreformattedMessage&&, int) @ 0x0000000009978c8c
4. src/Common/Exception.h:219:77: DB::Exception::Exception<unsigned long, fmt::v12::join_view<std::__wrap_iter<String*>, std::__wrap_iter<String*>, char>, String>(int, FormatStringHelperImpl<std::type_identity<unsigned long>::type, std::type_identity<fmt::v12::join_view<std::__wrap_iter<String*>, std::__wrap_iter<String*>, char>>::type, std::type_identity<String>::type>, unsigned long&&, fmt::v12::join_view<std::__wrap_iter<String*>, std::__wrap_iter<String*>, char>&&, String&&) @ 0x0000000014097ee0
5. src/Interpreters/TableJoin.cpp:1216:15: DB::TableJoin::assertHasOneOnExpr() const @ 0x0000000014097cf8
6. src/Interpreters/TableJoin.h:363:38: DB::Unified::HashJoin::supportParallelNonJoinedBlocksProcessing() const @ 0x00000000165d9af4
7. src/QueryPipeline/QueryPipelineBuilder.cpp:578:42: DB::QueryPipelineBuilder::joinPipelinesRightLeft(std::unique_ptr<DB::QueryPipelineBuilder, std::default_delete<DB::QueryPipelineBuilder>>, std::unique_ptr<DB::QueryPipelineBuilder, std::default_delete<DB::QueryPipelineBuilder>>, std::shared_ptr<DB::IJoin>, std::shared_ptr<DB::Block const>&, unsigned long, unsigned long, unsigned long, unsigned long, DB::IQueryPlanStep*, bool, std::list<std::shared_ptr<DB::IProcessor>, std::allocator<std::shared_ptr<DB::IProcessor>>>*) @ 0x0000000012cf9f04
8. src/Processors/QueryPlan/JoinStep.cpp:160:31: DB::JoinStep::updatePipeline(std::vector<std::unique_ptr<DB::QueryPipelineBuilder, std::default_delete<DB::QueryPipelineBuilder>>, AllocatorWithMemoryTracking<std::unique_ptr<DB::QueryPipelineBuilder, std::default_delete<DB::QueryPipelineBuilder>>>>, DB::BuildQueryPipelineSettings const&) @ 0x0000000019d44500
9. src/Processors/QueryPlan/QueryPlan.cpp:260:47: DB::QueryPlan::buildQueryPipeline(DB::QueryPlanOptimizationSettings const&, DB::BuildQueryPipelineSettings const&, bool) @ 0x0000000019da12c8
10. src/Interpreters/InterpreterSelectQueryAnalyzer.cpp:416:34: DB::InterpreterSelectQueryAnalyzer::buildQueryPipeline() @ 0x0000000013d9e0e0
11. src/Interpreters/InterpreterSelectQueryAnalyzer.cpp:374:29: DB::InterpreterSelectQueryAnalyzer::execute() @ 0x0000000013d9dd90
12. src/Interpreters/executeQuery.cpp:1954:40: DB::executeQueryImpl(char const*, char const*, std::shared_ptr<DB::Context>, DB::QueryFlags, DB::QueryProcessingStage::Enum, std::unique_ptr<DB::ReadBuffer, std::default_delete<DB::ReadBuffer>>&, boost::intrusive_ptr<DB::IAST>&, std::shared_ptr<DB::ImplicitTransactionControlExecutor>, std::function<void ()>, DB::QueryResultDetails&) @ 0x0000000014165df4
13. src/Interpreters/executeQuery.cpp:2438:11: DB::executeQuery(std::basic_string_view<char, std::char_traits<char>>, std::shared_ptr<DB::Context>, DB::QueryFlags, DB::QueryProcessingStage::Enum) @ 0x0000000014161810
14. src/Server/TCPHandler.cpp:899:68: DB::TCPHandler::runImpl() @ 0x00000000196c8980
15. src/Server/TCPHandler.cpp:3354:9: DB::TCPHandler::run() @ 0x00000000196e6744
16. base/poco/Net/src/TCPServerConnection.cpp:40:3: Poco::Net::TCPServerConnection::start() @ 0x000000001e24b798
17. base/poco/Net/src/TCPServerDispatcher.cpp:115:42: Poco::Net::TCPServerDispatcher::run() @ 0x000000001e24bd58
18. base/poco/Foundation/src/ThreadPool.cpp:207:14: Poco::PooledThread::run() @ 0x000000001e20c498
19. base/poco/Foundation/src/Thread_POSIX.cpp:341:27: Poco::ThreadImpl::runnableEntry(void*) @ 0x000000001e20a7b4
20. ? @ 0x000000000008c248
21. ? @ 0x00000000000f6adc

2026.08.02 16:01:51.853573 [ 1080095 ] {dd74bd68-c180-4ef7-a365-56aef658020b} <Error> ForcedCriticalErrorsLogger: Code: 49. DB::Exception: Expected to have only one join clause, got 2: [Left keys: [__table2.k1] Right keys [__table1.k1] Condition columns: '', '' | Left keys: [__table2.k2] Right keys [__table1.k2] Condition columns: '', ''], query: ' INNER JOIN ...'. (LOGICAL_ERROR), Stack trace (when copying this message, always include the lines below):

0. base/poco/Foundation/src/Exception.cpp:32:1: Poco::Exception::Exception(String&&, int) @ 0x000000001e1d1bb8
1. src/Common/Exception.cpp:158:7: DB::Exception::Exception(DB::Exception::MessageMasked&&, int, bool) @ 0x000000000eb8908c
2. src/Common/Exception.h:201:100: DB::Exception::Exception(String&&, int, String, bool) @ 0x0000000009979258
3. src/Common/Exception.h:57:54: DB::Exception::Exception(PreformattedMessage&&, int) @ 0x0000000009978c8c
4. src/Common/Exception.h:219:77: DB::Exception::Exception<unsigned long, fmt::v12::join_view<std::__wrap_iter<String*>, std::__wrap_iter<String*>, char>, String>(int, FormatStringHelperImpl<std::type_identity<unsigned long>::type, std::type_identity<fmt::v12::join_view<std::__wrap_iter<String*>, std::__wrap_iter<String*>, char>>::type, std::type_identity<String>::type>, unsigned long&&, fmt::v12::join_view<std::__wrap_iter<String*>, std::__wrap_iter<String*>, char>&&, String&&) @ 0x0000000014097ee0
5. src/Interpreters/TableJoin.cpp:1216:15: DB::TableJoin::assertHasOneOnExpr() const @ 0x0000000014097cf8
6. src/Interpreters/TableJoin.h:363:38: DB::Unified::HashJoin::supportParallelNonJoinedBlocksProcessing() const @ 0x00000000165d9af4
7. src/QueryPipeline/QueryPipelineBuilder.cpp:578:42: DB::QueryPipelineBuilder::joinPipelinesRightLeft(std::unique_ptr<DB::QueryPipelineBuilder, std::default_delete<DB::QueryPipelineBuilder>>, std::unique_ptr<DB::QueryPipelineBuilder, std::default_delete<DB::QueryPipelineBuilder>>, std::shared_ptr<DB::IJoin>, std::shared_ptr<DB::Block const>&, unsigned long, unsigned long, unsigned long, unsigned long, DB::IQueryPlanStep*, bool, std::list<std::shared_ptr<DB::IProcessor>, std::allocator<std::shared_ptr<DB::IProcessor>>>*) @ 0x0000000012cf9f04
8. src/Processors/QueryPlan/JoinStep.cpp:160:31: DB::JoinStep::updatePipeline(std::vector<std::unique_ptr<DB::QueryPipelineBuilder, std::default_delete<DB::QueryPipelineBuilder>>, AllocatorWithMemoryTracking<std::unique_ptr<DB::QueryPipelineBuilder, std::default_delete<DB::QueryPipelineBuilder>>>>, DB::BuildQueryPipelineSettings const&) @ 0x0000000019d44500
9. src/Processors/QueryPlan/QueryPlan.cpp:260:47: DB::QueryPlan::buildQueryPipeline(DB::QueryPlanOptimizationSettings const&, DB::BuildQueryPipelineSettings const&, bool) @ 0x0000000019da12c8
10. src/Interpreters/InterpreterSelectQueryAnalyzer.cpp:416:34: DB::InterpreterSelectQueryAnalyzer::buildQueryPipeline() @ 0x0000000013d9e0e0
11. src/Interpreters/InterpreterSelectQueryAnalyzer.cpp:374:29: DB::InterpreterSelectQueryAnalyzer::execute() @ 0x0000000013d9dd90
12. src/Interpreters/executeQuery.cpp:1954:40: DB::executeQueryImpl(char const*, char const*, std::shared_ptr<DB::Context>, DB::QueryFlags, DB::QueryProcessingStage::Enum, std::unique_ptr<DB::ReadBuffer, std::default_delete<DB::ReadBuffer>>&, boost::intrusive_ptr<DB::IAST>&, std::shared_ptr<DB::ImplicitTransactionControlExecutor>, std::function<void ()>, DB::QueryResultDetails&) @ 0x0000000014165df4
13. src/Interpreters/executeQuery.cpp:2438:11: DB::executeQuery(std::basic_string_view<char, std::char_traits<char>>, std::shared_ptr<DB::Context>, DB::QueryFlags, DB::QueryProcessingStage::Enum) @ 0x0000000014161810
14. src/Server/TCPHandler.cpp:899:68: DB::TCPHandler::runImpl() @ 0x00000000196c8980
15. src/Server/TCPHandler.cpp:3354:9: DB::TCPHandler::run() @ 0x00000000196e6744
16. base/poco/Net/src/TCPServerConnection.cpp:40:3: Poco::Net::TCPServerConnection::start() @ 0x000000001e24b798
17. base/poco/Net/src/TCPServerDispatcher.cpp:115:42: Poco::Net::TCPServerDispatcher::run() @ 0x000000001e24bd58
18. base/poco/Foundation/src/ThreadPool.cpp:207:14: Poco::PooledThread::run() @ 0x000000001e20c498
19. base/poco/Foundation/src/Thread_POSIX.cpp:341:27: Poco::ThreadImpl::runnableEntry(void*) @ 0x000000001e20a7b4
20. ? @ 0x000000000008c248
21. ? @ 0x00000000000f6adc

2026.08.02 16:01:51.853629 [ 1080095 ] {} <Error> TCPHandler: Code: 49. DB::Exception: Expected to have only one join clause, got 2: [Left keys: [__table2.k1] Right keys [__table1.k1] Condition columns: '', '' | Left keys: [__table2.k2] Right keys [__table1.k2] Condition columns: '', ''], query: ' INNER JOIN ...'. (LOGICAL_ERROR), Stack trace (when copying this message, always include the lines below):

0. base/poco/Foundation/src/Exception.cpp:32:1: Poco::Exception::Exception(String&&, int) @ 0x000000001e1d1bb8
1. src/Common/Exception.cpp:158:7: DB::Exception::Exception(DB::Exception::MessageMasked&&, int, bool) @ 0x000000000eb8908c
2. src/Common/Exception.h:201:100: DB::Exception::Exception(String&&, int, String, bool) @ 0x0000000009979258
3. src/Common/Exception.h:57:54: DB::Exception::Exception(PreformattedMessage&&, int) @ 0x0000000009978c8c
4. src/Common/Exception.h:219:77: DB::Exception::Exception<unsigned long, fmt::v12::join_view<std::__wrap_iter<String*>, std::__wrap_iter<String*>, char>, String>(int, FormatStringHelperImpl<std::type_identity<unsigned long>::type, std::type_identity<fmt::v12::join_view<std::__wrap_iter<String*>, std::__wrap_iter<String*>, char>>::type, std::type_identity<String>::type>, unsigned long&&, fmt::v12::join_view<std::__wrap_iter<String*>, std::__wrap_iter<String*>, char>&&, String&&) @ 0x0000000014097ee0
5. src/Interpreters/TableJoin.cpp:1216:15: DB::TableJoin::assertHasOneOnExpr() const @ 0x0000000014097cf8
6. src/Interpreters/TableJoin.h:363:38: DB::Unified::HashJoin::supportParallelNonJoinedBlocksProcessing() const @ 0x00000000165d9af4
7. src/QueryPipeline/QueryPipelineBuilder.cpp:578:42: DB::QueryPipelineBuilder::joinPipelinesRightLeft(std::unique_ptr<DB::QueryPipelineBuilder, std::default_delete<DB::QueryPipelineBuilder>>, std::unique_ptr<DB::QueryPipelineBuilder, std::default_delete<DB::QueryPipelineBuilder>>, std::shared_ptr<DB::IJoin>, std::shared_ptr<DB::Block const>&, unsigned long, unsigned long, unsigned long, unsigned long, DB::IQueryPlanStep*, bool, std::list<std::shared_ptr<DB::IProcessor>, std::allocator<std::shared_ptr<DB::IProcessor>>>*) @ 0x0000000012cf9f04
8. src/Processors/QueryPlan/JoinStep.cpp:160:31: DB::JoinStep::updatePipeline(std::vector<std::unique_ptr<DB::QueryPipelineBuilder, std::default_delete<DB::QueryPipelineBuilder>>, AllocatorWithMemoryTracking<std::unique_ptr<DB::QueryPipelineBuilder, std::default_delete<DB::QueryPipelineBuilder>>>>, DB::BuildQueryPipelineSettings const&) @ 0x0000000019d44500
9. src/Processors/QueryPlan/QueryPlan.cpp:260:47: DB::QueryPlan::buildQueryPipeline(DB::QueryPlanOptimizationSettings const&, DB::BuildQueryPipelineSettings const&, bool) @ 0x0000000019da12c8
10. src/Interpreters/InterpreterSelectQueryAnalyzer.cpp:416:34: DB::InterpreterSelectQueryAnalyzer::buildQueryPipeline() @ 0x0000000013d9e0e0
11. src/Interpreters/InterpreterSelectQueryAnalyzer.cpp:374:29: DB::InterpreterSelectQueryAnalyzer::execute() @ 0x0000000013d9dd90
12. src/Interpreters/executeQuery.cpp:1954:40: DB::executeQueryImpl(char const*, char const*, std::shared_ptr<DB::Context>, DB::QueryFlags, DB::QueryProcessingStage::Enum, std::unique_ptr<DB::ReadBuffer, std::default_delete<DB::ReadBuffer>>&, boost::intrusive_ptr<DB::IAST>&, std::shared_ptr<DB::ImplicitTransactionControlExecutor>, std::function<void ()>, DB::QueryResultDetails&) @ 0x0000000014165df4
13. src/Interpreters/executeQuery.cpp:2438:11: DB::executeQuery(std::basic_string_view<char, std::char_traits<char>>, std::shared_ptr<DB::Context>, DB::QueryFlags, DB::QueryProcessingStage::Enum) @ 0x0000000014161810
14. src/Server/TCPHandler.cpp:899:68: DB::TCPHandler::runImpl() @ 0x00000000196c8980
15. src/Server/TCPHandler.cpp:3354:9: DB::TCPHandler::run() @ 0x00000000196e6744
16. base/poco/Net/src/TCPServerConnection.cpp:40:3: Poco::Net::TCPServerConnection::start() @ 0x000000001e24b798
17. base/poco/Net/src/TCPServerDispatcher.cpp:115:42: Poco::Net::TCPServerDispatcher::run() @ 0x000000001e24bd58
18. base/poco/Foundation/src/ThreadPool.cpp:207:14: Poco::PooledThread::run() @ 0x000000001e20c498
19. base/poco/Foundation/src/Thread_POSIX.cpp:341:27: Poco::ThreadImpl::runnableEntry(void*) @ 0x000000001e20a7b4
20. ? @ 0x000000000008c248
21. ? @ 0x00000000000f6adc

2026.08.02 16:01:51.853642 [ 1080095 ] {} <Error> ForcedCriticalErrorsLogger: Code: 49. DB::Exception: Expected to have only one join clause, got 2: [Left keys: [__table2.k1] Right keys [__table1.k1] Condition columns: '', '' | Left keys: [__table2.k2] Right keys [__table1.k2] Condition columns: '', ''], query: ' INNER JOIN ...'. (LOGICAL_ERROR), Stack trace (when copying this message, always include the lines below):

0. base/poco/Foundation/src/Exception.cpp:32:1: Poco::Exception::Exception(String&&, int) @ 0x000000001e1d1bb8
1. src/Common/Exception.cpp:158:7: DB::Exception::Exception(DB::Exception::MessageMasked&&, int, bool) @ 0x000000000eb8908c
2. src/Common/Exception.h:201:100: DB::Exception::Exception(String&&, int, String, bool) @ 0x0000000009979258
3. src/Common/Exception.h:57:54: DB::Exception::Exception(PreformattedMessage&&, int) @ 0x0000000009978c8c
4. src/Common/Exception.h:219:77: DB::Exception::Exception<unsigned long, fmt::v12::join_view<std::__wrap_iter<String*>, std::__wrap_iter<String*>, char>, String>(int, FormatStringHelperImpl<std::type_identity<unsigned long>::type, std::type_identity<fmt::v12::join_view<std::__wrap_iter<String*>, std::__wrap_iter<String*>, char>>::type, std::type_identity<String>::type>, unsigned long&&, fmt::v12::join_view<std::__wrap_iter<String*>, std::__wrap_iter<String*>, char>&&, String&&) @ 0x0000000014097ee0
5. src/Interpreters/TableJoin.cpp:1216:15: DB::TableJoin::assertHasOneOnExpr() const @ 0x0000000014097cf8
6. src/Interpreters/TableJoin.h:363:38: DB::Unified::HashJoin::supportParallelNonJoinedBlocksProcessing() const @ 0x00000000165d9af4
7. src/QueryPipeline/QueryPipelineBuilder.cpp:578:42: DB::QueryPipelineBuilder::joinPipelinesRightLeft(std::unique_ptr<DB::QueryPipelineBuilder, std::default_delete<DB::QueryPipelineBuilder>>, std::unique_ptr<DB::QueryPipelineBuilder, std::default_delete<DB::QueryPipelineBuilder>>, std::shared_ptr<DB::IJoin>, std::shared_ptr<DB::Block const>&, unsigned long, unsigned long, unsigned long, unsigned long, DB::IQueryPlanStep*, bool, std::list<std::shared_ptr<DB::IProcessor>, std::allocator<std::shared_ptr<DB::IProcessor>>>*) @ 0x0000000012cf9f04
8. src/Processors/QueryPlan/JoinStep.cpp:160:31: DB::JoinStep::updatePipeline(std::vector<std::unique_ptr<DB::QueryPipelineBuilder, std::default_delete<DB::QueryPipelineBuilder>>, AllocatorWithMemoryTracking<std::unique_ptr<DB::QueryPipelineBuilder, std::default_delete<DB::QueryPipelineBuilder>>>>, DB::BuildQueryPipelineSettings const&) @ 0x0000000019d44500
9. src/Processors/QueryPlan/QueryPlan.cpp:260:47: DB::QueryPlan::buildQueryPipeline(DB::QueryPlanOptimizationSettings const&, DB::BuildQueryPipelineSettings const&, bool) @ 0x0000000019da12c8
10. src/Interpreters/InterpreterSelectQueryAnalyzer.cpp:416:34: DB::InterpreterSelectQueryAnalyzer::buildQueryPipeline() @ 0x0000000013d9e0e0
11. src/Interpreters/InterpreterSelectQueryAnalyzer.cpp:374:29: DB::InterpreterSelectQueryAnalyzer::execute() @ 0x0000000013d9dd90
12. src/Interpreters/executeQuery.cpp:1954:40: DB::executeQueryImpl(char const*, char const*, std::shared_ptr<DB::Context>, DB::QueryFlags, DB::QueryProcessingStage::Enum, std::unique_ptr<DB::ReadBuffer, std::default_delete<DB::ReadBuffer>>&, boost::intrusive_ptr<DB::IAST>&, std::shared_ptr<DB::ImplicitTransactionControlExecutor>, std::function<void ()>, DB::QueryResultDetails&) @ 0x0000000014165df4
13. src/Interpreters/executeQuery.cpp:2438:11: DB::executeQuery(std::basic_string_view<char, std::char_traits<char>>, std::shared_ptr<DB::Context>, DB::QueryFlags, DB::QueryProcessingStage::Enum) @ 0x0000000014161810
14. src/Server/TCPHandler.cpp:899:68: DB::TCPHandler::runImpl() @ 0x00000000196c8980
15. src/Server/TCPHandler.cpp:3354:9: DB::TCPHandler::run() @ 0x00000000196e6744
16. base/poco/Net/src/TCPServerConnection.cpp:40:3: Poco::Net::TCPServerConnection::start() @ 0x000000001e24b798
17. base/poco/Net/src/TCPServerDispatcher.cpp:115:42: Poco::Net::TCPServerDispatcher::run() @ 0x000000001e24bd58
18. base/poco/Foundation/src/ThreadPool.cpp:207:14: Poco::PooledThread::run() @ 0x000000001e20c498
19. base/poco/Foundation/src/Thread_POSIX.cpp:341:27: Poco::ThreadImpl::runnableEntry(void*) @ 0x000000001e20a7b4
20. ? @ 0x000000000008c248
21. ? @ 0x00000000000f6adc

2026.08.02 16:01:51.980111 [ 1080095 ] {9b5198f1-7d6b-4fa1-804e-65c6ea7bfc62} <Error> executeQuery: Code: 49. DB::Exception: Expected to have only one join clause, got 2: [Left keys: [__table2.k1] Right keys [__table1.k1] Condition columns: '', '' | Left keys: [__table2.k2] Right keys [__table1.k2] Condition columns: '', ''], query: ' INNER JOIN ...'. (LOGICAL_ERROR) (version 26.8.1.1) (from 127.0.0.1:57840) (query 1, line 1) (in query: SELECT l.k1,l.k2,l.v,r.k1,r.k2,r.w FROM av2.orl AS l FULL JOIN av2.orr AS r ON l.k1=r.k1 OR l.k2=r.k2 ORDER BY r.k1,r.k2,r.w,l.k1,l.k2,l.v SETTINGS join_algorithm='unified_hash'), Stack trace (when copying this message, always include the lines below):

0. base/poco/Foundation/src/Exception.cpp:32:1: Poco::Exception::Exception(String&&, int) @ 0x000000001e1d1bb8
1. src/Common/Exception.cpp:158:7: DB::Exception::Exception(DB::Exception::MessageMasked&&, int, bool) @ 0x000000000eb8908c
2. src/Common/Exception.h:201:100: DB::Exception::Exception(String&&, int, String, bool) @ 0x0000000009979258
3. src/Common/Exception.h:57:54: DB::Exception::Exception(PreformattedMessage&&, int) @ 0x0000000009978c8c
4. src/Common/Exception.h:219:77: DB::Exception::Exception<unsigned long, fmt::v12::join_view<std::__wrap_iter<String*>, std::__wrap_iter<String*>, char>, String>(int, FormatStringHelperImpl<std::type_identity<unsigned long>::type, std::type_identity<fmt::v12::join_view<std::__wrap_iter<String*>, std::__wrap_iter<String*>, char>>::type, std::type_identity<String>::type>, unsigned long&&, fmt::v12::join_view<std::__wrap_iter<String*>, std::__wrap_iter<String*>, char>&&, String&&) @ 0x0000000014097ee0
5. src/Interpreters/TableJoin.cpp:1216:15: DB::TableJoin::assertHasOneOnExpr() const @ 0x0000000014097cf8
6. src/Interpreters/TableJoin.h:363:38: DB::Unified::HashJoin::supportParallelNonJoinedBlocksProcessing() const @ 0x00000000165d9af4
7. src/QueryPipeline/QueryPipelineBuilder.cpp:578:42: DB::QueryPipelineBuilder::joinPipelinesRightLeft(std::unique_ptr<DB::QueryPipelineBuilder, std::default_delete<DB::QueryPipelineBuilder>>, std::unique_ptr<DB::QueryPipelineBuilder, std::default_delete<DB::QueryPipelineBuilder>>, std::shared_ptr<DB::IJoin>, std::shared_ptr<DB::Block const>&, unsigned long, unsigned long, unsigned long, unsigned long, DB::IQueryPlanStep*, bool, std::list<std::shared_ptr<DB::IProcessor>, std::allocator<std::shared_ptr<DB::IProcessor>>>*) @ 0x0000000012cf9f04
8. src/Processors/QueryPlan/JoinStep.cpp:160:31: DB::JoinStep::updatePipeline(std::vector<std::unique_ptr<DB::QueryPipelineBuilder, std::default_delete<DB::QueryPipelineBuilder>>, AllocatorWithMemoryTracking<std::unique_ptr<DB::QueryPipelineBuilder, std::default_delete<DB::QueryPipelineBuilder>>>>, DB::BuildQueryPipelineSettings const&) @ 0x0000000019d44500
9. src/Processors/QueryPlan/QueryPlan.cpp:260:47: DB::QueryPlan::buildQueryPipeline(DB::QueryPlanOptimizationSettings const&, DB::BuildQueryPipelineSettings const&, bool) @ 0x0000000019da12c8
10. src/Interpreters/InterpreterSelectQueryAnalyzer.cpp:416:34: DB::InterpreterSelectQueryAnalyzer::buildQueryPipeline() @ 0x0000000013d9e0e0
11. src/Interpreters/InterpreterSelectQueryAnalyzer.cpp:374:29: DB::InterpreterSelectQueryAnalyzer::execute() @ 0x0000000013d9dd90
12. src/Interpreters/executeQuery.cpp:1954:40: DB::executeQueryImpl(char const*, char const*, std::shared_ptr<DB::Context>, DB::QueryFlags, DB::QueryProcessingStage::Enum, std::unique_ptr<DB::ReadBuffer, std::default_delete<DB::ReadBuffer>>&, boost::intrusive_ptr<DB::IAST>&, std::shared_ptr<DB::ImplicitTransactionControlExecutor>, std::function<void ()>, DB::QueryResultDetails&) @ 0x0000000014165df4
13. src/Interpreters/executeQuery.cpp:2438:11: DB::executeQuery(std::basic_string_view<char, std::char_traits<char>>, std::shared_ptr<DB::Context>, DB::QueryFlags, DB::QueryProcessingStage::Enum) @ 0x0000000014161810
14. src/Server/TCPHandler.cpp:899:68: DB::TCPHandler::runImpl() @ 0x00000000196c8980
15. src/Server/TCPHandler.cpp:3354:9: DB::TCPHandler::run() @ 0x00000000196e6744
16. base/poco/Net/src/TCPServerConnection.cpp:40:3: Poco::Net::TCPServerConnection::start() @ 0x000000001e24b798
17. base/poco/Net/src/TCPServerDispatcher.cpp:115:42: Poco::Net::TCPServerDispatcher::run() @ 0x000000001e24bd58
18. base/poco/Foundation/src/ThreadPool.cpp:207:14: Poco::PooledThread::run() @ 0x000000001e20c498
19. base/poco/Foundation/src/Thread_POSIX.cpp:341:27: Poco::ThreadImpl::runnableEntry(void*) @ 0x000000001e20a7b4
20. ? @ 0x000000000008c248
21. ? @ 0x00000000000f6adc

2026.08.02 16:01:51.980199 [ 1080095 ] {9b5198f1-7d6b-4fa1-804e-65c6ea7bfc62} <Error> ForcedCriticalErrorsLogger: Code: 49. DB::Exception: Expected to have only one join clause, got 2: [Left keys: [__table2.k1] Right keys [__table1.k1] Condition columns: '', '' | Left keys: [__table2.k2] Right keys [__table1.k2] Condition columns: '', ''], query: ' INNER JOIN ...'. (LOGICAL_ERROR), Stack trace (when copying this message, always include the lines below):

0. base/poco/Foundation/src/Exception.cpp:32:1: Poco::Exception::Exception(String&&, int) @ 0x000000001e1d1bb8
1. src/Common/Exception.cpp:158:7: DB::Exception::Exception(DB::Exception::MessageMasked&&, int, bool) @ 0x000000000eb8908c
2. src/Common/Exception.h:201:100: DB::Exception::Exception(String&&, int, String, bool) @ 0x0000000009979258
3. src/Common/Exception.h:57:54: DB::Exception::Exception(PreformattedMessage&&, int) @ 0x0000000009978c8c
4. src/Common/Exception.h:219:77: DB::Exception::Exception<unsigned long, fmt::v12::join_view<std::__wrap_iter<String*>, std::__wrap_iter<String*>, char>, String>(int, FormatStringHelperImpl<std::type_identity<unsigned long>::type, std::type_identity<fmt::v12::join_view<std::__wrap_iter<String*>, std::__wrap_iter<String*>, char>>::type, std::type_identity<String>::type>, unsigned long&&, fmt::v12::join_view<std::__wrap_iter<String*>, std::__wrap_iter<String*>, char>&&, String&&) @ 0x0000000014097ee0
5. src/Interpreters/TableJoin.cpp:1216:15: DB::TableJoin::assertHasOneOnExpr() const @ 0x0000000014097cf8
6. src/Interpreters/TableJoin.h:363:38: DB::Unified::HashJoin::supportParallelNonJoinedBlocksProcessing() const @ 0x00000000165d9af4
7. src/QueryPipeline/QueryPipelineBuilder.cpp:578:42: DB::QueryPipelineBuilder::joinPipelinesRightLeft(std::unique_ptr<DB::QueryPipelineBuilder, std::default_delete<DB::QueryPipelineBuilder>>, std::unique_ptr<DB::QueryPipelineBuilder, std::default_delete<DB::QueryPipelineBuilder>>, std::shared_ptr<DB::IJoin>, std::shared_ptr<DB::Block const>&, unsigned long, unsigned long, unsigned long, unsigned long, DB::IQueryPlanStep*, bool, std::list<std::shared_ptr<DB::IProcessor>, std::allocator<std::shared_ptr<DB::IProcessor>>>*) @ 0x0000000012cf9f04
8. src/Processors/QueryPlan/JoinStep.cpp:160:31: DB::JoinStep::updatePipeline(std::vector<std::unique_ptr<DB::QueryPipelineBuilder, std::default_delete<DB::QueryPipelineBuilder>>, AllocatorWithMemoryTracking<std::unique_ptr<DB::QueryPipelineBuilder, std::default_delete<DB::QueryPipelineBuilder>>>>, DB::BuildQueryPipelineSettings const&) @ 0x0000000019d44500
9. src/Processors/QueryPlan/QueryPlan.cpp:260:47: DB::QueryPlan::buildQueryPipeline(DB::QueryPlanOptimizationSettings const&, DB::BuildQueryPipelineSettings const&, bool) @ 0x0000000019da12c8
10. src/Interpreters/InterpreterSelectQueryAnalyzer.cpp:416:34: DB::InterpreterSelectQueryAnalyzer::buildQueryPipeline() @ 0x0000000013d9e0e0
11. src/Interpreters/InterpreterSelectQueryAnalyzer.cpp:374:29: DB::InterpreterSelectQueryAnalyzer::execute() @ 0x0000000013d9dd90
12. src/Interpreters/executeQuery.cpp:1954:40: DB::executeQueryImpl(char const*, char const*, std::shared_ptr<DB::Context>, DB::QueryFlags, DB::QueryProcessingStage::Enum, std::unique_ptr<DB::ReadBuffer, std::default_delete<DB::ReadBuffer>>&, boost::intrusive_ptr<DB::IAST>&, std::shared_ptr<DB::ImplicitTransactionControlExecutor>, std::function<void ()>, DB::QueryResultDetails&) @ 0x0000000014165df4
13. src/Interpreters/executeQuery.cpp:2438:11: DB::executeQuery(std::basic_string_view<char, std::char_traits<char>>, std::shared_ptr<DB::Context>, DB::QueryFlags, DB::QueryProcessingStage::Enum) @ 0x0000000014161810
14. src/Server/TCPHandler.cpp:899:68: DB::TCPHandler::runImpl() @ 0x00000000196c8980
15. src/Server/TCPHandler.cpp:3354:9: DB::TCPHandler::run() @ 0x00000000196e6744
16. base/poco/Net/src/TCPServerConnection.cpp:40:3: Poco::Net::TCPServerConnection::start() @ 0x000000001e24b798
17. base/poco/Net/src/TCPServerDispatcher.cpp:115:42: Poco::Net::TCPServerDispatcher::run() @ 0x000000001e24bd58
18. base/poco/Foundation/src/ThreadPool.cpp:207:14: Poco::PooledThread::run() @ 0x000000001e20c498
19. base/poco/Foundation/src/Thread_POSIX.cpp:341:27: Poco::ThreadImpl::runnableEntry(void*) @ 0x000000001e20a7b4
20. ? @ 0x000000000008c248
21. ? @ 0x00000000000f6adc

2026.08.02 16:01:51.980218 [ 1080095 ] {9b5198f1-7d6b-4fa1-804e-65c6ea7bfc62} <Error> ForcedCriticalErrorsLogger: Code: 49. DB::Exception: Expected to have only one join clause, got 2: [Left keys: [__table2.k1] Right keys [__table1.k1] Condition columns: '', '' | Left keys: [__table2.k2] Right keys [__table1.k2] Condition columns: '', ''], query: ' INNER JOIN ...'. (LOGICAL_ERROR), Stack trace (when copying this message, always include the lines below):

0. base/poco/Foundation/src/Exception.cpp:32:1: Poco::Exception::Exception(String&&, int) @ 0x000000001e1d1bb8
1. src/Common/Exception.cpp:158:7: DB::Exception::Exception(DB::Exception::MessageMasked&&, int, bool) @ 0x000000000eb8908c
2. src/Common/Exception.h:201:100: DB::Exception::Exception(String&&, int, String, bool) @ 0x0000000009979258
3. src/Common/Exception.h:57:54: DB::Exception::Exception(PreformattedMessage&&, int) @ 0x0000000009978c8c
4. src/Common/Exception.h:219:77: DB::Exception::Exception<unsigned long, fmt::v12::join_view<std::__wrap_iter<String*>, std::__wrap_iter<String*>, char>, String>(int, FormatStringHelperImpl<std::type_identity<unsigned long>::type, std::type_identity<fmt::v12::join_view<std::__wrap_iter<String*>, std::__wrap_iter<String*>, char>>::type, std::type_identity<String>::type>, unsigned long&&, fmt::v12::join_view<std::__wrap_iter<String*>, std::__wrap_iter<String*>, char>&&, String&&) @ 0x0000000014097ee0
5. src/Interpreters/TableJoin.cpp:1216:15: DB::TableJoin::assertHasOneOnExpr() const @ 0x0000000014097cf8
6. src/Interpreters/TableJoin.h:363:38: DB::Unified::HashJoin::supportParallelNonJoinedBlocksProcessing() const @ 0x00000000165d9af4
7. src/QueryPipeline/QueryPipelineBuilder.cpp:578:42: DB::QueryPipelineBuilder::joinPipelinesRightLeft(std::unique_ptr<DB::QueryPipelineBuilder, std::default_delete<DB::QueryPipelineBuilder>>, std::unique_ptr<DB::QueryPipelineBuilder, std::default_delete<DB::QueryPipelineBuilder>>, std::shared_ptr<DB::IJoin>, std::shared_ptr<DB::Block const>&, unsigned long, unsigned long, unsigned long, unsigned long, DB::IQueryPlanStep*, bool, std::list<std::shared_ptr<DB::IProcessor>, std::allocator<std::shared_ptr<DB::IProcessor>>>*) @ 0x0000000012cf9f04
8. src/Processors/QueryPlan/JoinStep.cpp:160:31: DB::JoinStep::updatePipeline(std::vector<std::unique_ptr<DB::QueryPipelineBuilder, std::default_delete<DB::QueryPipelineBuilder>>, AllocatorWithMemoryTracking<std::unique_ptr<DB::QueryPipelineBuilder, std::default_delete<DB::QueryPipelineBuilder>>>>, DB::BuildQueryPipelineSettings const&) @ 0x0000000019d44500
9. src/Processors/QueryPlan/QueryPlan.cpp:260:47: DB::QueryPlan::buildQueryPipeline(DB::QueryPlanOptimizationSettings const&, DB::BuildQueryPipelineSettings const&, bool) @ 0x0000000019da12c8
10. src/Interpreters/InterpreterSelectQueryAnalyzer.cpp:416:34: DB::InterpreterSelectQueryAnalyzer::buildQueryPipeline() @ 0x0000000013d9e0e0
11. src/Interpreters/InterpreterSelectQueryAnalyzer.cpp:374:29: DB::InterpreterSelectQueryAnalyzer::execute() @ 0x0000000013d9dd90
12. src/Interpreters/executeQuery.cpp:1954:40: DB::executeQueryImpl(char const*, char const*, std::shared_ptr<DB::Context>, DB::QueryFlags, DB::QueryProcessingStage::Enum, std::unique_ptr<DB::ReadBuffer, std::default_delete<DB::ReadBuffer>>&, boost::intrusive_ptr<DB::IAST>&, std::shared_ptr<DB::ImplicitTransactionControlExecutor>, std::function<void ()>, DB::QueryResultDetails&) @ 0x0000000014165df4
13. src/Interpreters/executeQuery.cpp:2438:11: DB::executeQuery(std::basic_string_view<char, std::char_traits<char>>, std::shared_ptr<DB::Context>, DB::QueryFlags, DB::QueryProcessingStage::Enum) @ 0x0000000014161810
14. src/Server/TCPHandler.cpp:899:68: DB::TCPHandler::runImpl() @ 0x00000000196c8980
15. src/Server/TCPHandler.cpp:3354:9: DB::TCPHandler::run() @ 0x00000000196e6744
16. base/poco/Net/src/TCPServerConnection.cpp:40:3: Poco::Net::TCPServerConnection::start() @ 0x000000001e24b798
17. base/poco/Net/src/TCPServerDispatcher.cpp:115:42: Poco::Net::TCPServerDispatcher::run() @ 0x000000001e24bd58
18. base/poco/Foundation/src/ThreadPool.cpp:207:14: Poco::PooledThread::run() @ 0x000000001e20c498
19. base/poco/Foundation/src/Thread_POSIX.cpp:341:27: Poco::ThreadImpl::runnableEntry(void*) @ 0x000000001e20a7b4
20. ? @ 0x000000000008c248
21. ? @ 0x00000000000f6adc

2026.08.02 16:01:51.980276 [ 1080095 ] {} <Error> TCPHandler: Code: 49. DB::Exception: Expected to have only one join clause, got 2: [Left keys: [__table2.k1] Right keys [__table1.k1] Condition columns: '', '' | Left keys: [__table2.k2] Right keys [__table1.k2] Condition columns: '', ''], query: ' INNER JOIN ...'. (LOGICAL_ERROR), Stack trace (when copying this message, always include the lines below):

0. base/poco/Foundation/src/Exception.cpp:32:1: Poco::Exception::Exception(String&&, int) @ 0x000000001e1d1bb8
1. src/Common/Exception.cpp:158:7: DB::Exception::Exception(DB::Exception::MessageMasked&&, int, bool) @ 0x000000000eb8908c
2. src/Common/Exception.h:201:100: DB::Exception::Exception(String&&, int, String, bool) @ 0x0000000009979258
3. src/Common/Exception.h:57:54: DB::Exception::Exception(PreformattedMessage&&, int) @ 0x0000000009978c8c
4. src/Common/Exception.h:219:77: DB::Exception::Exception<unsigned long, fmt::v12::join_view<std::__wrap_iter<String*>, std::__wrap_iter<String*>, char>, String>(int, FormatStringHelperImpl<std::type_identity<unsigned long>::type, std::type_identity<fmt::v12::join_view<std::__wrap_iter<String*>, std::__wrap_iter<String*>, char>>::type, std::type_identity<String>::type>, unsigned long&&, fmt::v12::join_view<std::__wrap_iter<String*>, std::__wrap_iter<String*>, char>&&, String&&) @ 0x0000000014097ee0
5. src/Interpreters/TableJoin.cpp:1216:15: DB::TableJoin::assertHasOneOnExpr() const @ 0x0000000014097cf8
6. src/Interpreters/TableJoin.h:363:38: DB::Unified::HashJoin::supportParallelNonJoinedBlocksProcessing() const @ 0x00000000165d9af4
7. src/QueryPipeline/QueryPipelineBuilder.cpp:578:42: DB::QueryPipelineBuilder::joinPipelinesRightLeft(std::unique_ptr<DB::QueryPipelineBuilder, std::default_delete<DB::QueryPipelineBuilder>>, std::unique_ptr<DB::QueryPipelineBuilder, std::default_delete<DB::QueryPipelineBuilder>>, std::shared_ptr<DB::IJoin>, std::shared_ptr<DB::Block const>&, unsigned long, unsigned long, unsigned long, unsigned long, DB::IQueryPlanStep*, bool, std::list<std::shared_ptr<DB::IProcessor>, std::allocator<std::shared_ptr<DB::IProcessor>>>*) @ 0x0000000012cf9f04
8. src/Processors/QueryPlan/JoinStep.cpp:160:31: DB::JoinStep::updatePipeline(std::vector<std::unique_ptr<DB::QueryPipelineBuilder, std::default_delete<DB::QueryPipelineBuilder>>, AllocatorWithMemoryTracking<std::unique_ptr<DB::QueryPipelineBuilder, std::default_delete<DB::QueryPipelineBuilder>>>>, DB::BuildQueryPipelineSettings const&) @ 0x0000000019d44500
9. src/Processors/QueryPlan/QueryPlan.cpp:260:47: DB::QueryPlan::buildQueryPipeline(DB::QueryPlanOptimizationSettings const&, DB::BuildQueryPipelineSettings const&, bool) @ 0x0000000019da12c8
10. src/Interpreters/InterpreterSelectQueryAnalyzer.cpp:416:34: DB::InterpreterSelectQueryAnalyzer::buildQueryPipeline() @ 0x0000000013d9e0e0
11. src/Interpreters/InterpreterSelectQueryAnalyzer.cpp:374:29: DB::InterpreterSelectQueryAnalyzer::execute() @ 0x0000000013d9dd90
12. src/Interpreters/executeQuery.cpp:1954:40: DB::executeQueryImpl(char const*, char const*, std::shared_ptr<DB::Context>, DB::QueryFlags, DB::QueryProcessingStage::Enum, std::unique_ptr<DB::ReadBuffer, std::default_delete<DB::ReadBuffer>>&, boost::intrusive_ptr<DB::IAST>&, std::shared_ptr<DB::ImplicitTransactionControlExecutor>, std::function<void ()>, DB::QueryResultDetails&) @ 0x0000000014165df4
13. src/Interpreters/executeQuery.cpp:2438:11: DB::executeQuery(std::basic_string_view<char, std::char_traits<char>>, std::shared_ptr<DB::Context>, DB::QueryFlags, DB::QueryProcessingStage::Enum) @ 0x0000000014161810
14. src/Server/TCPHandler.cpp:899:68: DB::TCPHandler::runImpl() @ 0x00000000196c8980
15. src/Server/TCPHandler.cpp:3354:9: DB::TCPHandler::run() @ 0x00000000196e6744
16. base/poco/Net/src/TCPServerConnection.cpp:40:3: Poco::Net::TCPServerConnection::start() @ 0x000000001e24b798
17. base/poco/Net/src/TCPServerDispatcher.cpp:115:42: Poco::Net::TCPServerDispatcher::run() @ 0x000000001e24bd58
18. base/poco/Foundation/src/ThreadPool.cpp:207:14: Poco::PooledThread::run() @ 0x000000001e20c498
19. base/poco/Foundation/src/Thread_POSIX.cpp:341:27: Poco::ThreadImpl::runnableEntry(void*) @ 0x000000001e20a7b4
20. ? @ 0x000000000008c248
21. ? @ 0x00000000000f6adc

2026.08.02 16:01:51.980290 [ 1080095 ] {} <Error> ForcedCriticalErrorsLogger: Code: 49. DB::Exception: Expected to have only one join clause, got 2: [Left keys: [__table2.k1] Right keys [__table1.k1] Condition columns: '', '' | Left keys: [__table2.k2] Right keys [__table1.k2] Condition columns: '', ''], query: ' INNER JOIN ...'. (LOGICAL_ERROR), Stack trace (when copying this message, always include the lines below):

0. base/poco/Foundation/src/Exception.cpp:32:1: Poco::Exception::Exception(String&&, int) @ 0x000000001e1d1bb8
1. src/Common/Exception.cpp:158:7: DB::Exception::Exception(DB::Exception::MessageMasked&&, int, bool) @ 0x000000000eb8908c
2. src/Common/Exception.h:201:100: DB::Exception::Exception(String&&, int, String, bool) @ 0x0000000009979258
3. src/Common/Exception.h:57:54: DB::Exception::Exception(PreformattedMessage&&, int) @ 0x0000000009978c8c
4. src/Common/Exception.h:219:77: DB::Exception::Exception<unsigned long, fmt::v12::join_view<std::__wrap_iter<String*>, std::__wrap_iter<String*>, char>, String>(int, FormatStringHelperImpl<std::type_identity<unsigned long>::type, std::type_identity<fmt::v12::join_view<std::__wrap_iter<String*>, std::__wrap_iter<String*>, char>>::type, std::type_identity<String>::type>, unsigned long&&, fmt::v12::join_view<std::__wrap_iter<String*>, std::__wrap_iter<String*>, char>&&, String&&) @ 0x0000000014097ee0
5. src/Interpreters/TableJoin.cpp:1216:15: DB::TableJoin::assertHasOneOnExpr() const @ 0x0000000014097cf8
6. src/Interpreters/TableJoin.h:363:38: DB::Unified::HashJoin::supportParallelNonJoinedBlocksProcessing() const @ 0x00000000165d9af4
7. src/QueryPipeline/QueryPipelineBuilder.cpp:578:42: DB::QueryPipelineBuilder::joinPipelinesRightLeft(std::unique_ptr<DB::QueryPipelineBuilder, std::default_delete<DB::QueryPipelineBuilder>>, std::unique_ptr<DB::QueryPipelineBuilder, std::default_delete<DB::QueryPipelineBuilder>>, std::shared_ptr<DB::IJoin>, std::shared_ptr<DB::Block const>&, unsigned long, unsigned long, unsigned long, unsigned long, DB::IQueryPlanStep*, bool, std::list<std::shared_ptr<DB::IProcessor>, std::allocator<std::shared_ptr<DB::IProcessor>>>*) @ 0x0000000012cf9f04
8. src/Processors/QueryPlan/JoinStep.cpp:160:31: DB::JoinStep::updatePipeline(std::vector<std::unique_ptr<DB::QueryPipelineBuilder, std::default_delete<DB::QueryPipelineBuilder>>, AllocatorWithMemoryTracking<std::unique_ptr<DB::QueryPipelineBuilder, std::default_delete<DB::QueryPipelineBuilder>>>>, DB::BuildQueryPipelineSettings const&) @ 0x0000000019d44500
9. src/Processors/QueryPlan/QueryPlan.cpp:260:47: DB::QueryPlan::buildQueryPipeline(DB::QueryPlanOptimizationSettings const&, DB::BuildQueryPipelineSettings const&, bool) @ 0x0000000019da12c8
10. src/Interpreters/InterpreterSelectQueryAnalyzer.cpp:416:34: DB::InterpreterSelectQueryAnalyzer::buildQueryPipeline() @ 0x0000000013d9e0e0
11. src/Interpreters/InterpreterSelectQueryAnalyzer.cpp:374:29: DB::InterpreterSelectQueryAnalyzer::execute() @ 0x0000000013d9dd90
12. src/Interpreters/executeQuery.cpp:1954:40: DB::executeQueryImpl(char const*, char const*, std::shared_ptr<DB::Context>, DB::QueryFlags, DB::QueryProcessingStage::Enum, std::unique_ptr<DB::ReadBuffer, std::default_delete<DB::ReadBuffer>>&, boost::intrusive_ptr<DB::IAST>&, std::shared_ptr<DB::ImplicitTransactionControlExecutor>, std::function<void ()>, DB::QueryResultDetails&) @ 0x0000000014165df4
13. src/Interpreters/executeQuery.cpp:2438:11: DB::executeQuery(std::basic_string_view<char, std::char_traits<char>>, std::shared_ptr<DB::Context>, DB::QueryFlags, DB::QueryProcessingStage::Enum) @ 0x0000000014161810
14. src/Server/TCPHandler.cpp:899:68: DB::TCPHandler::runImpl() @ 0x00000000196c8980
15. src/Server/TCPHandler.cpp:3354:9: DB::TCPHandler::run() @ 0x00000000196e6744
16. base/poco/Net/src/TCPServerConnection.cpp:40:3: Poco::Net::TCPServerConnection::start() @ 0x000000001e24b798
17. base/poco/Net/src/TCPServerDispatcher.cpp:115:42: Poco::Net::TCPServerDispatcher::run() @ 0x000000001e24bd58
18. base/poco/Foundation/src/ThreadPool.cpp:207:14: Poco::PooledThread::run() @ 0x000000001e20c498
19. base/poco/Foundation/src/Thread_POSIX.cpp:341:27: Poco::ThreadImpl::runnableEntry(void*) @ 0x000000001e20a7b4
20. ? @ 0x000000000008c248
21. ? @ 0x00000000000f6adc

2026.08.02 16:01:52.106483 [ 1080095 ] {ce386fa5-aed5-4ff5-b732-186b9ed2cebe} <Error> executeQuery: Code: 49. DB::Exception: Expected to have only one join clause, got 2: [Left keys: [__table2.k1] Right keys [__table1.k1] Condition columns: '', '' | Left keys: [__table2.k2] Right keys [__table1.k2] Condition columns: '', ''], query: ' INNER JOIN ...'. (LOGICAL_ERROR) (version 26.8.1.1) (from 127.0.0.1:57850) (query 1, line 1) (in query: SELECT l.k1,l.k2,l.v,r.k1,r.k2,r.w FROM av2.orl AS l FULL JOIN av2.orr AS r ON l.k1=r.k1 OR l.k2=r.k2 ORDER BY r.k1,r.k2,r.w,l.k1,l.k2,l.v SETTINGS join_algorithm='unified_hash'), Stack trace (when copying this message, always include the lines below):

0. base/poco/Foundation/src/Exception.cpp:32:1: Poco::Exception::Exception(String&&, int) @ 0x000000001e1d1bb8
1. src/Common/Exception.cpp:158:7: DB::Exception::Exception(DB::Exception::MessageMasked&&, int, bool) @ 0x000000000eb8908c
2. src/Common/Exception.h:201:100: DB::Exception::Exception(String&&, int, String, bool) @ 0x0000000009979258
3. src/Common/Exception.h:57:54: DB::Exception::Exception(PreformattedMessage&&, int) @ 0x0000000009978c8c
4. src/Common/Exception.h:219:77: DB::Exception::Exception<unsigned long, fmt::v12::join_view<std::__wrap_iter<String*>, std::__wrap_iter<String*>, char>, String>(int, FormatStringHelperImpl<std::type_identity<unsigned long>::type, std::type_identity<fmt::v12::join_view<std::__wrap_iter<String*>, std::__wrap_iter<String*>, char>>::type, std::type_identity<String>::type>, unsigned long&&, fmt::v12::join_view<std::__wrap_iter<String*>, std::__wrap_iter<String*>, char>&&, String&&) @ 0x0000000014097ee0
5. src/Interpreters/TableJoin.cpp:1216:15: DB::TableJoin::assertHasOneOnExpr() const @ 0x0000000014097cf8
6. src/Interpreters/TableJoin.h:363:38: DB::Unified::HashJoin::supportParallelNonJoinedBlocksProcessing() const @ 0x00000000165d9af4
7. src/QueryPipeline/QueryPipelineBuilder.cpp:578:42: DB::QueryPipelineBuilder::joinPipelinesRightLeft(std::unique_ptr<DB::QueryPipelineBuilder, std::default_delete<DB::QueryPipelineBuilder>>, std::unique_ptr<DB::QueryPipelineBuilder, std::default_delete<DB::QueryPipelineBuilder>>, std::shared_ptr<DB::IJoin>, std::shared_ptr<DB::Block const>&, unsigned long, unsigned long, unsigned long, unsigned long, DB::IQueryPlanStep*, bool, std::list<std::shared_ptr<DB::IProcessor>, std::allocator<std::shared_ptr<DB::IProcessor>>>*) @ 0x0000000012cf9f04
8. src/Processors/QueryPlan/JoinStep.cpp:160:31: DB::JoinStep::updatePipeline(std::vector<std::unique_ptr<DB::QueryPipelineBuilder, std::default_delete<DB::QueryPipelineBuilder>>, AllocatorWithMemoryTracking<std::unique_ptr<DB::QueryPipelineBuilder, std::default_delete<DB::QueryPipelineBuilder>>>>, DB::BuildQueryPipelineSettings const&) @ 0x0000000019d44500
9. src/Processors/QueryPlan/QueryPlan.cpp:260:47: DB::QueryPlan::buildQueryPipeline(DB::QueryPlanOptimizationSettings const&, DB::BuildQueryPipelineSettings const&, bool) @ 0x0000000019da12c8
10. src/Interpreters/InterpreterSelectQueryAnalyzer.cpp:416:34: DB::InterpreterSelectQueryAnalyzer::buildQueryPipeline() @ 0x0000000013d9e0e0
11. src/Interpreters/InterpreterSelectQueryAnalyzer.cpp:374:29: DB::InterpreterSelectQueryAnalyzer::execute() @ 0x0000000013d9dd90
12. src/Interpreters/executeQuery.cpp:1954:40: DB::executeQueryImpl(char const*, char const*, std::shared_ptr<DB::Context>, DB::QueryFlags, DB::QueryProcessingStage::Enum, std::unique_ptr<DB::ReadBuffer, std::default_delete<DB::ReadBuffer>>&, boost::intrusive_ptr<DB::IAST>&, std::shared_ptr<DB::ImplicitTransactionControlExecutor>, std::function<void ()>, DB::QueryResultDetails&) @ 0x0000000014165df4
13. src/Interpreters/executeQuery.cpp:2438:11: DB::executeQuery(std::basic_string_view<char, std::char_traits<char>>, std::shared_ptr<DB::Context>, DB::QueryFlags, DB::QueryProcessingStage::Enum) @ 0x0000000014161810
14. src/Server/TCPHandler.cpp:899:68: DB::TCPHandler::runImpl() @ 0x00000000196c8980
15. src/Server/TCPHandler.cpp:3354:9: DB::TCPHandler::run() @ 0x00000000196e6744
16. base/poco/Net/src/TCPServerConnection.cpp:40:3: Poco::Net::TCPServerConnection::start() @ 0x000000001e24b798
17. base/poco/Net/src/TCPServerDispatcher.cpp:115:42: Poco::Net::TCPServerDispatcher::run() @ 0x000000001e24bd58
18. base/poco/Foundation/src/ThreadPool.cpp:207:14: Poco::PooledThread::run() @ 0x000000001e20c498
19. base/poco/Foundation/src/Thread_POSIX.cpp:341:27: Poco::ThreadImpl::runnableEntry(void*) @ 0x000000001e20a7b4
20. ? @ 0x000000000008c248
21. ? @ 0x00000000000f6adc

2026.08.02 16:01:52.106570 [ 1080095 ] {ce386fa5-aed5-4ff5-b732-186b9ed2cebe} <Error> ForcedCriticalErrorsLogger: Code: 49. DB::Exception: Expected to have only one join clause, got 2: [Left keys: [__table2.k1] Right keys [__table1.k1] Condition columns: '', '' | Left keys: [__table2.k2] Right keys [__table1.k2] Condition columns: '', ''], query: ' INNER JOIN ...'. (LOGICAL_ERROR), Stack trace (when copying this message, always include the lines below):

0. base/poco/Foundation/src/Exception.cpp:32:1: Poco::Exception::Exception(String&&, int) @ 0x000000001e1d1bb8
1. src/Common/Exception.cpp:158:7: DB::Exception::Exception(DB::Exception::MessageMasked&&, int, bool) @ 0x000000000eb8908c
2. src/Common/Exception.h:201:100: DB::Exception::Exception(String&&, int, String, bool) @ 0x0000000009979258
3. src/Common/Exception.h:57:54: DB::Exception::Exception(PreformattedMessage&&, int) @ 0x0000000009978c8c
4. src/Common/Exception.h:219:77: DB::Exception::Exception<unsigned long, fmt::v12::join_view<std::__wrap_iter<String*>, std::__wrap_iter<String*>, char>, String>(int, FormatStringHelperImpl<std::type_identity<unsigned long>::type, std::type_identity<fmt::v12::join_view<std::__wrap_iter<String*>, std::__wrap_iter<String*>, char>>::type, std::type_identity<String>::type>, unsigned long&&, fmt::v12::join_view<std::__wrap_iter<String*>, std::__wrap_iter<String*>, char>&&, String&&) @ 0x0000000014097ee0
5. src/Interpreters/TableJoin.cpp:1216:15: DB::TableJoin::assertHasOneOnExpr() const @ 0x0000000014097cf8
6. src/Interpreters/TableJoin.h:363:38: DB::Unified::HashJoin::supportParallelNonJoinedBlocksProcessing() const @ 0x00000000165d9af4
7. src/QueryPipeline/QueryPipelineBuilder.cpp:578:42: DB::QueryPipelineBuilder::joinPipelinesRightLeft(std::unique_ptr<DB::QueryPipelineBuilder, std::default_delete<DB::QueryPipelineBuilder>>, std::unique_ptr<DB::QueryPipelineBuilder, std::default_delete<DB::QueryPipelineBuilder>>, std::shared_ptr<DB::IJoin>, std::shared_ptr<DB::Block const>&, unsigned long, unsigned long, unsigned long, unsigned long, DB::IQueryPlanStep*, bool, std::list<std::shared_ptr<DB::IProcessor>, std::allocator<std::shared_ptr<DB::IProcessor>>>*) @ 0x0000000012cf9f04
8. src/Processors/QueryPlan/JoinStep.cpp:160:31: DB::JoinStep::updatePipeline(std::vector<std::unique_ptr<DB::QueryPipelineBuilder, std::default_delete<DB::QueryPipelineBuilder>>, AllocatorWithMemoryTracking<std::unique_ptr<DB::QueryPipelineBuilder, std::default_delete<DB::QueryPipelineBuilder>>>>, DB::BuildQueryPipelineSettings const&) @ 0x0000000019d44500
9. src/Processors/QueryPlan/QueryPlan.cpp:260:47: DB::QueryPlan::buildQueryPipeline(DB::QueryPlanOptimizationSettings const&, DB::BuildQueryPipelineSettings const&, bool) @ 0x0000000019da12c8
10. src/Interpreters/InterpreterSelectQueryAnalyzer.cpp:416:34: DB::InterpreterSelectQueryAnalyzer::buildQueryPipeline() @ 0x0000000013d9e0e0
11. src/Interpreters/InterpreterSelectQueryAnalyzer.cpp:374:29: DB::InterpreterSelectQueryAnalyzer::execute() @ 0x0000000013d9dd90
12. src/Interpreters/executeQuery.cpp:1954:40: DB::executeQueryImpl(char const*, char const*, std::shared_ptr<DB::Context>, DB::QueryFlags, DB::QueryProcessingStage::Enum, std::unique_ptr<DB::ReadBuffer, std::default_delete<DB::ReadBuffer>>&, boost::intrusive_ptr<DB::IAST>&, std::shared_ptr<DB::ImplicitTransactionControlExecutor>, std::function<void ()>, DB::QueryResultDetails&) @ 0x0000000014165df4
13. src/Interpreters/executeQuery.cpp:2438:11: DB::executeQuery(std::basic_string_view<char, std::char_traits<char>>, std::shared_ptr<DB::Context>, DB::QueryFlags, DB::QueryProcessingStage::Enum) @ 0x0000000014161810
14. src/Server/TCPHandler.cpp:899:68: DB::TCPHandler::runImpl() @ 0x00000000196c8980
15. src/Server/TCPHandler.cpp:3354:9: DB::TCPHandler::run() @ 0x00000000196e6744
16. base/poco/Net/src/TCPServerConnection.cpp:40:3: Poco::Net::TCPServerConnection::start() @ 0x000000001e24b798
17. base/poco/Net/src/TCPServerDispatcher.cpp:115:42: Poco::Net::TCPServerDispatcher::run() @ 0x000000001e24bd58
18. base/poco/Foundation/src/ThreadPool.cpp:207:14: Poco::PooledThread::run() @ 0x000000001e20c498
19. base/poco/Foundation/src/Thread_POSIX.cpp:341:27: Poco::ThreadImpl::runnableEntry(void*) @ 0x000000001e20a7b4
20. ? @ 0x000000000008c248
21. ? @ 0x00000000000f6adc

2026.08.02 16:01:52.106590 [ 1080095 ] {ce386fa5-aed5-4ff5-b732-186b9ed2cebe} <Error> ForcedCriticalErrorsLogger: Code: 49. DB::Exception: Expected to have only one join clause, got 2: [Left keys: [__table2.k1] Right keys [__table1.k1] Condition columns: '', '' | Left keys: [__table2.k2] Right keys [__table1.k2] Condition columns: '', ''], query: ' INNER JOIN ...'. (LOGICAL_ERROR), Stack trace (when copying this message, always include the lines below):

0. base/poco/Foundation/src/Exception.cpp:32:1: Poco::Exception::Exception(String&&, int) @ 0x000000001e1d1bb8
1. src/Common/Exception.cpp:158:7: DB::Exception::Exception(DB::Exception::MessageMasked&&, int, bool) @ 0x000000000eb8908c
2. src/Common/Exception.h:201:100: DB::Exception::Exception(String&&, int, String, bool) @ 0x0000000009979258
3. src/Common/Exception.h:57:54: DB::Exception::Exception(PreformattedMessage&&, int) @ 0x0000000009978c8c
4. src/Common/Exception.h:219:77: DB::Exception::Exception<unsigned long, fmt::v12::join_view<std::__wrap_iter<String*>, std::__wrap_iter<String*>, char>, String>(int, FormatStringHelperImpl<std::type_identity<unsigned long>::type, std::type_identity<fmt::v12::join_view<std::__wrap_iter<String*>, std::__wrap_iter<String*>, char>>::type, std::type_identity<String>::type>, unsigned long&&, fmt::v12::join_view<std::__wrap_iter<String*>, std::__wrap_iter<String*>, char>&&, String&&) @ 0x0000000014097ee0
5. src/Interpreters/TableJoin.cpp:1216:15: DB::TableJoin::assertHasOneOnExpr() const @ 0x0000000014097cf8
6. src/Interpreters/TableJoin.h:363:38: DB::Unified::HashJoin::supportParallelNonJoinedBlocksProcessing() const @ 0x00000000165d9af4
7. src/QueryPipeline/QueryPipelineBuilder.cpp:578:42: DB::QueryPipelineBuilder::joinPipelinesRightLeft(std::unique_ptr<DB::QueryPipelineBuilder, std::default_delete<DB::QueryPipelineBuilder>>, std::unique_ptr<DB::QueryPipelineBuilder, std::default_delete<DB::QueryPipelineBuilder>>, std::shared_ptr<DB::IJoin>, std::shared_ptr<DB::Block const>&, unsigned long, unsigned long, unsigned long, unsigned long, DB::IQueryPlanStep*, bool, std::list<std::shared_ptr<DB::IProcessor>, std::allocator<std::shared_ptr<DB::IProcessor>>>*) @ 0x0000000012cf9f04
8. src/Processors/QueryPlan/JoinStep.cpp:160:31: DB::JoinStep::updatePipeline(std::vector<std::unique_ptr<DB::QueryPipelineBuilder, std::default_delete<DB::QueryPipelineBuilder>>, AllocatorWithMemoryTracking<std::unique_ptr<DB::QueryPipelineBuilder, std::default_delete<DB::QueryPipelineBuilder>>>>, DB::BuildQueryPipelineSettings const&) @ 0x0000000019d44500
9. src/Processors/QueryPlan/QueryPlan.cpp:260:47: DB::QueryPlan::buildQueryPipeline(DB::QueryPlanOptimizationSettings const&, DB::BuildQueryPipelineSettings const&, bool) @ 0x0000000019da12c8
10. src/Interpreters/InterpreterSelectQueryAnalyzer.cpp:416:34: DB::InterpreterSelectQueryAnalyzer::buildQueryPipeline() @ 0x0000000013d9e0e0
11. src/Interpreters/InterpreterSelectQueryAnalyzer.cpp:374:29: DB::InterpreterSelectQueryAnalyzer::execute() @ 0x0000000013d9dd90
12. src/Interpreters/executeQuery.cpp:1954:40: DB::executeQueryImpl(char const*, char const*, std::shared_ptr<DB::Context>, DB::QueryFlags, DB::QueryProcessingStage::Enum, std::unique_ptr<DB::ReadBuffer, std::default_delete<DB::ReadBuffer>>&, boost::intrusive_ptr<DB::IAST>&, std::shared_ptr<DB::ImplicitTransactionControlExecutor>, std::function<void ()>, DB::QueryResultDetails&) @ 0x0000000014165df4
13. src/Interpreters/executeQuery.cpp:2438:11: DB::executeQuery(std::basic_string_view<char, std::char_traits<char>>, std::shared_ptr<DB::Context>, DB::QueryFlags, DB::QueryProcessingStage::Enum) @ 0x0000000014161810
14. src/Server/TCPHandler.cpp:899:68: DB::TCPHandler::runImpl() @ 0x00000000196c8980
15. src/Server/TCPHandler.cpp:3354:9: DB::TCPHandler::run() @ 0x00000000196e6744
16. base/poco/Net/src/TCPServerConnection.cpp:40:3: Poco::Net::TCPServerConnection::start() @ 0x000000001e24b798
17. base/poco/Net/src/TCPServerDispatcher.cpp:115:42: Poco::Net::TCPServerDispatcher::run() @ 0x000000001e24bd58
18. base/poco/Foundation/src/ThreadPool.cpp:207:14: Poco::PooledThread::run() @ 0x000000001e20c498
19. base/poco/Foundation/src/Thread_POSIX.cpp:341:27: Poco::ThreadImpl::runnableEntry(void*) @ 0x000000001e20a7b4
20. ? @ 0x000000000008c248
21. ? @ 0x00000000000f6adc

2026.08.02 16:01:52.106646 [ 1080095 ] {} <Error> TCPHandler: Code: 49. DB::Exception: Expected to have only one join clause, got 2: [Left keys: [__table2.k1] Right keys [__table1.k1] Condition columns: '', '' | Left keys: [__table2.k2] Right keys [__table1.k2] Condition columns: '', ''], query: ' INNER JOIN ...'. (LOGICAL_ERROR), Stack trace (when copying this message, always include the lines below):

0. base/poco/Foundation/src/Exception.cpp:32:1: Poco::Exception::Exception(String&&, int) @ 0x000000001e1d1bb8
1. src/Common/Exception.cpp:158:7: DB::Exception::Exception(DB::Exception::MessageMasked&&, int, bool) @ 0x000000000eb8908c
2. src/Common/Exception.h:201:100: DB::Exception::Exception(String&&, int, String, bool) @ 0x0000000009979258
3. src/Common/Exception.h:57:54: DB::Exception::Exception(PreformattedMessage&&, int) @ 0x0000000009978c8c
4. src/Common/Exception.h:219:77: DB::Exception::Exception<unsigned long, fmt::v12::join_view<std::__wrap_iter<String*>, std::__wrap_iter<String*>, char>, String>(int, FormatStringHelperImpl<std::type_identity<unsigned long>::type, std::type_identity<fmt::v12::join_view<std::__wrap_iter<String*>, std::__wrap_iter<String*>, char>>::type, std::type_identity<String>::type>, unsigned long&&, fmt::v12::join_view<std::__wrap_iter<String*>, std::__wrap_iter<String*>, char>&&, String&&) @ 0x0000000014097ee0
5. src/Interpreters/TableJoin.cpp:1216:15: DB::TableJoin::assertHasOneOnExpr() const @ 0x0000000014097cf8
6. src/Interpreters/TableJoin.h:363:38: DB::Unified::HashJoin::supportParallelNonJoinedBlocksProcessing() const @ 0x00000000165d9af4
7. src/QueryPipeline/QueryPipelineBuilder.cpp:578:42: DB::QueryPipelineBuilder::joinPipelinesRightLeft(std::unique_ptr<DB::QueryPipelineBuilder, std::default_delete<DB::QueryPipelineBuilder>>, std::unique_ptr<DB::QueryPipelineBuilder, std::default_delete<DB::QueryPipelineBuilder>>, std::shared_ptr<DB::IJoin>, std::shared_ptr<DB::Block const>&, unsigned long, unsigned long, unsigned long, unsigned long, DB::IQueryPlanStep*, bool, std::list<std::shared_ptr<DB::IProcessor>, std::allocator<std::shared_ptr<DB::IProcessor>>>*) @ 0x0000000012cf9f04
8. src/Processors/QueryPlan/JoinStep.cpp:160:31: DB::JoinStep::updatePipeline(std::vector<std::unique_ptr<DB::QueryPipelineBuilder, std::default_delete<DB::QueryPipelineBuilder>>, AllocatorWithMemoryTracking<std::unique_ptr<DB::QueryPipelineBuilder, std::default_delete<DB::QueryPipelineBuilder>>>>, DB::BuildQueryPipelineSettings const&) @ 0x0000000019d44500
9. src/Processors/QueryPlan/QueryPlan.cpp:260:47: DB::QueryPlan::buildQueryPipeline(DB::QueryPlanOptimizationSettings const&, DB::BuildQueryPipelineSettings const&, bool) @ 0x0000000019da12c8
10. src/Interpreters/InterpreterSelectQueryAnalyzer.cpp:416:34: DB::InterpreterSelectQueryAnalyzer::buildQueryPipeline() @ 0x0000000013d9e0e0
11. src/Interpreters/InterpreterSelectQueryAnalyzer.cpp:374:29: DB::InterpreterSelectQueryAnalyzer::execute() @ 0x0000000013d9dd90
12. src/Interpreters/executeQuery.cpp:1954:40: DB::executeQueryImpl(char const*, char const*, std::shared_ptr<DB::Context>, DB::QueryFlags, DB::QueryProcessingStage::Enum, std::unique_ptr<DB::ReadBuffer, std::default_delete<DB::ReadBuffer>>&, boost::intrusive_ptr<DB::IAST>&, std::shared_ptr<DB::ImplicitTransactionControlExecutor>, std::function<void ()>, DB::QueryResultDetails&) @ 0x0000000014165df4
13. src/Interpreters/executeQuery.cpp:2438:11: DB::executeQuery(std::basic_string_view<char, std::char_traits<char>>, std::shared_ptr<DB::Context>, DB::QueryFlags, DB::QueryProcessingStage::Enum) @ 0x0000000014161810
14. src/Server/TCPHandler.cpp:899:68: DB::TCPHandler::runImpl() @ 0x00000000196c8980
15. src/Server/TCPHandler.cpp:3354:9: DB::TCPHandler::run() @ 0x00000000196e6744
16. base/poco/Net/src/TCPServerConnection.cpp:40:3: Poco::Net::TCPServerConnection::start() @ 0x000000001e24b798
17. base/poco/Net/src/TCPServerDispatcher.cpp:115:42: Poco::Net::TCPServerDispatcher::run() @ 0x000000001e24bd58
18. base/poco/Foundation/src/ThreadPool.cpp:207:14: Poco::PooledThread::run() @ 0x000000001e20c498
19. base/poco/Foundation/src/Thread_POSIX.cpp:341:27: Poco::ThreadImpl::runnableEntry(void*) @ 0x000000001e20a7b4
20. ? @ 0x000000000008c248
21. ? @ 0x00000000000f6adc

2026.08.02 16:01:52.106665 [ 1080095 ] {} <Error> ForcedCriticalErrorsLogger: Code: 49. DB::Exception: Expected to have only one join clause, got 2: [Left keys: [__table2.k1] Right keys [__table1.k1] Condition columns: '', '' | Left keys: [__table2.k2] Right keys [__table1.k2] Condition columns: '', ''], query: ' INNER JOIN ...'. (LOGICAL_ERROR), Stack trace (when copying this message, always include the lines below):

0. base/poco/Foundation/src/Exception.cpp:32:1: Poco::Exception::Exception(String&&, int) @ 0x000000001e1d1bb8
1. src/Common/Exception.cpp:158:7: DB::Exception::Exception(DB::Exception::MessageMasked&&, int, bool) @ 0x000000000eb8908c
2. src/Common/Exception.h:201:100: DB::Exception::Exception(String&&, int, String, bool) @ 0x0000000009979258
3. src/Common/Exception.h:57:54: DB::Exception::Exception(PreformattedMessage&&, int) @ 0x0000000009978c8c
4. src/Common/Exception.h:219:77: DB::Exception::Exception<unsigned long, fmt::v12::join_view<std::__wrap_iter<String*>, std::__wrap_iter<String*>, char>, String>(int, FormatStringHelperImpl<std::type_identity<unsigned long>::type, std::type_identity<fmt::v12::join_view<std::__wrap_iter<String*>, std::__wrap_iter<String*>, char>>::type, std::type_identity<String>::type>, unsigned long&&, fmt::v12::join_view<std::__wrap_iter<String*>, std::__wrap_iter<String*>, char>&&, String&&) @ 0x0000000014097ee0
5. src/Interpreters/TableJoin.cpp:1216:15: DB::TableJoin::assertHasOneOnExpr() const @ 0x0000000014097cf8
6. src/Interpreters/TableJoin.h:363:38: DB::Unified::HashJoin::supportParallelNonJoinedBlocksProcessing() const @ 0x00000000165d9af4
7. src/QueryPipeline/QueryPipelineBuilder.cpp:578:42: DB::QueryPipelineBuilder::joinPipelinesRightLeft(std::unique_ptr<DB::QueryPipelineBuilder, std::default_delete<DB::QueryPipelineBuilder>>, std::unique_ptr<DB::QueryPipelineBuilder, std::default_delete<DB::QueryPipelineBuilder>>, std::shared_ptr<DB::IJoin>, std::shared_ptr<DB::Block const>&, unsigned long, unsigned long, unsigned long, unsigned long, DB::IQueryPlanStep*, bool, std::list<std::shared_ptr<DB::IProcessor>, std::allocator<std::shared_ptr<DB::IProcessor>>>*) @ 0x0000000012cf9f04
8. src/Processors/QueryPlan/JoinStep.cpp:160:31: DB::JoinStep::updatePipeline(std::vector<std::unique_ptr<DB::QueryPipelineBuilder, std::default_delete<DB::QueryPipelineBuilder>>, AllocatorWithMemoryTracking<std::unique_ptr<DB::QueryPipelineBuilder, std::default_delete<DB::QueryPipelineBuilder>>>>, DB::BuildQueryPipelineSettings const&) @ 0x0000000019d44500
9. src/Processors/QueryPlan/QueryPlan.cpp:260:47: DB::QueryPlan::buildQueryPipeline(DB::QueryPlanOptimizationSettings const&, DB::BuildQueryPipelineSettings const&, bool) @ 0x0000000019da12c8
10. src/Interpreters/InterpreterSelectQueryAnalyzer.cpp:416:34: DB::InterpreterSelectQueryAnalyzer::buildQueryPipeline() @ 0x0000000013d9e0e0
11. src/Interpreters/InterpreterSelectQueryAnalyzer.cpp:374:29: DB::InterpreterSelectQueryAnalyzer::execute() @ 0x0000000013d9dd90
12. src/Interpreters/executeQuery.cpp:1954:40: DB::executeQueryImpl(char const*, char const*, std::shared_ptr<DB::Context>, DB::QueryFlags, DB::QueryProcessingStage::Enum, std::unique_ptr<DB::ReadBuffer, std::default_delete<DB::ReadBuffer>>&, boost::intrusive_ptr<DB::IAST>&, std::shared_ptr<DB::ImplicitTransactionControlExecutor>, std::function<void ()>, DB::QueryResultDetails&) @ 0x0000000014165df4
13. src/Interpreters/executeQuery.cpp:2438:11: DB::executeQuery(std::basic_string_view<char, std::char_traits<char>>, std::shared_ptr<DB::Context>, DB::QueryFlags, DB::QueryProcessingStage::Enum) @ 0x0000000014161810
14. src/Server/TCPHandler.cpp:899:68: DB::TCPHandler::runImpl() @ 0x00000000196c8980
15. src/Server/TCPHandler.cpp:3354:9: DB::TCPHandler::run() @ 0x00000000196e6744
16. base/poco/Net/src/TCPServerConnection.cpp:40:3: Poco::Net::TCPServerConnection::start() @ 0x000000001e24b798
17. base/poco/Net/src/TCPServerDispatcher.cpp:115:42: Poco::Net::TCPServerDispatcher::run() @ 0x000000001e24bd58
18. base/poco/Foundation/src/ThreadPool.cpp:207:14: Poco::PooledThread::run() @ 0x000000001e20c498
19. base/poco/Foundation/src/Thread_POSIX.cpp:341:27: Poco::ThreadImpl::runnableEntry(void*) @ 0x000000001e20a7b4
20. ? @ 0x000000000008c248
21. ? @ 0x00000000000f6adc

2026.08.02 16:01:52.234051 [ 1080095 ] {95f9e735-5a41-41f7-b6f5-e303e82ba511} <Error> executeQuery: Code: 49. DB::Exception: Expected to have only one join clause, got 2: [Left keys: [__table2.k1] Right keys [__table1.k1] Condition columns: '', '' | Left keys: [__table2.k2] Right keys [__table1.k2] Condition columns: '', ''], query: ' INNER JOIN ...'. (LOGICAL_ERROR) (version 26.8.1.1) (from 127.0.0.1:57856) (query 1, line 1) (in query: SELECT l.k1,l.k2,l.v,r.k1,r.k2,r.w FROM av2.orl AS l FULL JOIN av2.orr AS r ON l.k1=r.k1 OR l.k2=r.k2 ORDER BY r.k1,r.k2,r.w,l.k1,l.k2,l.v SETTINGS join_algorithm='unified_hash'), Stack trace (when copying this message, always include the lines below):

0. base/poco/Foundation/src/Exception.cpp:32:1: Poco::Exception::Exception(String&&, int) @ 0x000000001e1d1bb8
1. src/Common/Exception.cpp:158:7: DB::Exception::Exception(DB::Exception::MessageMasked&&, int, bool) @ 0x000000000eb8908c
2. src/Common/Exception.h:201:100: DB::Exception::Exception(String&&, int, String, bool) @ 0x0000000009979258
3. src/Common/Exception.h:57:54: DB::Exception::Exception(PreformattedMessage&&, int) @ 0x0000000009978c8c
4. src/Common/Exception.h:219:77: DB::Exception::Exception<unsigned long, fmt::v12::join_view<std::__wrap_iter<String*>, std::__wrap_iter<String*>, char>, String>(int, FormatStringHelperImpl<std::type_identity<unsigned long>::type, std::type_identity<fmt::v12::join_view<std::__wrap_iter<String*>, std::__wrap_iter<String*>, char>>::type, std::type_identity<String>::type>, unsigned long&&, fmt::v12::join_view<std::__wrap_iter<String*>, std::__wrap_iter<String*>, char>&&, String&&) @ 0x0000000014097ee0
5. src/Interpreters/TableJoin.cpp:1216:15: DB::TableJoin::assertHasOneOnExpr() const @ 0x0000000014097cf8
6. src/Interpreters/TableJoin.h:363:38: DB::Unified::HashJoin::supportParallelNonJoinedBlocksProcessing() const @ 0x00000000165d9af4
7. src/QueryPipeline/QueryPipelineBuilder.cpp:578:42: DB::QueryPipelineBuilder::joinPipelinesRightLeft(std::unique_ptr<DB::QueryPipelineBuilder, std::default_delete<DB::QueryPipelineBuilder>>, std::unique_ptr<DB::QueryPipelineBuilder, std::default_delete<DB::QueryPipelineBuilder>>, std::shared_ptr<DB::IJoin>, std::shared_ptr<DB::Block const>&, unsigned long, unsigned long, unsigned long, unsigned long, DB::IQueryPlanStep*, bool, std::list<std::shared_ptr<DB::IProcessor>, std::allocator<std::shared_ptr<DB::IProcessor>>>*) @ 0x0000000012cf9f04
8. src/Processors/QueryPlan/JoinStep.cpp:160:31: DB::JoinStep::updatePipeline(std::vector<std::unique_ptr<DB::QueryPipelineBuilder, std::default_delete<DB::QueryPipelineBuilder>>, AllocatorWithMemoryTracking<std::unique_ptr<DB::QueryPipelineBuilder, std::default_delete<DB::QueryPipelineBuilder>>>>, DB::BuildQueryPipelineSettings const&) @ 0x0000000019d44500
9. src/Processors/QueryPlan/QueryPlan.cpp:260:47: DB::QueryPlan::buildQueryPipeline(DB::QueryPlanOptimizationSettings const&, DB::BuildQueryPipelineSettings const&, bool) @ 0x0000000019da12c8
10. src/Interpreters/InterpreterSelectQueryAnalyzer.cpp:416:34: DB::InterpreterSelectQueryAnalyzer::buildQueryPipeline() @ 0x0000000013d9e0e0
11. src/Interpreters/InterpreterSelectQueryAnalyzer.cpp:374:29: DB::InterpreterSelectQueryAnalyzer::execute() @ 0x0000000013d9dd90
12. src/Interpreters/executeQuery.cpp:1954:40: DB::executeQueryImpl(char const*, char const*, std::shared_ptr<DB::Context>, DB::QueryFlags, DB::QueryProcessingStage::Enum, std::unique_ptr<DB::ReadBuffer, std::default_delete<DB::ReadBuffer>>&, boost::intrusive_ptr<DB::IAST>&, std::shared_ptr<DB::ImplicitTransactionControlExecutor>, std::function<void ()>, DB::QueryResultDetails&) @ 0x0000000014165df4
13. src/Interpreters/executeQuery.cpp:2438:11: DB::executeQuery(std::basic_string_view<char, std::char_traits<char>>, std::shared_ptr<DB::Context>, DB::QueryFlags, DB::QueryProcessingStage::Enum) @ 0x0000000014161810
14. src/Server/TCPHandler.cpp:899:68: DB::TCPHandler::runImpl() @ 0x00000000196c8980
15. src/Server/TCPHandler.cpp:3354:9: DB::TCPHandler::run() @ 0x00000000196e6744
16. base/poco/Net/src/TCPServerConnection.cpp:40:3: Poco::Net::TCPServerConnection::start() @ 0x000000001e24b798
17. base/poco/Net/src/TCPServerDispatcher.cpp:115:42: Poco::Net::TCPServerDispatcher::run() @ 0x000000001e24bd58
18. base/poco/Foundation/src/ThreadPool.cpp:207:14: Poco::PooledThread::run() @ 0x000000001e20c498
19. base/poco/Foundation/src/Thread_POSIX.cpp:341:27: Poco::ThreadImpl::runnableEntry(void*) @ 0x000000001e20a7b4
20. ? @ 0x000000000008c248
21. ? @ 0x00000000000f6adc

2026.08.02 16:01:52.234131 [ 1080095 ] {95f9e735-5a41-41f7-b6f5-e303e82ba511} <Error> ForcedCriticalErrorsLogger: Code: 49. DB::Exception: Expected to have only one join clause, got 2: [Left keys: [__table2.k1] Right keys [__table1.k1] Condition columns: '', '' | Left keys: [__table2.k2] Right keys [__table1.k2] Condition columns: '', ''], query: ' INNER JOIN ...'. (LOGICAL_ERROR), Stack trace (when copying this message, always include the lines below):

0. base/poco/Foundation/src/Exception.cpp:32:1: Poco::Exception::Exception(String&&, int) @ 0x000000001e1d1bb8
1. src/Common/Exception.cpp:158:7: DB::Exception::Exception(DB::Exception::MessageMasked&&, int, bool) @ 0x000000000eb8908c
2. src/Common/Exception.h:201:100: DB::Exception::Exception(String&&, int, String, bool) @ 0x0000000009979258
3. src/Common/Exception.h:57:54: DB::Exception::Exception(PreformattedMessage&&, int) @ 0x0000000009978c8c
4. src/Common/Exception.h:219:77: DB::Exception::Exception<unsigned long, fmt::v12::join_view<std::__wrap_iter<String*>, std::__wrap_iter<String*>, char>, String>(int, FormatStringHelperImpl<std::type_identity<unsigned long>::type, std::type_identity<fmt::v12::join_view<std::__wrap_iter<String*>, std::__wrap_iter<String*>, char>>::type, std::type_identity<String>::type>, unsigned long&&, fmt::v12::join_view<std::__wrap_iter<String*>, std::__wrap_iter<String*>, char>&&, String&&) @ 0x0000000014097ee0
5. src/Interpreters/TableJoin.cpp:1216:15: DB::TableJoin::assertHasOneOnExpr() const @ 0x0000000014097cf8
6. src/Interpreters/TableJoin.h:363:38: DB::Unified::HashJoin::supportParallelNonJoinedBlocksProcessing() const @ 0x00000000165d9af4
7. src/QueryPipeline/QueryPipelineBuilder.cpp:578:42: DB::QueryPipelineBuilder::joinPipelinesRightLeft(std::unique_ptr<DB::QueryPipelineBuilder, std::default_delete<DB::QueryPipelineBuilder>>, std::unique_ptr<DB::QueryPipelineBuilder, std::default_delete<DB::QueryPipelineBuilder>>, std::shared_ptr<DB::IJoin>, std::shared_ptr<DB::Block const>&, unsigned long, unsigned long, unsigned long, unsigned long, DB::IQueryPlanStep*, bool, std::list<std::shared_ptr<DB::IProcessor>, std::allocator<std::shared_ptr<DB::IProcessor>>>*) @ 0x0000000012cf9f04
8. src/Processors/QueryPlan/JoinStep.cpp:160:31: DB::JoinStep::updatePipeline(std::vector<std::unique_ptr<DB::QueryPipelineBuilder, std::default_delete<DB::QueryPipelineBuilder>>, AllocatorWithMemoryTracking<std::unique_ptr<DB::QueryPipelineBuilder, std::default_delete<DB::QueryPipelineBuilder>>>>, DB::BuildQueryPipelineSettings const&) @ 0x0000000019d44500
9. src/Processors/QueryPlan/QueryPlan.cpp:260:47: DB::QueryPlan::buildQueryPipeline(DB::QueryPlanOptimizationSettings const&, DB::BuildQueryPipelineSettings const&, bool) @ 0x0000000019da12c8
10. src/Interpreters/InterpreterSelectQueryAnalyzer.cpp:416:34: DB::InterpreterSelectQueryAnalyzer::buildQueryPipeline() @ 0x0000000013d9e0e0
11. src/Interpreters/InterpreterSelectQueryAnalyzer.cpp:374:29: DB::InterpreterSelectQueryAnalyzer::execute() @ 0x0000000013d9dd90
12. src/Interpreters/executeQuery.cpp:1954:40: DB::executeQueryImpl(char const*, char const*, std::shared_ptr<DB::Context>, DB::QueryFlags, DB::QueryProcessingStage::Enum, std::unique_ptr<DB::ReadBuffer, std::default_delete<DB::ReadBuffer>>&, boost::intrusive_ptr<DB::IAST>&, std::shared_ptr<DB::ImplicitTransactionControlExecutor>, std::function<void ()>, DB::QueryResultDetails&) @ 0x0000000014165df4
13. src/Interpreters/executeQuery.cpp:2438:11: DB::executeQuery(std::basic_string_view<char, std::char_traits<char>>, std::shared_ptr<DB::Context>, DB::QueryFlags, DB::QueryProcessingStage::Enum) @ 0x0000000014161810
14. src/Server/TCPHandler.cpp:899:68: DB::TCPHandler::runImpl() @ 0x00000000196c8980
15. src/Server/TCPHandler.cpp:3354:9: DB::TCPHandler::run() @ 0x00000000196e6744
16. base/poco/Net/src/TCPServerConnection.cpp:40:3: Poco::Net::TCPServerConnection::start() @ 0x000000001e24b798
17. base/poco/Net/src/TCPServerDispatcher.cpp:115:42: Poco::Net::TCPServerDispatcher::run() @ 0x000000001e24bd58
18. base/poco/Foundation/src/ThreadPool.cpp:207:14: Poco::PooledThread::run() @ 0x000000001e20c498
19. base/poco/Foundation/src/Thread_POSIX.cpp:341:27: Poco::ThreadImpl::runnableEntry(void*) @ 0x000000001e20a7b4
20. ? @ 0x000000000008c248
21. ? @ 0x00000000000f6adc

2026.08.02 16:01:52.234146 [ 1080095 ] {95f9e735-5a41-41f7-b6f5-e303e82ba511} <Error> ForcedCriticalErrorsLogger: Code: 49. DB::Exception: Expected to have only one join clause, got 2: [Left keys: [__table2.k1] Right keys [__table1.k1] Condition columns: '', '' | Left keys: [__table2.k2] Right keys [__table1.k2] Condition columns: '', ''], query: ' INNER JOIN ...'. (LOGICAL_ERROR), Stack trace (when copying this message, always include the lines below):

0. base/poco/Foundation/src/Exception.cpp:32:1: Poco::Exception::Exception(String&&, int) @ 0x000000001e1d1bb8
1. src/Common/Exception.cpp:158:7: DB::Exception::Exception(DB::Exception::MessageMasked&&, int, bool) @ 0x000000000eb8908c
2. src/Common/Exception.h:201:100: DB::Exception::Exception(String&&, int, String, bool) @ 0x0000000009979258
3. src/Common/Exception.h:57:54: DB::Exception::Exception(PreformattedMessage&&, int) @ 0x0000000009978c8c
4. src/Common/Exception.h:219:77: DB::Exception::Exception<unsigned long, fmt::v12::join_view<std::__wrap_iter<String*>, std::__wrap_iter<String*>, char>, String>(int, FormatStringHelperImpl<std::type_identity<unsigned long>::type, std::type_identity<fmt::v12::join_view<std::__wrap_iter<String*>, std::__wrap_iter<String*>, char>>::type, std::type_identity<String>::type>, unsigned long&&, fmt::v12::join_view<std::__wrap_iter<String*>, std::__wrap_iter<String*>, char>&&, String&&) @ 0x0000000014097ee0
5. src/Interpreters/TableJoin.cpp:1216:15: DB::TableJoin::assertHasOneOnExpr() const @ 0x0000000014097cf8
6. src/Interpreters/TableJoin.h:363:38: DB::Unified::HashJoin::supportParallelNonJoinedBlocksProcessing() const @ 0x00000000165d9af4
7. src/QueryPipeline/QueryPipelineBuilder.cpp:578:42: DB::QueryPipelineBuilder::joinPipelinesRightLeft(std::unique_ptr<DB::QueryPipelineBuilder, std::default_delete<DB::QueryPipelineBuilder>>, std::unique_ptr<DB::QueryPipelineBuilder, std::default_delete<DB::QueryPipelineBuilder>>, std::shared_ptr<DB::IJoin>, std::shared_ptr<DB::Block const>&, unsigned long, unsigned long, unsigned long, unsigned long, DB::IQueryPlanStep*, bool, std::list<std::shared_ptr<DB::IProcessor>, std::allocator<std::shared_ptr<DB::IProcessor>>>*) @ 0x0000000012cf9f04
8. src/Processors/QueryPlan/JoinStep.cpp:160:31: DB::JoinStep::updatePipeline(std::vector<std::unique_ptr<DB::QueryPipelineBuilder, std::default_delete<DB::QueryPipelineBuilder>>, AllocatorWithMemoryTracking<std::unique_ptr<DB::QueryPipelineBuilder, std::default_delete<DB::QueryPipelineBuilder>>>>, DB::BuildQueryPipelineSettings const&) @ 0x0000000019d44500
9. src/Processors/QueryPlan/QueryPlan.cpp:260:47: DB::QueryPlan::buildQueryPipeline(DB::QueryPlanOptimizationSettings const&, DB::BuildQueryPipelineSettings const&, bool) @ 0x0000000019da12c8
10. src/Interpreters/InterpreterSelectQueryAnalyzer.cpp:416:34: DB::InterpreterSelectQueryAnalyzer::buildQueryPipeline() @ 0x0000000013d9e0e0
11. src/Interpreters/InterpreterSelectQueryAnalyzer.cpp:374:29: DB::InterpreterSelectQueryAnalyzer::execute() @ 0x0000000013d9dd90
12. src/Interpreters/executeQuery.cpp:1954:40: DB::executeQueryImpl(char const*, char const*, std::shared_ptr<DB::Context>, DB::QueryFlags, DB::QueryProcessingStage::Enum, std::unique_ptr<DB::ReadBuffer, std::default_delete<DB::ReadBuffer>>&, boost::intrusive_ptr<DB::IAST>&, std::shared_ptr<DB::ImplicitTransactionControlExecutor>, std::function<void ()>, DB::QueryResultDetails&) @ 0x0000000014165df4
13. src/Interpreters/executeQuery.cpp:2438:11: DB::executeQuery(std::basic_string_view<char, std::char_traits<char>>, std::shared_ptr<DB::Context>, DB::QueryFlags, DB::QueryProcessingStage::Enum) @ 0x0000000014161810
14. src/Server/TCPHandler.cpp:899:68: DB::TCPHandler::runImpl() @ 0x00000000196c8980
15. src/Server/TCPHandler.cpp:3354:9: DB::TCPHandler::run() @ 0x00000000196e6744
16. base/poco/Net/src/TCPServerConnection.cpp:40:3: Poco::Net::TCPServerConnection::start() @ 0x000000001e24b798
17. base/poco/Net/src/TCPServerDispatcher.cpp:115:42: Poco::Net::TCPServerDispatcher::run() @ 0x000000001e24bd58
18. base/poco/Foundation/src/ThreadPool.cpp:207:14: Poco::PooledThread::run() @ 0x000000001e20c498
19. base/poco/Foundation/src/Thread_POSIX.cpp:341:27: Poco::ThreadImpl::runnableEntry(void*) @ 0x000000001e20a7b4
20. ? @ 0x000000000008c248
21. ? @ 0x00000000000f6adc

2026.08.02 16:01:52.234200 [ 1080095 ] {} <Error> TCPHandler: Code: 49. DB::Exception: Expected to have only one join clause, got 2: [Left keys: [__table2.k1] Right keys [__table1.k1] Condition columns: '', '' | Left keys: [__table2.k2] Right keys [__table1.k2] Condition columns: '', ''], query: ' INNER JOIN ...'. (LOGICAL_ERROR), Stack trace (when copying this message, always include the lines below):

0. base/poco/Foundation/src/Exception.cpp:32:1: Poco::Exception::Exception(String&&, int) @ 0x000000001e1d1bb8
1. src/Common/Exception.cpp:158:7: DB::Exception::Exception(DB::Exception::MessageMasked&&, int, bool) @ 0x000000000eb8908c
2. src/Common/Exception.h:201:100: DB::Exception::Exception(String&&, int, String, bool) @ 0x0000000009979258
3. src/Common/Exception.h:57:54: DB::Exception::Exception(PreformattedMessage&&, int) @ 0x0000000009978c8c
4. src/Common/Exception.h:219:77: DB::Exception::Exception<unsigned long, fmt::v12::join_view<std::__wrap_iter<String*>, std::__wrap_iter<String*>, char>, String>(int, FormatStringHelperImpl<std::type_identity<unsigned long>::type, std::type_identity<fmt::v12::join_view<std::__wrap_iter<String*>, std::__wrap_iter<String*>, char>>::type, std::type_identity<String>::type>, unsigned long&&, fmt::v12::join_view<std::__wrap_iter<String*>, std::__wrap_iter<String*>, char>&&, String&&) @ 0x0000000014097ee0
5. src/Interpreters/TableJoin.cpp:1216:15: DB::TableJoin::assertHasOneOnExpr() const @ 0x0000000014097cf8
6. src/Interpreters/TableJoin.h:363:38: DB::Unified::HashJoin::supportParallelNonJoinedBlocksProcessing() const @ 0x00000000165d9af4
7. src/QueryPipeline/QueryPipelineBuilder.cpp:578:42: DB::QueryPipelineBuilder::joinPipelinesRightLeft(std::unique_ptr<DB::QueryPipelineBuilder, std::default_delete<DB::QueryPipelineBuilder>>, std::unique_ptr<DB::QueryPipelineBuilder, std::default_delete<DB::QueryPipelineBuilder>>, std::shared_ptr<DB::IJoin>, std::shared_ptr<DB::Block const>&, unsigned long, unsigned long, unsigned long, unsigned long, DB::IQueryPlanStep*, bool, std::list<std::shared_ptr<DB::IProcessor>, std::allocator<std::shared_ptr<DB::IProcessor>>>*) @ 0x0000000012cf9f04
8. src/Processors/QueryPlan/JoinStep.cpp:160:31: DB::JoinStep::updatePipeline(std::vector<std::unique_ptr<DB::QueryPipelineBuilder, std::default_delete<DB::QueryPipelineBuilder>>, AllocatorWithMemoryTracking<std::unique_ptr<DB::QueryPipelineBuilder, std::default_delete<DB::QueryPipelineBuilder>>>>, DB::BuildQueryPipelineSettings const&) @ 0x0000000019d44500
9. src/Processors/QueryPlan/QueryPlan.cpp:260:47: DB::QueryPlan::buildQueryPipeline(DB::QueryPlanOptimizationSettings const&, DB::BuildQueryPipelineSettings const&, bool) @ 0x0000000019da12c8
10. src/Interpreters/InterpreterSelectQueryAnalyzer.cpp:416:34: DB::InterpreterSelectQueryAnalyzer::buildQueryPipeline() @ 0x0000000013d9e0e0
11. src/Interpreters/InterpreterSelectQueryAnalyzer.cpp:374:29: DB::InterpreterSelectQueryAnalyzer::execute() @ 0x0000000013d9dd90
12. src/Interpreters/executeQuery.cpp:1954:40: DB::executeQueryImpl(char const*, char const*, std::shared_ptr<DB::Context>, DB::QueryFlags, DB::QueryProcessingStage::Enum, std::unique_ptr<DB::ReadBuffer, std::default_delete<DB::ReadBuffer>>&, boost::intrusive_ptr<DB::IAST>&, std::shared_ptr<DB::ImplicitTransactionControlExecutor>, std::function<void ()>, DB::QueryResultDetails&) @ 0x0000000014165df4
13. src/Interpreters/executeQuery.cpp:2438:11: DB::executeQuery(std::basic_string_view<char, std::char_traits<char>>, std::shared_ptr<DB::Context>, DB::QueryFlags, DB::QueryProcessingStage::Enum) @ 0x0000000014161810
14. src/Server/TCPHandler.cpp:899:68: DB::TCPHandler::runImpl() @ 0x00000000196c8980
15. src/Server/TCPHandler.cpp:3354:9: DB::TCPHandler::run() @ 0x00000000196e6744
16. base/poco/Net/src/TCPServerConnection.cpp:40:3: Poco::Net::TCPServerConnection::start() @ 0x000000001e24b798
17. base/poco/Net/src/TCPServerDispatcher.cpp:115:42: Poco::Net::TCPServerDispatcher::run() @ 0x000000001e24bd58
18. base/poco/Foundation/src/ThreadPool.cpp:207:14: Poco::PooledThread::run() @ 0x000000001e20c498
19. base/poco/Foundation/src/Thread_POSIX.cpp:341:27: Poco::ThreadImpl::runnableEntry(void*) @ 0x000000001e20a7b4
20. ? @ 0x000000000008c248
21. ? @ 0x00000000000f6adc

2026.08.02 16:01:52.234207 [ 1080095 ] {} <Error> ForcedCriticalErrorsLogger: Code: 49. DB::Exception: Expected to have only one join clause, got 2: [Left keys: [__table2.k1] Right keys [__table1.k1] Condition columns: '', '' | Left keys: [__table2.k2] Right keys [__table1.k2] Condition columns: '', ''], query: ' INNER JOIN ...'. (LOGICAL_ERROR), Stack trace (when copying this message, always include the lines below):

0. base/poco/Foundation/src/Exception.cpp:32:1: Poco::Exception::Exception(String&&, int) @ 0x000000001e1d1bb8
1. src/Common/Exception.cpp:158:7: DB::Exception::Exception(DB::Exception::MessageMasked&&, int, bool) @ 0x000000000eb8908c
2. src/Common/Exception.h:201:100: DB::Exception::Exception(String&&, int, String, bool) @ 0x0000000009979258
3. src/Common/Exception.h:57:54: DB::Exception::Exception(PreformattedMessage&&, int) @ 0x0000000009978c8c
4. src/Common/Exception.h:219:77: DB::Exception::Exception<unsigned long, fmt::v12::join_view<std::__wrap_iter<String*>, std::__wrap_iter<String*>, char>, String>(int, FormatStringHelperImpl<std::type_identity<unsigned long>::type, std::type_identity<fmt::v12::join_view<std::__wrap_iter<String*>, std::__wrap_iter<String*>, char>>::type, std::type_identity<String>::type>, unsigned long&&, fmt::v12::join_view<std::__wrap_iter<String*>, std::__wrap_iter<String*>, char>&&, String&&) @ 0x0000000014097ee0
5. src/Interpreters/TableJoin.cpp:1216:15: DB::TableJoin::assertHasOneOnExpr() const @ 0x0000000014097cf8
6. src/Interpreters/TableJoin.h:363:38: DB::Unified::HashJoin::supportParallelNonJoinedBlocksProcessing() const @ 0x00000000165d9af4
7. src/QueryPipeline/QueryPipelineBuilder.cpp:578:42: DB::QueryPipelineBuilder::joinPipelinesRightLeft(std::unique_ptr<DB::QueryPipelineBuilder, std::default_delete<DB::QueryPipelineBuilder>>, std::unique_ptr<DB::QueryPipelineBuilder, std::default_delete<DB::QueryPipelineBuilder>>, std::shared_ptr<DB::IJoin>, std::shared_ptr<DB::Block const>&, unsigned long, unsigned long, unsigned long, unsigned long, DB::IQueryPlanStep*, bool, std::list<std::shared_ptr<DB::IProcessor>, std::allocator<std::shared_ptr<DB::IProcessor>>>*) @ 0x0000000012cf9f04
8. src/Processors/QueryPlan/JoinStep.cpp:160:31: DB::JoinStep::updatePipeline(std::vector<std::unique_ptr<DB::QueryPipelineBuilder, std::default_delete<DB::QueryPipelineBuilder>>, AllocatorWithMemoryTracking<std::unique_ptr<DB::QueryPipelineBuilder, std::default_delete<DB::QueryPipelineBuilder>>>>, DB::BuildQueryPipelineSettings const&) @ 0x0000000019d44500
9. src/Processors/QueryPlan/QueryPlan.cpp:260:47: DB::QueryPlan::buildQueryPipeline(DB::QueryPlanOptimizationSettings const&, DB::BuildQueryPipelineSettings const&, bool) @ 0x0000000019da12c8
10. src/Interpreters/InterpreterSelectQueryAnalyzer.cpp:416:34: DB::InterpreterSelectQueryAnalyzer::buildQueryPipeline() @ 0x0000000013d9e0e0
11. src/Interpreters/InterpreterSelectQueryAnalyzer.cpp:374:29: DB::InterpreterSelectQueryAnalyzer::execute() @ 0x0000000013d9dd90
12. src/Interpreters/executeQuery.cpp:1954:40: DB::executeQueryImpl(char const*, char const*, std::shared_ptr<DB::Context>, DB::QueryFlags, DB::QueryProcessingStage::Enum, std::unique_ptr<DB::ReadBuffer, std::default_delete<DB::ReadBuffer>>&, boost::intrusive_ptr<DB::IAST>&, std::shared_ptr<DB::ImplicitTransactionControlExecutor>, std::function<void ()>, DB::QueryResultDetails&) @ 0x0000000014165df4
13. src/Interpreters/executeQuery.cpp:2438:11: DB::executeQuery(std::basic_string_view<char, std::char_traits<char>>, std::shared_ptr<DB::Context>, DB::QueryFlags, DB::QueryProcessingStage::Enum) @ 0x0000000014161810
14. src/Server/TCPHandler.cpp:899:68: DB::TCPHandler::runImpl() @ 0x00000000196c8980
15. src/Server/TCPHandler.cpp:3354:9: DB::TCPHandler::run() @ 0x00000000196e6744
16. base/poco/Net/src/TCPServerConnection.cpp:40:3: Poco::Net::TCPServerConnection::start() @ 0x000000001e24b798
17. base/poco/Net/src/TCPServerDispatcher.cpp:115:42: Poco::Net::TCPServerDispatcher::run() @ 0x000000001e24bd58
18. base/poco/Foundation/src/ThreadPool.cpp:207:14: Poco::PooledThread::run() @ 0x000000001e20c498
19. base/poco/Foundation/src/Thread_POSIX.cpp:341:27: Poco::ThreadImpl::runnableEntry(void*) @ 0x000000001e20a7b4
20. ? @ 0x000000000008c248
21. ? @ 0x00000000000f6adc

2026.08.02 16:01:52.363231 [ 1080095 ] {412b4652-4ccb-4ade-ae0d-a22b56c294ac} <Error> executeQuery: Code: 49. DB::Exception: Expected to have only one join clause, got 2: [Left keys: [__table2.k1] Right keys [__table1.k1] Condition columns: '', '' | Left keys: [__table2.k2] Right keys [__table1.k2] Condition columns: '', ''], query: ' INNER JOIN ...'. (LOGICAL_ERROR) (version 26.8.1.1) (from 127.0.0.1:57862) (query 1, line 1) (in query: SELECT l.k1,l.k2,l.v,r.k1,r.k2,r.w FROM av2.orl AS l FULL JOIN av2.orr AS r ON l.k1=r.k1 OR l.k2=r.k2 ORDER BY r.k1,r.k2,r.w,l.k1,l.k2,l.v SETTINGS join_algorithm='unified_hash'), Stack trace (when copying this message, always include the lines below):

0. base/poco/Foundation/src/Exception.cpp:32:1: Poco::Exception::Exception(String&&, int) @ 0x000000001e1d1bb8
1. src/Common/Exception.cpp:158:7: DB::Exception::Exception(DB::Exception::MessageMasked&&, int, bool) @ 0x000000000eb8908c
2. src/Common/Exception.h:201:100: DB::Exception::Exception(String&&, int, String, bool) @ 0x0000000009979258
3. src/Common/Exception.h:57:54: DB::Exception::Exception(PreformattedMessage&&, int) @ 0x0000000009978c8c
4. src/Common/Exception.h:219:77: DB::Exception::Exception<unsigned long, fmt::v12::join_view<std::__wrap_iter<String*>, std::__wrap_iter<String*>, char>, String>(int, FormatStringHelperImpl<std::type_identity<unsigned long>::type, std::type_identity<fmt::v12::join_view<std::__wrap_iter<String*>, std::__wrap_iter<String*>, char>>::type, std::type_identity<String>::type>, unsigned long&&, fmt::v12::join_view<std::__wrap_iter<String*>, std::__wrap_iter<String*>, char>&&, String&&) @ 0x0000000014097ee0
5. src/Interpreters/TableJoin.cpp:1216:15: DB::TableJoin::assertHasOneOnExpr() const @ 0x0000000014097cf8
6. src/Interpreters/TableJoin.h:363:38: DB::Unified::HashJoin::supportParallelNonJoinedBlocksProcessing() const @ 0x00000000165d9af4
7. src/QueryPipeline/QueryPipelineBuilder.cpp:578:42: DB::QueryPipelineBuilder::joinPipelinesRightLeft(std::unique_ptr<DB::QueryPipelineBuilder, std::default_delete<DB::QueryPipelineBuilder>>, std::unique_ptr<DB::QueryPipelineBuilder, std::default_delete<DB::QueryPipelineBuilder>>, std::shared_ptr<DB::IJoin>, std::shared_ptr<DB::Block const>&, unsigned long, unsigned long, unsigned long, unsigned long, DB::IQueryPlanStep*, bool, std::list<std::shared_ptr<DB::IProcessor>, std::allocator<std::shared_ptr<DB::IProcessor>>>*) @ 0x0000000012cf9f04
8. src/Processors/QueryPlan/JoinStep.cpp:160:31: DB::JoinStep::updatePipeline(std::vector<std::unique_ptr<DB::QueryPipelineBuilder, std::default_delete<DB::QueryPipelineBuilder>>, AllocatorWithMemoryTracking<std::unique_ptr<DB::QueryPipelineBuilder, std::default_delete<DB::QueryPipelineBuilder>>>>, DB::BuildQueryPipelineSettings const&) @ 0x0000000019d44500
9. src/Processors/QueryPlan/QueryPlan.cpp:260:47: DB::QueryPlan::buildQueryPipeline(DB::QueryPlanOptimizationSettings const&, DB::BuildQueryPipelineSettings const&, bool) @ 0x0000000019da12c8
10. src/Interpreters/InterpreterSelectQueryAnalyzer.cpp:416:34: DB::InterpreterSelectQueryAnalyzer::buildQueryPipeline() @ 0x0000000013d9e0e0
11. src/Interpreters/InterpreterSelectQueryAnalyzer.cpp:374:29: DB::InterpreterSelectQueryAnalyzer::execute() @ 0x0000000013d9dd90
12. src/Interpreters/executeQuery.cpp:1954:40: DB::executeQueryImpl(char const*, char const*, std::shared_ptr<DB::Context>, DB::QueryFlags, DB::QueryProcessingStage::Enum, std::unique_ptr<DB::ReadBuffer, std::default_delete<DB::ReadBuffer>>&, boost::intrusive_ptr<DB::IAST>&, std::shared_ptr<DB::ImplicitTransactionControlExecutor>, std::function<void ()>, DB::QueryResultDetails&) @ 0x0000000014165df4
13. src/Interpreters/executeQuery.cpp:2438:11: DB::executeQuery(std::basic_string_view<char, std::char_traits<char>>, std::shared_ptr<DB::Context>, DB::QueryFlags, DB::QueryProcessingStage::Enum) @ 0x0000000014161810
14. src/Server/TCPHandler.cpp:899:68: DB::TCPHandler::runImpl() @ 0x00000000196c8980
15. src/Server/TCPHandler.cpp:3354:9: DB::TCPHandler::run() @ 0x00000000196e6744
16. base/poco/Net/src/TCPServerConnection.cpp:40:3: Poco::Net::TCPServerConnection::start() @ 0x000000001e24b798
17. base/poco/Net/src/TCPServerDispatcher.cpp:115:42: Poco::Net::TCPServerDispatcher::run() @ 0x000000001e24bd58
18. base/poco/Foundation/src/ThreadPool.cpp:207:14: Poco::PooledThread::run() @ 0x000000001e20c498
19. base/poco/Foundation/src/Thread_POSIX.cpp:341:27: Poco::ThreadImpl::runnableEntry(void*) @ 0x000000001e20a7b4
20. ? @ 0x000000000008c248
21. ? @ 0x00000000000f6adc

2026.08.02 16:01:52.363320 [ 1080095 ] {412b4652-4ccb-4ade-ae0d-a22b56c294ac} <Error> ForcedCriticalErrorsLogger: Code: 49. DB::Exception: Expected to have only one join clause, got 2: [Left keys: [__table2.k1] Right keys [__table1.k1] Condition columns: '', '' | Left keys: [__table2.k2] Right keys [__table1.k2] Condition columns: '', ''], query: ' INNER JOIN ...'. (LOGICAL_ERROR), Stack trace (when copying this message, always include the lines below):

0. base/poco/Foundation/src/Exception.cpp:32:1: Poco::Exception::Exception(String&&, int) @ 0x000000001e1d1bb8
1. src/Common/Exception.cpp:158:7: DB::Exception::Exception(DB::Exception::MessageMasked&&, int, bool) @ 0x000000000eb8908c
2. src/Common/Exception.h:201:100: DB::Exception::Exception(String&&, int, String, bool) @ 0x0000000009979258
3. src/Common/Exception.h:57:54: DB::Exception::Exception(PreformattedMessage&&, int) @ 0x0000000009978c8c
4. src/Common/Exception.h:219:77: DB::Exception::Exception<unsigned long, fmt::v12::join_view<std::__wrap_iter<String*>, std::__wrap_iter<String*>, char>, String>(int, FormatStringHelperImpl<std::type_identity<unsigned long>::type, std::type_identity<fmt::v12::join_view<std::__wrap_iter<String*>, std::__wrap_iter<String*>, char>>::type, std::type_identity<String>::type>, unsigned long&&, fmt::v12::join_view<std::__wrap_iter<String*>, std::__wrap_iter<String*>, char>&&, String&&) @ 0x0000000014097ee0
5. src/Interpreters/TableJoin.cpp:1216:15: DB::TableJoin::assertHasOneOnExpr() const @ 0x0000000014097cf8
6. src/Interpreters/TableJoin.h:363:38: DB::Unified::HashJoin::supportParallelNonJoinedBlocksProcessing() const @ 0x00000000165d9af4
7. src/QueryPipeline/QueryPipelineBuilder.cpp:578:42: DB::QueryPipelineBuilder::joinPipelinesRightLeft(std::unique_ptr<DB::QueryPipelineBuilder, std::default_delete<DB::QueryPipelineBuilder>>, std::unique_ptr<DB::QueryPipelineBuilder, std::default_delete<DB::QueryPipelineBuilder>>, std::shared_ptr<DB::IJoin>, std::shared_ptr<DB::Block const>&, unsigned long, unsigned long, unsigned long, unsigned long, DB::IQueryPlanStep*, bool, std::list<std::shared_ptr<DB::IProcessor>, std::allocator<std::shared_ptr<DB::IProcessor>>>*) @ 0x0000000012cf9f04
8. src/Processors/QueryPlan/JoinStep.cpp:160:31: DB::JoinStep::updatePipeline(std::vector<std::unique_ptr<DB::QueryPipelineBuilder, std::default_delete<DB::QueryPipelineBuilder>>, AllocatorWithMemoryTracking<std::unique_ptr<DB::QueryPipelineBuilder, std::default_delete<DB::QueryPipelineBuilder>>>>, DB::BuildQueryPipelineSettings const&) @ 0x0000000019d44500
9. src/Processors/QueryPlan/QueryPlan.cpp:260:47: DB::QueryPlan::buildQueryPipeline(DB::QueryPlanOptimizationSettings const&, DB::BuildQueryPipelineSettings const&, bool) @ 0x0000000019da12c8
10. src/Interpreters/InterpreterSelectQueryAnalyzer.cpp:416:34: DB::InterpreterSelectQueryAnalyzer::buildQueryPipeline() @ 0x0000000013d9e0e0
11. src/Interpreters/InterpreterSelectQueryAnalyzer.cpp:374:29: DB::InterpreterSelectQueryAnalyzer::execute() @ 0x0000000013d9dd90
12. src/Interpreters/executeQuery.cpp:1954:40: DB::executeQueryImpl(char const*, char const*, std::shared_ptr<DB::Context>, DB::QueryFlags, DB::QueryProcessingStage::Enum, std::unique_ptr<DB::ReadBuffer, std::default_delete<DB::ReadBuffer>>&, boost::intrusive_ptr<DB::IAST>&, std::shared_ptr<DB::ImplicitTransactionControlExecutor>, std::function<void ()>, DB::QueryResultDetails&) @ 0x0000000014165df4
13. src/Interpreters/executeQuery.cpp:2438:11: DB::executeQuery(std::basic_string_view<char, std::char_traits<char>>, std::shared_ptr<DB::Context>, DB::QueryFlags, DB::QueryProcessingStage::Enum) @ 0x0000000014161810
14. src/Server/TCPHandler.cpp:899:68: DB::TCPHandler::runImpl() @ 0x00000000196c8980
15. src/Server/TCPHandler.cpp:3354:9: DB::TCPHandler::run() @ 0x00000000196e6744
16. base/poco/Net/src/TCPServerConnection.cpp:40:3: Poco::Net::TCPServerConnection::start() @ 0x000000001e24b798
17. base/poco/Net/src/TCPServerDispatcher.cpp:115:42: Poco::Net::TCPServerDispatcher::run() @ 0x000000001e24bd58
18. base/poco/Foundation/src/ThreadPool.cpp:207:14: Poco::PooledThread::run() @ 0x000000001e20c498
19. base/poco/Foundation/src/Thread_POSIX.cpp:341:27: Poco::ThreadImpl::runnableEntry(void*) @ 0x000000001e20a7b4
20. ? @ 0x000000000008c248
21. ? @ 0x00000000000f6adc

2026.08.02 16:01:52.363336 [ 1080095 ] {412b4652-4ccb-4ade-ae0d-a22b56c294ac} <Error> ForcedCriticalErrorsLogger: Code: 49. DB::Exception: Expected to have only one join clause, got 2: [Left keys: [__table2.k1] Right keys [__table1.k1] Condition columns: '', '' | Left keys: [__table2.k2] Right keys [__table1.k2] Condition columns: '', ''], query: ' INNER JOIN ...'. (LOGICAL_ERROR), Stack trace (when copying this message, always include the lines below):

0. base/poco/Foundation/src/Exception.cpp:32:1: Poco::Exception::Exception(String&&, int) @ 0x000000001e1d1bb8
1. src/Common/Exception.cpp:158:7: DB::Exception::Exception(DB::Exception::MessageMasked&&, int, bool) @ 0x000000000eb8908c
2. src/Common/Exception.h:201:100: DB::Exception::Exception(String&&, int, String, bool) @ 0x0000000009979258
3. src/Common/Exception.h:57:54: DB::Exception::Exception(PreformattedMessage&&, int) @ 0x0000000009978c8c
4. src/Common/Exception.h:219:77: DB::Exception::Exception<unsigned long, fmt::v12::join_view<std::__wrap_iter<String*>, std::__wrap_iter<String*>, char>, String>(int, FormatStringHelperImpl<std::type_identity<unsigned long>::type, std::type_identity<fmt::v12::join_view<std::__wrap_iter<String*>, std::__wrap_iter<String*>, char>>::type, std::type_identity<String>::type>, unsigned long&&, fmt::v12::join_view<std::__wrap_iter<String*>, std::__wrap_iter<String*>, char>&&, String&&) @ 0x0000000014097ee0
5. src/Interpreters/TableJoin.cpp:1216:15: DB::TableJoin::assertHasOneOnExpr() const @ 0x0000000014097cf8
6. src/Interpreters/TableJoin.h:363:38: DB::Unified::HashJoin::supportParallelNonJoinedBlocksProcessing() const @ 0x00000000165d9af4
7. src/QueryPipeline/QueryPipelineBuilder.cpp:578:42: DB::QueryPipelineBuilder::joinPipelinesRightLeft(std::unique_ptr<DB::QueryPipelineBuilder, std::default_delete<DB::QueryPipelineBuilder>>, std::unique_ptr<DB::QueryPipelineBuilder, std::default_delete<DB::QueryPipelineBuilder>>, std::shared_ptr<DB::IJoin>, std::shared_ptr<DB::Block const>&, unsigned long, unsigned long, unsigned long, unsigned long, DB::IQueryPlanStep*, bool, std::list<std::shared_ptr<DB::IProcessor>, std::allocator<std::shared_ptr<DB::IProcessor>>>*) @ 0x0000000012cf9f04
8. src/Processors/QueryPlan/JoinStep.cpp:160:31: DB::JoinStep::updatePipeline(std::vector<std::unique_ptr<DB::QueryPipelineBuilder, std::default_delete<DB::QueryPipelineBuilder>>, AllocatorWithMemoryTracking<std::unique_ptr<DB::QueryPipelineBuilder, std::default_delete<DB::QueryPipelineBuilder>>>>, DB::BuildQueryPipelineSettings const&) @ 0x0000000019d44500
9. src/Processors/QueryPlan/QueryPlan.cpp:260:47: DB::QueryPlan::buildQueryPipeline(DB::QueryPlanOptimizationSettings const&, DB::BuildQueryPipelineSettings const&, bool) @ 0x0000000019da12c8
10. src/Interpreters/InterpreterSelectQueryAnalyzer.cpp:416:34: DB::InterpreterSelectQueryAnalyzer::buildQueryPipeline() @ 0x0000000013d9e0e0
11. src/Interpreters/InterpreterSelectQueryAnalyzer.cpp:374:29: DB::InterpreterSelectQueryAnalyzer::execute() @ 0x0000000013d9dd90
12. src/Interpreters/executeQuery.cpp:1954:40: DB::executeQueryImpl(char const*, char const*, std::shared_ptr<DB::Context>, DB::QueryFlags, DB::QueryProcessingStage::Enum, std::unique_ptr<DB::ReadBuffer, std::default_delete<DB::ReadBuffer>>&, boost::intrusive_ptr<DB::IAST>&, std::shared_ptr<DB::ImplicitTransactionControlExecutor>, std::function<void ()>, DB::QueryResultDetails&) @ 0x0000000014165df4
13. src/Interpreters/executeQuery.cpp:2438:11: DB::executeQuery(std::basic_string_view<char, std::char_traits<char>>, std::shared_ptr<DB::Context>, DB::QueryFlags, DB::QueryProcessingStage::Enum) @ 0x0000000014161810
14. src/Server/TCPHandler.cpp:899:68: DB::TCPHandler::runImpl() @ 0x00000000196c8980
15. src/Server/TCPHandler.cpp:3354:9: DB::TCPHandler::run() @ 0x00000000196e6744
16. base/poco/Net/src/TCPServerConnection.cpp:40:3: Poco::Net::TCPServerConnection::start() @ 0x000000001e24b798
17. base/poco/Net/src/TCPServerDispatcher.cpp:115:42: Poco::Net::TCPServerDispatcher::run() @ 0x000000001e24bd58
18. base/poco/Foundation/src/ThreadPool.cpp:207:14: Poco::PooledThread::run() @ 0x000000001e20c498
19. base/poco/Foundation/src/Thread_POSIX.cpp:341:27: Poco::ThreadImpl::runnableEntry(void*) @ 0x000000001e20a7b4
20. ? @ 0x000000000008c248
21. ? @ 0x00000000000f6adc

2026.08.02 16:01:52.363394 [ 1080095 ] {} <Error> TCPHandler: Code: 49. DB::Exception: Expected to have only one join clause, got 2: [Left keys: [__table2.k1] Right keys [__table1.k1] Condition columns: '', '' | Left keys: [__table2.k2] Right keys [__table1.k2] Condition columns: '', ''], query: ' INNER JOIN ...'. (LOGICAL_ERROR), Stack trace (when copying this message, always include the lines below):

0. base/poco/Foundation/src/Exception.cpp:32:1: Poco::Exception::Exception(String&&, int) @ 0x000000001e1d1bb8
1. src/Common/Exception.cpp:158:7: DB::Exception::Exception(DB::Exception::MessageMasked&&, int, bool) @ 0x000000000eb8908c
2. src/Common/Exception.h:201:100: DB::Exception::Exception(String&&, int, String, bool) @ 0x0000000009979258
3. src/Common/Exception.h:57:54: DB::Exception::Exception(PreformattedMessage&&, int) @ 0x0000000009978c8c
4. src/Common/Exception.h:219:77: DB::Exception::Exception<unsigned long, fmt::v12::join_view<std::__wrap_iter<String*>, std::__wrap_iter<String*>, char>, String>(int, FormatStringHelperImpl<std::type_identity<unsigned long>::type, std::type_identity<fmt::v12::join_view<std::__wrap_iter<String*>, std::__wrap_iter<String*>, char>>::type, std::type_identity<String>::type>, unsigned long&&, fmt::v12::join_view<std::__wrap_iter<String*>, std::__wrap_iter<String*>, char>&&, String&&) @ 0x0000000014097ee0
5. src/Interpreters/TableJoin.cpp:1216:15: DB::TableJoin::assertHasOneOnExpr() const @ 0x0000000014097cf8
6. src/Interpreters/TableJoin.h:363:38: DB::Unified::HashJoin::supportParallelNonJoinedBlocksProcessing() const @ 0x00000000165d9af4
7. src/QueryPipeline/QueryPipelineBuilder.cpp:578:42: DB::QueryPipelineBuilder::joinPipelinesRightLeft(std::unique_ptr<DB::QueryPipelineBuilder, std::default_delete<DB::QueryPipelineBuilder>>, std::unique_ptr<DB::QueryPipelineBuilder, std::default_delete<DB::QueryPipelineBuilder>>, std::shared_ptr<DB::IJoin>, std::shared_ptr<DB::Block const>&, unsigned long, unsigned long, unsigned long, unsigned long, DB::IQueryPlanStep*, bool, std::list<std::shared_ptr<DB::IProcessor>, std::allocator<std::shared_ptr<DB::IProcessor>>>*) @ 0x0000000012cf9f04
8. src/Processors/QueryPlan/JoinStep.cpp:160:31: DB::JoinStep::updatePipeline(std::vector<std::unique_ptr<DB::QueryPipelineBuilder, std::default_delete<DB::QueryPipelineBuilder>>, AllocatorWithMemoryTracking<std::unique_ptr<DB::QueryPipelineBuilder, std::default_delete<DB::QueryPipelineBuilder>>>>, DB::BuildQueryPipelineSettings const&) @ 0x0000000019d44500
9. src/Processors/QueryPlan/QueryPlan.cpp:260:47: DB::QueryPlan::buildQueryPipeline(DB::QueryPlanOptimizationSettings const&, DB::BuildQueryPipelineSettings const&, bool) @ 0x0000000019da12c8
10. src/Interpreters/InterpreterSelectQueryAnalyzer.cpp:416:34: DB::InterpreterSelectQueryAnalyzer::buildQueryPipeline() @ 0x0000000013d9e0e0
11. src/Interpreters/InterpreterSelectQueryAnalyzer.cpp:374:29: DB::InterpreterSelectQueryAnalyzer::execute() @ 0x0000000013d9dd90
12. src/Interpreters/executeQuery.cpp:1954:40: DB::executeQueryImpl(char const*, char const*, std::shared_ptr<DB::Context>, DB::QueryFlags, DB::QueryProcessingStage::Enum, std::unique_ptr<DB::ReadBuffer, std::default_delete<DB::ReadBuffer>>&, boost::intrusive_ptr<DB::IAST>&, std::shared_ptr<DB::ImplicitTransactionControlExecutor>, std::function<void ()>, DB::QueryResultDetails&) @ 0x0000000014165df4
13. src/Interpreters/executeQuery.cpp:2438:11: DB::executeQuery(std::basic_string_view<char, std::char_traits<char>>, std::shared_ptr<DB::Context>, DB::QueryFlags, DB::QueryProcessingStage::Enum) @ 0x0000000014161810
14. src/Server/TCPHandler.cpp:899:68: DB::TCPHandler::runImpl() @ 0x00000000196c8980
15. src/Server/TCPHandler.cpp:3354:9: DB::TCPHandler::run() @ 0x00000000196e6744
16. base/poco/Net/src/TCPServerConnection.cpp:40:3: Poco::Net::TCPServerConnection::start() @ 0x000000001e24b798
17. base/poco/Net/src/TCPServerDispatcher.cpp:115:42: Poco::Net::TCPServerDispatcher::run() @ 0x000000001e24bd58
18. base/poco/Foundation/src/ThreadPool.cpp:207:14: Poco::PooledThread::run() @ 0x000000001e20c498
19. base/poco/Foundation/src/Thread_POSIX.cpp:341:27: Poco::ThreadImpl::runnableEntry(void*) @ 0x000000001e20a7b4
20. ? @ 0x000000000008c248
21. ? @ 0x00000000000f6adc

2026.08.02 16:01:52.363400 [ 1080095 ] {} <Error> ForcedCriticalErrorsLogger: Code: 49. DB::Exception: Expected to have only one join clause, got 2: [Left keys: [__table2.k1] Right keys [__table1.k1] Condition columns: '', '' | Left keys: [__table2.k2] Right keys [__table1.k2] Condition columns: '', ''], query: ' INNER JOIN ...'. (LOGICAL_ERROR), Stack trace (when copying this message, always include the lines below):

0. base/poco/Foundation/src/Exception.cpp:32:1: Poco::Exception::Exception(String&&, int) @ 0x000000001e1d1bb8
1. src/Common/Exception.cpp:158:7: DB::Exception::Exception(DB::Exception::MessageMasked&&, int, bool) @ 0x000000000eb8908c
2. src/Common/Exception.h:201:100: DB::Exception::Exception(String&&, int, String, bool) @ 0x0000000009979258
3. src/Common/Exception.h:57:54: DB::Exception::Exception(PreformattedMessage&&, int) @ 0x0000000009978c8c
4. src/Common/Exception.h:219:77: DB::Exception::Exception<unsigned long, fmt::v12::join_view<std::__wrap_iter<String*>, std::__wrap_iter<String*>, char>, String>(int, FormatStringHelperImpl<std::type_identity<unsigned long>::type, std::type_identity<fmt::v12::join_view<std::__wrap_iter<String*>, std::__wrap_iter<String*>, char>>::type, std::type_identity<String>::type>, unsigned long&&, fmt::v12::join_view<std::__wrap_iter<String*>, std::__wrap_iter<String*>, char>&&, String&&) @ 0x0000000014097ee0
5. src/Interpreters/TableJoin.cpp:1216:15: DB::TableJoin::assertHasOneOnExpr() const @ 0x0000000014097cf8
6. src/Interpreters/TableJoin.h:363:38: DB::Unified::HashJoin::supportParallelNonJoinedBlocksProcessing() const @ 0x00000000165d9af4
7. src/QueryPipeline/QueryPipelineBuilder.cpp:578:42: DB::QueryPipelineBuilder::joinPipelinesRightLeft(std::unique_ptr<DB::QueryPipelineBuilder, std::default_delete<DB::QueryPipelineBuilder>>, std::unique_ptr<DB::QueryPipelineBuilder, std::default_delete<DB::QueryPipelineBuilder>>, std::shared_ptr<DB::IJoin>, std::shared_ptr<DB::Block const>&, unsigned long, unsigned long, unsigned long, unsigned long, DB::IQueryPlanStep*, bool, std::list<std::shared_ptr<DB::IProcessor>, std::allocator<std::shared_ptr<DB::IProcessor>>>*) @ 0x0000000012cf9f04
8. src/Processors/QueryPlan/JoinStep.cpp:160:31: DB::JoinStep::updatePipeline(std::vector<std::unique_ptr<DB::QueryPipelineBuilder, std::default_delete<DB::QueryPipelineBuilder>>, AllocatorWithMemoryTracking<std::unique_ptr<DB::QueryPipelineBuilder, std::default_delete<DB::QueryPipelineBuilder>>>>, DB::BuildQueryPipelineSettings const&) @ 0x0000000019d44500
9. src/Processors/QueryPlan/QueryPlan.cpp:260:47: DB::QueryPlan::buildQueryPipeline(DB::QueryPlanOptimizationSettings const&, DB::BuildQueryPipelineSettings const&, bool) @ 0x0000000019da12c8
10. src/Interpreters/InterpreterSelectQueryAnalyzer.cpp:416:34: DB::InterpreterSelectQueryAnalyzer::buildQueryPipeline() @ 0x0000000013d9e0e0
11. src/Interpreters/InterpreterSelectQueryAnalyzer.cpp:374:29: DB::InterpreterSelectQueryAnalyzer::execute() @ 0x0000000013d9dd90
12. src/Interpreters/executeQuery.cpp:1954:40: DB::executeQueryImpl(char const*, char const*, std::shared_ptr<DB::Context>, DB::QueryFlags, DB::QueryProcessingStage::Enum, std::unique_ptr<DB::ReadBuffer, std::default_delete<DB::ReadBuffer>>&, boost::intrusive_ptr<DB::IAST>&, std::shared_ptr<DB::ImplicitTransactionControlExecutor>, std::function<void ()>, DB::QueryResultDetails&) @ 0x0000000014165df4
13. src/Interpreters/executeQuery.cpp:2438:11: DB::executeQuery(std::basic_string_view<char, std::char_traits<char>>, std::shared_ptr<DB::Context>, DB::QueryFlags, DB::QueryProcessingStage::Enum) @ 0x0000000014161810
14. src/Server/TCPHandler.cpp:899:68: DB::TCPHandler::runImpl() @ 0x00000000196c8980
15. src/Server/TCPHandler.cpp:3354:9: DB::TCPHandler::run() @ 0x00000000196e6744
16. base/poco/Net/src/TCPServerConnection.cpp:40:3: Poco::Net::TCPServerConnection::start() @ 0x000000001e24b798
17. base/poco/Net/src/TCPServerDispatcher.cpp:115:42: Poco::Net::TCPServerDispatcher::run() @ 0x000000001e24bd58
18. base/poco/Foundation/src/ThreadPool.cpp:207:14: Poco::PooledThread::run() @ 0x000000001e20c498
19. base/poco/Foundation/src/Thread_POSIX.cpp:341:27: Poco::ThreadImpl::runnableEntry(void*) @ 0x000000001e20a7b4
20. ? @ 0x000000000008c248
21. ? @ 0x00000000000f6adc

2026.08.02 16:01:52.491354 [ 1080095 ] {87051fb4-f9bd-4382-bd24-479ea7d34808} <Error> executeQuery: Code: 49. DB::Exception: Expected to have only one join clause, got 2: [Left keys: [__table2.k1] Right keys [__table1.k1] Condition columns: '', '' | Left keys: [__table2.k2] Right keys [__table1.k2] Condition columns: '', ''], query: ' INNER JOIN ...'. (LOGICAL_ERROR) (version 26.8.1.1) (from 127.0.0.1:57872) (query 1, line 1) (in query: SELECT l.k1,l.k2,l.v,r.k1,r.k2,r.w FROM av2.orl AS l FULL JOIN av2.orr AS r ON l.k1=r.k1 OR l.k2=r.k2 ORDER BY r.k1,r.k2,r.w,l.k1,l.k2,l.v SETTINGS join_algorithm='unified_hash'), Stack trace (when copying this message, always include the lines below):

0. base/poco/Foundation/src/Exception.cpp:32:1: Poco::Exception::Exception(String&&, int) @ 0x000000001e1d1bb8
1. src/Common/Exception.cpp:158:7: DB::Exception::Exception(DB::Exception::MessageMasked&&, int, bool) @ 0x000000000eb8908c
2. src/Common/Exception.h:201:100: DB::Exception::Exception(String&&, int, String, bool) @ 0x0000000009979258
3. src/Common/Exception.h:57:54: DB::Exception::Exception(PreformattedMessage&&, int) @ 0x0000000009978c8c
4. src/Common/Exception.h:219:77: DB::Exception::Exception<unsigned long, fmt::v12::join_view<std::__wrap_iter<String*>, std::__wrap_iter<String*>, char>, String>(int, FormatStringHelperImpl<std::type_identity<unsigned long>::type, std::type_identity<fmt::v12::join_view<std::__wrap_iter<String*>, std::__wrap_iter<String*>, char>>::type, std::type_identity<String>::type>, unsigned long&&, fmt::v12::join_view<std::__wrap_iter<String*>, std::__wrap_iter<String*>, char>&&, String&&) @ 0x0000000014097ee0
5. src/Interpreters/TableJoin.cpp:1216:15: DB::TableJoin::assertHasOneOnExpr() const @ 0x0000000014097cf8
6. src/Interpreters/TableJoin.h:363:38: DB::Unified::HashJoin::supportParallelNonJoinedBlocksProcessing() const @ 0x00000000165d9af4
7. src/QueryPipeline/QueryPipelineBuilder.cpp:578:42: DB::QueryPipelineBuilder::joinPipelinesRightLeft(std::unique_ptr<DB::QueryPipelineBuilder, std::default_delete<DB::QueryPipelineBuilder>>, std::unique_ptr<DB::QueryPipelineBuilder, std::default_delete<DB::QueryPipelineBuilder>>, std::shared_ptr<DB::IJoin>, std::shared_ptr<DB::Block const>&, unsigned long, unsigned long, unsigned long, unsigned long, DB::IQueryPlanStep*, bool, std::list<std::shared_ptr<DB::IProcessor>, std::allocator<std::shared_ptr<DB::IProcessor>>>*) @ 0x0000000012cf9f04
8. src/Processors/QueryPlan/JoinStep.cpp:160:31: DB::JoinStep::updatePipeline(std::vector<std::unique_ptr<DB::QueryPipelineBuilder, std::default_delete<DB::QueryPipelineBuilder>>, AllocatorWithMemoryTracking<std::unique_ptr<DB::QueryPipelineBuilder, std::default_delete<DB::QueryPipelineBuilder>>>>, DB::BuildQueryPipelineSettings const&) @ 0x0000000019d44500
9. src/Processors/QueryPlan/QueryPlan.cpp:260:47: DB::QueryPlan::buildQueryPipeline(DB::QueryPlanOptimizationSettings const&, DB::BuildQueryPipelineSettings const&, bool) @ 0x0000000019da12c8
10. src/Interpreters/InterpreterSelectQueryAnalyzer.cpp:416:34: DB::InterpreterSelectQueryAnalyzer::buildQueryPipeline() @ 0x0000000013d9e0e0
11. src/Interpreters/InterpreterSelectQueryAnalyzer.cpp:374:29: DB::InterpreterSelectQueryAnalyzer::execute() @ 0x0000000013d9dd90
12. src/Interpreters/executeQuery.cpp:1954:40: DB::executeQueryImpl(char const*, char const*, std::shared_ptr<DB::Context>, DB::QueryFlags, DB::QueryProcessingStage::Enum, std::unique_ptr<DB::ReadBuffer, std::default_delete<DB::ReadBuffer>>&, boost::intrusive_ptr<DB::IAST>&, std::shared_ptr<DB::ImplicitTransactionControlExecutor>, std::function<void ()>, DB::QueryResultDetails&) @ 0x0000000014165df4
13. src/Interpreters/executeQuery.cpp:2438:11: DB::executeQuery(std::basic_string_view<char, std::char_traits<char>>, std::shared_ptr<DB::Context>, DB::QueryFlags, DB::QueryProcessingStage::Enum) @ 0x0000000014161810
14. src/Server/TCPHandler.cpp:899:68: DB::TCPHandler::runImpl() @ 0x00000000196c8980
15. src/Server/TCPHandler.cpp:3354:9: DB::TCPHandler::run() @ 0x00000000196e6744
16. base/poco/Net/src/TCPServerConnection.cpp:40:3: Poco::Net::TCPServerConnection::start() @ 0x000000001e24b798
17. base/poco/Net/src/TCPServerDispatcher.cpp:115:42: Poco::Net::TCPServerDispatcher::run() @ 0x000000001e24bd58
18. base/poco/Foundation/src/ThreadPool.cpp:207:14: Poco::PooledThread::run() @ 0x000000001e20c498
19. base/poco/Foundation/src/Thread_POSIX.cpp:341:27: Poco::ThreadImpl::runnableEntry(void*) @ 0x000000001e20a7b4
20. ? @ 0x000000000008c248
21. ? @ 0x00000000000f6adc

2026.08.02 16:01:52.491439 [ 1080095 ] {87051fb4-f9bd-4382-bd24-479ea7d34808} <Error> ForcedCriticalErrorsLogger: Code: 49. DB::Exception: Expected to have only one join clause, got 2: [Left keys: [__table2.k1] Right keys [__table1.k1] Condition columns: '', '' | Left keys: [__table2.k2] Right keys [__table1.k2] Condition columns: '', ''], query: ' INNER JOIN ...'. (LOGICAL_ERROR), Stack trace (when copying this message, always include the lines below):

0. base/poco/Foundation/src/Exception.cpp:32:1: Poco::Exception::Exception(String&&, int) @ 0x000000001e1d1bb8
1. src/Common/Exception.cpp:158:7: DB::Exception::Exception(DB::Exception::MessageMasked&&, int, bool) @ 0x000000000eb8908c
2. src/Common/Exception.h:201:100: DB::Exception::Exception(String&&, int, String, bool) @ 0x0000000009979258
3. src/Common/Exception.h:57:54: DB::Exception::Exception(PreformattedMessage&&, int) @ 0x0000000009978c8c
4. src/Common/Exception.h:219:77: DB::Exception::Exception<unsigned long, fmt::v12::join_view<std::__wrap_iter<String*>, std::__wrap_iter<String*>, char>, String>(int, FormatStringHelperImpl<std::type_identity<unsigned long>::type, std::type_identity<fmt::v12::join_view<std::__wrap_iter<String*>, std::__wrap_iter<String*>, char>>::type, std::type_identity<String>::type>, unsigned long&&, fmt::v12::join_view<std::__wrap_iter<String*>, std::__wrap_iter<String*>, char>&&, String&&) @ 0x0000000014097ee0
5. src/Interpreters/TableJoin.cpp:1216:15: DB::TableJoin::assertHasOneOnExpr() const @ 0x0000000014097cf8
6. src/Interpreters/TableJoin.h:363:38: DB::Unified::HashJoin::supportParallelNonJoinedBlocksProcessing() const @ 0x00000000165d9af4
7. src/QueryPipeline/QueryPipelineBuilder.cpp:578:42: DB::QueryPipelineBuilder::joinPipelinesRightLeft(std::unique_ptr<DB::QueryPipelineBuilder, std::default_delete<DB::QueryPipelineBuilder>>, std::unique_ptr<DB::QueryPipelineBuilder, std::default_delete<DB::QueryPipelineBuilder>>, std::shared_ptr<DB::IJoin>, std::shared_ptr<DB::Block const>&, unsigned long, unsigned long, unsigned long, unsigned long, DB::IQueryPlanStep*, bool, std::list<std::shared_ptr<DB::IProcessor>, std::allocator<std::shared_ptr<DB::IProcessor>>>*) @ 0x0000000012cf9f04
8. src/Processors/QueryPlan/JoinStep.cpp:160:31: DB::JoinStep::updatePipeline(std::vector<std::unique_ptr<DB::QueryPipelineBuilder, std::default_delete<DB::QueryPipelineBuilder>>, AllocatorWithMemoryTracking<std::unique_ptr<DB::QueryPipelineBuilder, std::default_delete<DB::QueryPipelineBuilder>>>>, DB::BuildQueryPipelineSettings const&) @ 0x0000000019d44500
9. src/Processors/QueryPlan/QueryPlan.cpp:260:47: DB::QueryPlan::buildQueryPipeline(DB::QueryPlanOptimizationSettings const&, DB::BuildQueryPipelineSettings const&, bool) @ 0x0000000019da12c8
10. src/Interpreters/InterpreterSelectQueryAnalyzer.cpp:416:34: DB::InterpreterSelectQueryAnalyzer::buildQueryPipeline() @ 0x0000000013d9e0e0
11. src/Interpreters/InterpreterSelectQueryAnalyzer.cpp:374:29: DB::InterpreterSelectQueryAnalyzer::execute() @ 0x0000000013d9dd90
12. src/Interpreters/executeQuery.cpp:1954:40: DB::executeQueryImpl(char const*, char const*, std::shared_ptr<DB::Context>, DB::QueryFlags, DB::QueryProcessingStage::Enum, std::unique_ptr<DB::ReadBuffer, std::default_delete<DB::ReadBuffer>>&, boost::intrusive_ptr<DB::IAST>&, std::shared_ptr<DB::ImplicitTransactionControlExecutor>, std::function<void ()>, DB::QueryResultDetails&) @ 0x0000000014165df4
13. src/Interpreters/executeQuery.cpp:2438:11: DB::executeQuery(std::basic_string_view<char, std::char_traits<char>>, std::shared_ptr<DB::Context>, DB::QueryFlags, DB::QueryProcessingStage::Enum) @ 0x0000000014161810
14. src/Server/TCPHandler.cpp:899:68: DB::TCPHandler::runImpl() @ 0x00000000196c8980
15. src/Server/TCPHandler.cpp:3354:9: DB::TCPHandler::run() @ 0x00000000196e6744
16. base/poco/Net/src/TCPServerConnection.cpp:40:3: Poco::Net::TCPServerConnection::start() @ 0x000000001e24b798
17. base/poco/Net/src/TCPServerDispatcher.cpp:115:42: Poco::Net::TCPServerDispatcher::run() @ 0x000000001e24bd58
18. base/poco/Foundation/src/ThreadPool.cpp:207:14: Poco::PooledThread::run() @ 0x000000001e20c498
19. base/poco/Foundation/src/Thread_POSIX.cpp:341:27: Poco::ThreadImpl::runnableEntry(void*) @ 0x000000001e20a7b4
20. ? @ 0x000000000008c248
21. ? @ 0x00000000000f6adc

2026.08.02 16:01:52.491454 [ 1080095 ] {87051fb4-f9bd-4382-bd24-479ea7d34808} <Error> ForcedCriticalErrorsLogger: Code: 49. DB::Exception: Expected to have only one join clause, got 2: [Left keys: [__table2.k1] Right keys [__table1.k1] Condition columns: '', '' | Left keys: [__table2.k2] Right keys [__table1.k2] Condition columns: '', ''], query: ' INNER JOIN ...'. (LOGICAL_ERROR), Stack trace (when copying this message, always include the lines below):

0. base/poco/Foundation/src/Exception.cpp:32:1: Poco::Exception::Exception(String&&, int) @ 0x000000001e1d1bb8
1. src/Common/Exception.cpp:158:7: DB::Exception::Exception(DB::Exception::MessageMasked&&, int, bool) @ 0x000000000eb8908c
2. src/Common/Exception.h:201:100: DB::Exception::Exception(String&&, int, String, bool) @ 0x0000000009979258
3. src/Common/Exception.h:57:54: DB::Exception::Exception(PreformattedMessage&&, int) @ 0x0000000009978c8c
4. src/Common/Exception.h:219:77: DB::Exception::Exception<unsigned long, fmt::v12::join_view<std::__wrap_iter<String*>, std::__wrap_iter<String*>, char>, String>(int, FormatStringHelperImpl<std::type_identity<unsigned long>::type, std::type_identity<fmt::v12::join_view<std::__wrap_iter<String*>, std::__wrap_iter<String*>, char>>::type, std::type_identity<String>::type>, unsigned long&&, fmt::v12::join_view<std::__wrap_iter<String*>, std::__wrap_iter<String*>, char>&&, String&&) @ 0x0000000014097ee0
5. src/Interpreters/TableJoin.cpp:1216:15: DB::TableJoin::assertHasOneOnExpr() const @ 0x0000000014097cf8
6. src/Interpreters/TableJoin.h:363:38: DB::Unified::HashJoin::supportParallelNonJoinedBlocksProcessing() const @ 0x00000000165d9af4
7. src/QueryPipeline/QueryPipelineBuilder.cpp:578:42: DB::QueryPipelineBuilder::joinPipelinesRightLeft(std::unique_ptr<DB::QueryPipelineBuilder, std::default_delete<DB::QueryPipelineBuilder>>, std::unique_ptr<DB::QueryPipelineBuilder, std::default_delete<DB::QueryPipelineBuilder>>, std::shared_ptr<DB::IJoin>, std::shared_ptr<DB::Block const>&, unsigned long, unsigned long, unsigned long, unsigned long, DB::IQueryPlanStep*, bool, std::list<std::shared_ptr<DB::IProcessor>, std::allocator<std::shared_ptr<DB::IProcessor>>>*) @ 0x0000000012cf9f04
8. src/Processors/QueryPlan/JoinStep.cpp:160:31: DB::JoinStep::updatePipeline(std::vector<std::unique_ptr<DB::QueryPipelineBuilder, std::default_delete<DB::QueryPipelineBuilder>>, AllocatorWithMemoryTracking<std::unique_ptr<DB::QueryPipelineBuilder, std::default_delete<DB::QueryPipelineBuilder>>>>, DB::BuildQueryPipelineSettings const&) @ 0x0000000019d44500
9. src/Processors/QueryPlan/QueryPlan.cpp:260:47: DB::QueryPlan::buildQueryPipeline(DB::QueryPlanOptimizationSettings const&, DB::BuildQueryPipelineSettings const&, bool) @ 0x0000000019da12c8
10. src/Interpreters/InterpreterSelectQueryAnalyzer.cpp:416:34: DB::InterpreterSelectQueryAnalyzer::buildQueryPipeline() @ 0x0000000013d9e0e0
11. src/Interpreters/InterpreterSelectQueryAnalyzer.cpp:374:29: DB::InterpreterSelectQueryAnalyzer::execute() @ 0x0000000013d9dd90
12. src/Interpreters/executeQuery.cpp:1954:40: DB::executeQueryImpl(char const*, char const*, std::shared_ptr<DB::Context>, DB::QueryFlags, DB::QueryProcessingStage::Enum, std::unique_ptr<DB::ReadBuffer, std::default_delete<DB::ReadBuffer>>&, boost::intrusive_ptr<DB::IAST>&, std::shared_ptr<DB::ImplicitTransactionControlExecutor>, std::function<void ()>, DB::QueryResultDetails&) @ 0x0000000014165df4
13. src/Interpreters/executeQuery.cpp:2438:11: DB::executeQuery(std::basic_string_view<char, std::char_traits<char>>, std::shared_ptr<DB::Context>, DB::QueryFlags, DB::QueryProcessingStage::Enum) @ 0x0000000014161810
14. src/Server/TCPHandler.cpp:899:68: DB::TCPHandler::runImpl() @ 0x00000000196c8980
15. src/Server/TCPHandler.cpp:3354:9: DB::TCPHandler::run() @ 0x00000000196e6744
16. base/poco/Net/src/TCPServerConnection.cpp:40:3: Poco::Net::TCPServerConnection::start() @ 0x000000001e24b798
17. base/poco/Net/src/TCPServerDispatcher.cpp:115:42: Poco::Net::TCPServerDispatcher::run() @ 0x000000001e24bd58
18. base/poco/Foundation/src/ThreadPool.cpp:207:14: Poco::PooledThread::run() @ 0x000000001e20c498
19. base/poco/Foundation/src/Thread_POSIX.cpp:341:27: Poco::ThreadImpl::runnableEntry(void*) @ 0x000000001e20a7b4
20. ? @ 0x000000000008c248
21. ? @ 0x00000000000f6adc

2026.08.02 16:01:52.491510 [ 1080095 ] {} <Error> TCPHandler: Code: 49. DB::Exception: Expected to have only one join clause, got 2: [Left keys: [__table2.k1] Right keys [__table1.k1] Condition columns: '', '' | Left keys: [__table2.k2] Right keys [__table1.k2] Condition columns: '', ''], query: ' INNER JOIN ...'. (LOGICAL_ERROR), Stack trace (when copying this message, always include the lines below):

0. base/poco/Foundation/src/Exception.cpp:32:1: Poco::Exception::Exception(String&&, int) @ 0x000000001e1d1bb8
1. src/Common/Exception.cpp:158:7: DB::Exception::Exception(DB::Exception::MessageMasked&&, int, bool) @ 0x000000000eb8908c
2. src/Common/Exception.h:201:100: DB::Exception::Exception(String&&, int, String, bool) @ 0x0000000009979258
3. src/Common/Exception.h:57:54: DB::Exception::Exception(PreformattedMessage&&, int) @ 0x0000000009978c8c
4. src/Common/Exception.h:219:77: DB::Exception::Exception<unsigned long, fmt::v12::join_view<std::__wrap_iter<String*>, std::__wrap_iter<String*>, char>, String>(int, FormatStringHelperImpl<std::type_identity<unsigned long>::type, std::type_identity<fmt::v12::join_view<std::__wrap_iter<String*>, std::__wrap_iter<String*>, char>>::type, std::type_identity<String>::type>, unsigned long&&, fmt::v12::join_view<std::__wrap_iter<String*>, std::__wrap_iter<String*>, char>&&, String&&) @ 0x0000000014097ee0
5. src/Interpreters/TableJoin.cpp:1216:15: DB::TableJoin::assertHasOneOnExpr() const @ 0x0000000014097cf8
6. src/Interpreters/TableJoin.h:363:38: DB::Unified::HashJoin::supportParallelNonJoinedBlocksProcessing() const @ 0x00000000165d9af4
7. src/QueryPipeline/QueryPipelineBuilder.cpp:578:42: DB::QueryPipelineBuilder::joinPipelinesRightLeft(std::unique_ptr<DB::QueryPipelineBuilder, std::default_delete<DB::QueryPipelineBuilder>>, std::unique_ptr<DB::QueryPipelineBuilder, std::default_delete<DB::QueryPipelineBuilder>>, std::shared_ptr<DB::IJoin>, std::shared_ptr<DB::Block const>&, unsigned long, unsigned long, unsigned long, unsigned long, DB::IQueryPlanStep*, bool, std::list<std::shared_ptr<DB::IProcessor>, std::allocator<std::shared_ptr<DB::IProcessor>>>*) @ 0x0000000012cf9f04
8. src/Processors/QueryPlan/JoinStep.cpp:160:31: DB::JoinStep::updatePipeline(std::vector<std::unique_ptr<DB::QueryPipelineBuilder, std::default_delete<DB::QueryPipelineBuilder>>, AllocatorWithMemoryTracking<std::unique_ptr<DB::QueryPipelineBuilder, std::default_delete<DB::QueryPipelineBuilder>>>>, DB::BuildQueryPipelineSettings const&) @ 0x0000000019d44500
9. src/Processors/QueryPlan/QueryPlan.cpp:260:47: DB::QueryPlan::buildQueryPipeline(DB::QueryPlanOptimizationSettings const&, DB::BuildQueryPipelineSettings const&, bool) @ 0x0000000019da12c8
10. src/Interpreters/InterpreterSelectQueryAnalyzer.cpp:416:34: DB::InterpreterSelectQueryAnalyzer::buildQueryPipeline() @ 0x0000000013d9e0e0
11. src/Interpreters/InterpreterSelectQueryAnalyzer.cpp:374:29: DB::InterpreterSelectQueryAnalyzer::execute() @ 0x0000000013d9dd90
12. src/Interpreters/executeQuery.cpp:1954:40: DB::executeQueryImpl(char const*, char const*, std::shared_ptr<DB::Context>, DB::QueryFlags, DB::QueryProcessingStage::Enum, std::unique_ptr<DB::ReadBuffer, std::default_delete<DB::ReadBuffer>>&, boost::intrusive_ptr<DB::IAST>&, std::shared_ptr<DB::ImplicitTransactionControlExecutor>, std::function<void ()>, DB::QueryResultDetails&) @ 0x0000000014165df4
13. src/Interpreters/executeQuery.cpp:2438:11: DB::executeQuery(std::basic_string_view<char, std::char_traits<char>>, std::shared_ptr<DB::Context>, DB::QueryFlags, DB::QueryProcessingStage::Enum) @ 0x0000000014161810
14. src/Server/TCPHandler.cpp:899:68: DB::TCPHandler::runImpl() @ 0x00000000196c8980
15. src/Server/TCPHandler.cpp:3354:9: DB::TCPHandler::run() @ 0x00000000196e6744
16. base/poco/Net/src/TCPServerConnection.cpp:40:3: Poco::Net::TCPServerConnection::start() @ 0x000000001e24b798
17. base/poco/Net/src/TCPServerDispatcher.cpp:115:42: Poco::Net::TCPServerDispatcher::run() @ 0x000000001e24bd58
18. base/poco/Foundation/src/ThreadPool.cpp:207:14: Poco::PooledThread::run() @ 0x000000001e20c498
19. base/poco/Foundation/src/Thread_POSIX.cpp:341:27: Poco::ThreadImpl::runnableEntry(void*) @ 0x000000001e20a7b4
20. ? @ 0x000000000008c248
21. ? @ 0x00000000000f6adc

2026.08.02 16:01:52.491517 [ 1080095 ] {} <Error> ForcedCriticalErrorsLogger: Code: 49. DB::Exception: Expected to have only one join clause, got 2: [Left keys: [__table2.k1] Right keys [__table1.k1] Condition columns: '', '' | Left keys: [__table2.k2] Right keys [__table1.k2] Condition columns: '', ''], query: ' INNER JOIN ...'. (LOGICAL_ERROR), Stack trace (when copying this message, always include the lines below):

0. base/poco/Foundation/src/Exception.cpp:32:1: Poco::Exception::Exception(String&&, int) @ 0x000000001e1d1bb8
1. src/Common/Exception.cpp:158:7: DB::Exception::Exception(DB::Exception::MessageMasked&&, int, bool) @ 0x000000000eb8908c
2. src/Common/Exception.h:201:100: DB::Exception::Exception(String&&, int, String, bool) @ 0x0000000009979258
3. src/Common/Exception.h:57:54: DB::Exception::Exception(PreformattedMessage&&, int) @ 0x0000000009978c8c
4. src/Common/Exception.h:219:77: DB::Exception::Exception<unsigned long, fmt::v12::join_view<std::__wrap_iter<String*>, std::__wrap_iter<String*>, char>, String>(int, FormatStringHelperImpl<std::type_identity<unsigned long>::type, std::type_identity<fmt::v12::join_view<std::__wrap_iter<String*>, std::__wrap_iter<String*>, char>>::type, std::type_identity<String>::type>, unsigned long&&, fmt::v12::join_view<std::__wrap_iter<String*>, std::__wrap_iter<String*>, char>&&, String&&) @ 0x0000000014097ee0
5. src/Interpreters/TableJoin.cpp:1216:15: DB::TableJoin::assertHasOneOnExpr() const @ 0x0000000014097cf8
6. src/Interpreters/TableJoin.h:363:38: DB::Unified::HashJoin::supportParallelNonJoinedBlocksProcessing() const @ 0x00000000165d9af4
7. src/QueryPipeline/QueryPipelineBuilder.cpp:578:42: DB::QueryPipelineBuilder::joinPipelinesRightLeft(std::unique_ptr<DB::QueryPipelineBuilder, std::default_delete<DB::QueryPipelineBuilder>>, std::unique_ptr<DB::QueryPipelineBuilder, std::default_delete<DB::QueryPipelineBuilder>>, std::shared_ptr<DB::IJoin>, std::shared_ptr<DB::Block const>&, unsigned long, unsigned long, unsigned long, unsigned long, DB::IQueryPlanStep*, bool, std::list<std::shared_ptr<DB::IProcessor>, std::allocator<std::shared_ptr<DB::IProcessor>>>*) @ 0x0000000012cf9f04
8. src/Processors/QueryPlan/JoinStep.cpp:160:31: DB::JoinStep::updatePipeline(std::vector<std::unique_ptr<DB::QueryPipelineBuilder, std::default_delete<DB::QueryPipelineBuilder>>, AllocatorWithMemoryTracking<std::unique_ptr<DB::QueryPipelineBuilder, std::default_delete<DB::QueryPipelineBuilder>>>>, DB::BuildQueryPipelineSettings const&) @ 0x0000000019d44500
9. src/Processors/QueryPlan/QueryPlan.cpp:260:47: DB::QueryPlan::buildQueryPipeline(DB::QueryPlanOptimizationSettings const&, DB::BuildQueryPipelineSettings const&, bool) @ 0x0000000019da12c8
10. src/Interpreters/InterpreterSelectQueryAnalyzer.cpp:416:34: DB::InterpreterSelectQueryAnalyzer::buildQueryPipeline() @ 0x0000000013d9e0e0
11. src/Interpreters/InterpreterSelectQueryAnalyzer.cpp:374:29: DB::InterpreterSelectQueryAnalyzer::execute() @ 0x0000000013d9dd90
12. src/Interpreters/executeQuery.cpp:1954:40: DB::executeQueryImpl(char const*, char const*, std::shared_ptr<DB::Context>, DB::QueryFlags, DB::QueryProcessingStage::Enum, std::unique_ptr<DB::ReadBuffer, std::default_delete<DB::ReadBuffer>>&, boost::intrusive_ptr<DB::IAST>&, std::shared_ptr<DB::ImplicitTransactionControlExecutor>, std::function<void ()>, DB::QueryResultDetails&) @ 0x0000000014165df4
13. src/Interpreters/executeQuery.cpp:2438:11: DB::executeQuery(std::basic_string_view<char, std::char_traits<char>>, std::shared_ptr<DB::Context>, DB::QueryFlags, DB::QueryProcessingStage::Enum) @ 0x0000000014161810
14. src/Server/TCPHandler.cpp:899:68: DB::TCPHandler::runImpl() @ 0x00000000196c8980
15. src/Server/TCPHandler.cpp:3354:9: DB::TCPHandler::run() @ 0x00000000196e6744
16. base/poco/Net/src/TCPServerConnection.cpp:40:3: Poco::Net::TCPServerConnection::start() @ 0x000000001e24b798
17. base/poco/Net/src/TCPServerDispatcher.cpp:115:42: Poco::Net::TCPServerDispatcher::run() @ 0x000000001e24bd58
18. base/poco/Foundation/src/ThreadPool.cpp:207:14: Poco::PooledThread::run() @ 0x000000001e20c498
19. base/poco/Foundation/src/Thread_POSIX.cpp:341:27: Poco::ThreadImpl::runnableEntry(void*) @ 0x000000001e20a7b4
20. ? @ 0x000000000008c248
21. ? @ 0x00000000000f6adc

2026.08.02 16:01:52.620140 [ 1080095 ] {e7707a90-60b8-4806-8b39-fdbd4ee5ac02} <Error> executeQuery: Code: 49. DB::Exception: Expected to have only one join clause, got 2: [Left keys: [__table2.k1] Right keys [__table1.k1] Condition columns: '', '' | Left keys: [__table2.k2] Right keys [__table1.k2] Condition columns: '', ''], query: ' INNER JOIN ...'. (LOGICAL_ERROR) (version 26.8.1.1) (from 127.0.0.1:57874) (query 1, line 1) (in query: SELECT l.k1,l.k2,l.v,r.k1,r.k2,r.w FROM av2.orl AS l FULL JOIN av2.orr AS r ON l.k1=r.k1 OR l.k2=r.k2 ORDER BY r.k1,r.k2,r.w,l.k1,l.k2,l.v SETTINGS join_algorithm='unified_hash'), Stack trace (when copying this message, always include the lines below):

0. base/poco/Foundation/src/Exception.cpp:32:1: Poco::Exception::Exception(String&&, int) @ 0x000000001e1d1bb8
1. src/Common/Exception.cpp:158:7: DB::Exception::Exception(DB::Exception::MessageMasked&&, int, bool) @ 0x000000000eb8908c
2. src/Common/Exception.h:201:100: DB::Exception::Exception(String&&, int, String, bool) @ 0x0000000009979258
3. src/Common/Exception.h:57:54: DB::Exception::Exception(PreformattedMessage&&, int) @ 0x0000000009978c8c
4. src/Common/Exception.h:219:77: DB::Exception::Exception<unsigned long, fmt::v12::join_view<std::__wrap_iter<String*>, std::__wrap_iter<String*>, char>, String>(int, FormatStringHelperImpl<std::type_identity<unsigned long>::type, std::type_identity<fmt::v12::join_view<std::__wrap_iter<String*>, std::__wrap_iter<String*>, char>>::type, std::type_identity<String>::type>, unsigned long&&, fmt::v12::join_view<std::__wrap_iter<String*>, std::__wrap_iter<String*>, char>&&, String&&) @ 0x0000000014097ee0
5. src/Interpreters/TableJoin.cpp:1216:15: DB::TableJoin::assertHasOneOnExpr() const @ 0x0000000014097cf8
6. src/Interpreters/TableJoin.h:363:38: DB::Unified::HashJoin::supportParallelNonJoinedBlocksProcessing() const @ 0x00000000165d9af4
7. src/QueryPipeline/QueryPipelineBuilder.cpp:578:42: DB::QueryPipelineBuilder::joinPipelinesRightLeft(std::unique_ptr<DB::QueryPipelineBuilder, std::default_delete<DB::QueryPipelineBuilder>>, std::unique_ptr<DB::QueryPipelineBuilder, std::default_delete<DB::QueryPipelineBuilder>>, std::shared_ptr<DB::IJoin>, std::shared_ptr<DB::Block const>&, unsigned long, unsigned long, unsigned long, unsigned long, DB::IQueryPlanStep*, bool, std::list<std::shared_ptr<DB::IProcessor>, std::allocator<std::shared_ptr<DB::IProcessor>>>*) @ 0x0000000012cf9f04
8. src/Processors/QueryPlan/JoinStep.cpp:160:31: DB::JoinStep::updatePipeline(std::vector<std::unique_ptr<DB::QueryPipelineBuilder, std::default_delete<DB::QueryPipelineBuilder>>, AllocatorWithMemoryTracking<std::unique_ptr<DB::QueryPipelineBuilder, std::default_delete<DB::QueryPipelineBuilder>>>>, DB::BuildQueryPipelineSettings const&) @ 0x0000000019d44500
9. src/Processors/QueryPlan/QueryPlan.cpp:260:47: DB::QueryPlan::buildQueryPipeline(DB::QueryPlanOptimizationSettings const&, DB::BuildQueryPipelineSettings const&, bool) @ 0x0000000019da12c8
10. src/Interpreters/InterpreterSelectQueryAnalyzer.cpp:416:34: DB::InterpreterSelectQueryAnalyzer::buildQueryPipeline() @ 0x0000000013d9e0e0
11. src/Interpreters/InterpreterSelectQueryAnalyzer.cpp:374:29: DB::InterpreterSelectQueryAnalyzer::execute() @ 0x0000000013d9dd90
12. src/Interpreters/executeQuery.cpp:1954:40: DB::executeQueryImpl(char const*, char const*, std::shared_ptr<DB::Context>, DB::QueryFlags, DB::QueryProcessingStage::Enum, std::unique_ptr<DB::ReadBuffer, std::default_delete<DB::ReadBuffer>>&, boost::intrusive_ptr<DB::IAST>&, std::shared_ptr<DB::ImplicitTransactionControlExecutor>, std::function<void ()>, DB::QueryResultDetails&) @ 0x0000000014165df4
13. src/Interpreters/executeQuery.cpp:2438:11: DB::executeQuery(std::basic_string_view<char, std::char_traits<char>>, std::shared_ptr<DB::Context>, DB::QueryFlags, DB::QueryProcessingStage::Enum) @ 0x0000000014161810
14. src/Server/TCPHandler.cpp:899:68: DB::TCPHandler::runImpl() @ 0x00000000196c8980
15. src/Server/TCPHandler.cpp:3354:9: DB::TCPHandler::run() @ 0x00000000196e6744
16. base/poco/Net/src/TCPServerConnection.cpp:40:3: Poco::Net::TCPServerConnection::start() @ 0x000000001e24b798
17. base/poco/Net/src/TCPServerDispatcher.cpp:115:42: Poco::Net::TCPServerDispatcher::run() @ 0x000000001e24bd58
18. base/poco/Foundation/src/ThreadPool.cpp:207:14: Poco::PooledThread::run() @ 0x000000001e20c498
19. base/poco/Foundation/src/Thread_POSIX.cpp:341:27: Poco::ThreadImpl::runnableEntry(void*) @ 0x000000001e20a7b4
20. ? @ 0x000000000008c248
21. ? @ 0x00000000000f6adc

2026.08.02 16:01:52.620225 [ 1080095 ] {e7707a90-60b8-4806-8b39-fdbd4ee5ac02} <Error> ForcedCriticalErrorsLogger: Code: 49. DB::Exception: Expected to have only one join clause, got 2: [Left keys: [__table2.k1] Right keys [__table1.k1] Condition columns: '', '' | Left keys: [__table2.k2] Right keys [__table1.k2] Condition columns: '', ''], query: ' INNER JOIN ...'. (LOGICAL_ERROR), Stack trace (when copying this message, always include the lines below):

0. base/poco/Foundation/src/Exception.cpp:32:1: Poco::Exception::Exception(String&&, int) @ 0x000000001e1d1bb8
1. src/Common/Exception.cpp:158:7: DB::Exception::Exception(DB::Exception::MessageMasked&&, int, bool) @ 0x000000000eb8908c
2. src/Common/Exception.h:201:100: DB::Exception::Exception(String&&, int, String, bool) @ 0x0000000009979258
3. src/Common/Exception.h:57:54: DB::Exception::Exception(PreformattedMessage&&, int) @ 0x0000000009978c8c
4. src/Common/Exception.h:219:77: DB::Exception::Exception<unsigned long, fmt::v12::join_view<std::__wrap_iter<String*>, std::__wrap_iter<String*>, char>, String>(int, FormatStringHelperImpl<std::type_identity<unsigned long>::type, std::type_identity<fmt::v12::join_view<std::__wrap_iter<String*>, std::__wrap_iter<String*>, char>>::type, std::type_identity<String>::type>, unsigned long&&, fmt::v12::join_view<std::__wrap_iter<String*>, std::__wrap_iter<String*>, char>&&, String&&) @ 0x0000000014097ee0
5. src/Interpreters/TableJoin.cpp:1216:15: DB::TableJoin::assertHasOneOnExpr() const @ 0x0000000014097cf8
6. src/Interpreters/TableJoin.h:363:38: DB::Unified::HashJoin::supportParallelNonJoinedBlocksProcessing() const @ 0x00000000165d9af4
7. src/QueryPipeline/QueryPipelineBuilder.cpp:578:42: DB::QueryPipelineBuilder::joinPipelinesRightLeft(std::unique_ptr<DB::QueryPipelineBuilder, std::default_delete<DB::QueryPipelineBuilder>>, std::unique_ptr<DB::QueryPipelineBuilder, std::default_delete<DB::QueryPipelineBuilder>>, std::shared_ptr<DB::IJoin>, std::shared_ptr<DB::Block const>&, unsigned long, unsigned long, unsigned long, unsigned long, DB::IQueryPlanStep*, bool, std::list<std::shared_ptr<DB::IProcessor>, std::allocator<std::shared_ptr<DB::IProcessor>>>*) @ 0x0000000012cf9f04
8. src/Processors/QueryPlan/JoinStep.cpp:160:31: DB::JoinStep::updatePipeline(std::vector<std::unique_ptr<DB::QueryPipelineBuilder, std::default_delete<DB::QueryPipelineBuilder>>, AllocatorWithMemoryTracking<std::unique_ptr<DB::QueryPipelineBuilder, std::default_delete<DB::QueryPipelineBuilder>>>>, DB::BuildQueryPipelineSettings const&) @ 0x0000000019d44500
9. src/Processors/QueryPlan/QueryPlan.cpp:260:47: DB::QueryPlan::buildQueryPipeline(DB::QueryPlanOptimizationSettings const&, DB::BuildQueryPipelineSettings const&, bool) @ 0x0000000019da12c8
10. src/Interpreters/InterpreterSelectQueryAnalyzer.cpp:416:34: DB::InterpreterSelectQueryAnalyzer::buildQueryPipeline() @ 0x0000000013d9e0e0
11. src/Interpreters/InterpreterSelectQueryAnalyzer.cpp:374:29: DB::InterpreterSelectQueryAnalyzer::execute() @ 0x0000000013d9dd90
12. src/Interpreters/executeQuery.cpp:1954:40: DB::executeQueryImpl(char const*, char const*, std::shared_ptr<DB::Context>, DB::QueryFlags, DB::QueryProcessingStage::Enum, std::unique_ptr<DB::ReadBuffer, std::default_delete<DB::ReadBuffer>>&, boost::intrusive_ptr<DB::IAST>&, std::shared_ptr<DB::ImplicitTransactionControlExecutor>, std::function<void ()>, DB::QueryResultDetails&) @ 0x0000000014165df4
13. src/Interpreters/executeQuery.cpp:2438:11: DB::executeQuery(std::basic_string_view<char, std::char_traits<char>>, std::shared_ptr<DB::Context>, DB::QueryFlags, DB::QueryProcessingStage::Enum) @ 0x0000000014161810
14. src/Server/TCPHandler.cpp:899:68: DB::TCPHandler::runImpl() @ 0x00000000196c8980
15. src/Server/TCPHandler.cpp:3354:9: DB::TCPHandler::run() @ 0x00000000196e6744
16. base/poco/Net/src/TCPServerConnection.cpp:40:3: Poco::Net::TCPServerConnection::start() @ 0x000000001e24b798
17. base/poco/Net/src/TCPServerDispatcher.cpp:115:42: Poco::Net::TCPServerDispatcher::run() @ 0x000000001e24bd58
18. base/poco/Foundation/src/ThreadPool.cpp:207:14: Poco::PooledThread::run() @ 0x000000001e20c498
19. base/poco/Foundation/src/Thread_POSIX.cpp:341:27: Poco::ThreadImpl::runnableEntry(void*) @ 0x000000001e20a7b4
20. ? @ 0x000000000008c248
21. ? @ 0x00000000000f6adc

2026.08.02 16:01:52.620240 [ 1080095 ] {e7707a90-60b8-4806-8b39-fdbd4ee5ac02} <Error> ForcedCriticalErrorsLogger: Code: 49. DB::Exception: Expected to have only one join clause, got 2: [Left keys: [__table2.k1] Right keys [__table1.k1] Condition columns: '', '' | Left keys: [__table2.k2] Right keys [__table1.k2] Condition columns: '', ''], query: ' INNER JOIN ...'. (LOGICAL_ERROR), Stack trace (when copying this message, always include the lines below):

0. base/poco/Foundation/src/Exception.cpp:32:1: Poco::Exception::Exception(String&&, int) @ 0x000000001e1d1bb8
1. src/Common/Exception.cpp:158:7: DB::Exception::Exception(DB::Exception::MessageMasked&&, int, bool) @ 0x000000000eb8908c
2. src/Common/Exception.h:201:100: DB::Exception::Exception(String&&, int, String, bool) @ 0x0000000009979258
3. src/Common/Exception.h:57:54: DB::Exception::Exception(PreformattedMessage&&, int) @ 0x0000000009978c8c
4. src/Common/Exception.h:219:77: DB::Exception::Exception<unsigned long, fmt::v12::join_view<std::__wrap_iter<String*>, std::__wrap_iter<String*>, char>, String>(int, FormatStringHelperImpl<std::type_identity<unsigned long>::type, std::type_identity<fmt::v12::join_view<std::__wrap_iter<String*>, std::__wrap_iter<String*>, char>>::type, std::type_identity<String>::type>, unsigned long&&, fmt::v12::join_view<std::__wrap_iter<String*>, std::__wrap_iter<String*>, char>&&, String&&) @ 0x0000000014097ee0
5. src/Interpreters/TableJoin.cpp:1216:15: DB::TableJoin::assertHasOneOnExpr() const @ 0x0000000014097cf8
6. src/Interpreters/TableJoin.h:363:38: DB::Unified::HashJoin::supportParallelNonJoinedBlocksProcessing() const @ 0x00000000165d9af4
7. src/QueryPipeline/QueryPipelineBuilder.cpp:578:42: DB::QueryPipelineBuilder::joinPipelinesRightLeft(std::unique_ptr<DB::QueryPipelineBuilder, std::default_delete<DB::QueryPipelineBuilder>>, std::unique_ptr<DB::QueryPipelineBuilder, std::default_delete<DB::QueryPipelineBuilder>>, std::shared_ptr<DB::IJoin>, std::shared_ptr<DB::Block const>&, unsigned long, unsigned long, unsigned long, unsigned long, DB::IQueryPlanStep*, bool, std::list<std::shared_ptr<DB::IProcessor>, std::allocator<std::shared_ptr<DB::IProcessor>>>*) @ 0x0000000012cf9f04
8. src/Processors/QueryPlan/JoinStep.cpp:160:31: DB::JoinStep::updatePipeline(std::vector<std::unique_ptr<DB::QueryPipelineBuilder, std::default_delete<DB::QueryPipelineBuilder>>, AllocatorWithMemoryTracking<std::unique_ptr<DB::QueryPipelineBuilder, std::default_delete<DB::QueryPipelineBuilder>>>>, DB::BuildQueryPipelineSettings const&) @ 0x0000000019d44500
9. src/Processors/QueryPlan/QueryPlan.cpp:260:47: DB::QueryPlan::buildQueryPipeline(DB::QueryPlanOptimizationSettings const&, DB::BuildQueryPipelineSettings const&, bool) @ 0x0000000019da12c8
10. src/Interpreters/InterpreterSelectQueryAnalyzer.cpp:416:34: DB::InterpreterSelectQueryAnalyzer::buildQueryPipeline() @ 0x0000000013d9e0e0
11. src/Interpreters/InterpreterSelectQueryAnalyzer.cpp:374:29: DB::InterpreterSelectQueryAnalyzer::execute() @ 0x0000000013d9dd90
12. src/Interpreters/executeQuery.cpp:1954:40: DB::executeQueryImpl(char const*, char const*, std::shared_ptr<DB::Context>, DB::QueryFlags, DB::QueryProcessingStage::Enum, std::unique_ptr<DB::ReadBuffer, std::default_delete<DB::ReadBuffer>>&, boost::intrusive_ptr<DB::IAST>&, std::shared_ptr<DB::ImplicitTransactionControlExecutor>, std::function<void ()>, DB::QueryResultDetails&) @ 0x0000000014165df4
13. src/Interpreters/executeQuery.cpp:2438:11: DB::executeQuery(std::basic_string_view<char, std::char_traits<char>>, std::shared_ptr<DB::Context>, DB::QueryFlags, DB::QueryProcessingStage::Enum) @ 0x0000000014161810
14. src/Server/TCPHandler.cpp:899:68: DB::TCPHandler::runImpl() @ 0x00000000196c8980
15. src/Server/TCPHandler.cpp:3354:9: DB::TCPHandler::run() @ 0x00000000196e6744
16. base/poco/Net/src/TCPServerConnection.cpp:40:3: Poco::Net::TCPServerConnection::start() @ 0x000000001e24b798
17. base/poco/Net/src/TCPServerDispatcher.cpp:115:42: Poco::Net::TCPServerDispatcher::run() @ 0x000000001e24bd58
18. base/poco/Foundation/src/ThreadPool.cpp:207:14: Poco::PooledThread::run() @ 0x000000001e20c498
19. base/poco/Foundation/src/Thread_POSIX.cpp:341:27: Poco::ThreadImpl::runnableEntry(void*) @ 0x000000001e20a7b4
20. ? @ 0x000000000008c248
21. ? @ 0x00000000000f6adc

2026.08.02 16:01:52.620292 [ 1080095 ] {} <Error> TCPHandler: Code: 49. DB::Exception: Expected to have only one join clause, got 2: [Left keys: [__table2.k1] Right keys [__table1.k1] Condition columns: '', '' | Left keys: [__table2.k2] Right keys [__table1.k2] Condition columns: '', ''], query: ' INNER JOIN ...'. (LOGICAL_ERROR), Stack trace (when copying this message, always include the lines below):

0. base/poco/Foundation/src/Exception.cpp:32:1: Poco::Exception::Exception(String&&, int) @ 0x000000001e1d1bb8
1. src/Common/Exception.cpp:158:7: DB::Exception::Exception(DB::Exception::MessageMasked&&, int, bool) @ 0x000000000eb8908c
2. src/Common/Exception.h:201:100: DB::Exception::Exception(String&&, int, String, bool) @ 0x0000000009979258
3. src/Common/Exception.h:57:54: DB::Exception::Exception(PreformattedMessage&&, int) @ 0x0000000009978c8c
4. src/Common/Exception.h:219:77: DB::Exception::Exception<unsigned long, fmt::v12::join_view<std::__wrap_iter<String*>, std::__wrap_iter<String*>, char>, String>(int, FormatStringHelperImpl<std::type_identity<unsigned long>::type, std::type_identity<fmt::v12::join_view<std::__wrap_iter<String*>, std::__wrap_iter<String*>, char>>::type, std::type_identity<String>::type>, unsigned long&&, fmt::v12::join_view<std::__wrap_iter<String*>, std::__wrap_iter<String*>, char>&&, String&&) @ 0x0000000014097ee0
5. src/Interpreters/TableJoin.cpp:1216:15: DB::TableJoin::assertHasOneOnExpr() const @ 0x0000000014097cf8
6. src/Interpreters/TableJoin.h:363:38: DB::Unified::HashJoin::supportParallelNonJoinedBlocksProcessing() const @ 0x00000000165d9af4
7. src/QueryPipeline/QueryPipelineBuilder.cpp:578:42: DB::QueryPipelineBuilder::joinPipelinesRightLeft(std::unique_ptr<DB::QueryPipelineBuilder, std::default_delete<DB::QueryPipelineBuilder>>, std::unique_ptr<DB::QueryPipelineBuilder, std::default_delete<DB::QueryPipelineBuilder>>, std::shared_ptr<DB::IJoin>, std::shared_ptr<DB::Block const>&, unsigned long, unsigned long, unsigned long, unsigned long, DB::IQueryPlanStep*, bool, std::list<std::shared_ptr<DB::IProcessor>, std::allocator<std::shared_ptr<DB::IProcessor>>>*) @ 0x0000000012cf9f04
8. src/Processors/QueryPlan/JoinStep.cpp:160:31: DB::JoinStep::updatePipeline(std::vector<std::unique_ptr<DB::QueryPipelineBuilder, std::default_delete<DB::QueryPipelineBuilder>>, AllocatorWithMemoryTracking<std::unique_ptr<DB::QueryPipelineBuilder, std::default_delete<DB::QueryPipelineBuilder>>>>, DB::BuildQueryPipelineSettings const&) @ 0x0000000019d44500
9. src/Processors/QueryPlan/QueryPlan.cpp:260:47: DB::QueryPlan::buildQueryPipeline(DB::QueryPlanOptimizationSettings const&, DB::BuildQueryPipelineSettings const&, bool) @ 0x0000000019da12c8
10. src/Interpreters/InterpreterSelectQueryAnalyzer.cpp:416:34: DB::InterpreterSelectQueryAnalyzer::buildQueryPipeline() @ 0x0000000013d9e0e0
11. src/Interpreters/InterpreterSelectQueryAnalyzer.cpp:374:29: DB::InterpreterSelectQueryAnalyzer::execute() @ 0x0000000013d9dd90
12. src/Interpreters/executeQuery.cpp:1954:40: DB::executeQueryImpl(char const*, char const*, std::shared_ptr<DB::Context>, DB::QueryFlags, DB::QueryProcessingStage::Enum, std::unique_ptr<DB::ReadBuffer, std::default_delete<DB::ReadBuffer>>&, boost::intrusive_ptr<DB::IAST>&, std::shared_ptr<DB::ImplicitTransactionControlExecutor>, std::function<void ()>, DB::QueryResultDetails&) @ 0x0000000014165df4
13. src/Interpreters/executeQuery.cpp:2438:11: DB::executeQuery(std::basic_string_view<char, std::char_traits<char>>, std::shared_ptr<DB::Context>, DB::QueryFlags, DB::QueryProcessingStage::Enum) @ 0x0000000014161810
14. src/Server/TCPHandler.cpp:899:68: DB::TCPHandler::runImpl() @ 0x00000000196c8980
15. src/Server/TCPHandler.cpp:3354:9: DB::TCPHandler::run() @ 0x00000000196e6744
16. base/poco/Net/src/TCPServerConnection.cpp:40:3: Poco::Net::TCPServerConnection::start() @ 0x000000001e24b798
17. base/poco/Net/src/TCPServerDispatcher.cpp:115:42: Poco::Net::TCPServerDispatcher::run() @ 0x000000001e24bd58
18. base/poco/Foundation/src/ThreadPool.cpp:207:14: Poco::PooledThread::run() @ 0x000000001e20c498
19. base/poco/Foundation/src/Thread_POSIX.cpp:341:27: Poco::ThreadImpl::runnableEntry(void*) @ 0x000000001e20a7b4
20. ? @ 0x000000000008c248
21. ? @ 0x00000000000f6adc

2026.08.02 16:01:52.620300 [ 1080095 ] {} <Error> ForcedCriticalErrorsLogger: Code: 49. DB::Exception: Expected to have only one join clause, got 2: [Left keys: [__table2.k1] Right keys [__table1.k1] Condition columns: '', '' | Left keys: [__table2.k2] Right keys [__table1.k2] Condition columns: '', ''], query: ' INNER JOIN ...'. (LOGICAL_ERROR), Stack trace (when copying this message, always include the lines below):

0. base/poco/Foundation/src/Exception.cpp:32:1: Poco::Exception::Exception(String&&, int) @ 0x000000001e1d1bb8
1. src/Common/Exception.cpp:158:7: DB::Exception::Exception(DB::Exception::MessageMasked&&, int, bool) @ 0x000000000eb8908c
2. src/Common/Exception.h:201:100: DB::Exception::Exception(String&&, int, String, bool) @ 0x0000000009979258
3. src/Common/Exception.h:57:54: DB::Exception::Exception(PreformattedMessage&&, int) @ 0x0000000009978c8c
4. src/Common/Exception.h:219:77: DB::Exception::Exception<unsigned long, fmt::v12::join_view<std::__wrap_iter<String*>, std::__wrap_iter<String*>, char>, String>(int, FormatStringHelperImpl<std::type_identity<unsigned long>::type, std::type_identity<fmt::v12::join_view<std::__wrap_iter<String*>, std::__wrap_iter<String*>, char>>::type, std::type_identity<String>::type>, unsigned long&&, fmt::v12::join_view<std::__wrap_iter<String*>, std::__wrap_iter<String*>, char>&&, String&&) @ 0x0000000014097ee0
5. src/Interpreters/TableJoin.cpp:1216:15: DB::TableJoin::assertHasOneOnExpr() const @ 0x0000000014097cf8
6. src/Interpreters/TableJoin.h:363:38: DB::Unified::HashJoin::supportParallelNonJoinedBlocksProcessing() const @ 0x00000000165d9af4
7. src/QueryPipeline/QueryPipelineBuilder.cpp:578:42: DB::QueryPipelineBuilder::joinPipelinesRightLeft(std::unique_ptr<DB::QueryPipelineBuilder, std::default_delete<DB::QueryPipelineBuilder>>, std::unique_ptr<DB::QueryPipelineBuilder, std::default_delete<DB::QueryPipelineBuilder>>, std::shared_ptr<DB::IJoin>, std::shared_ptr<DB::Block const>&, unsigned long, unsigned long, unsigned long, unsigned long, DB::IQueryPlanStep*, bool, std::list<std::shared_ptr<DB::IProcessor>, std::allocator<std::shared_ptr<DB::IProcessor>>>*) @ 0x0000000012cf9f04
8. src/Processors/QueryPlan/JoinStep.cpp:160:31: DB::JoinStep::updatePipeline(std::vector<std::unique_ptr<DB::QueryPipelineBuilder, std::default_delete<DB::QueryPipelineBuilder>>, AllocatorWithMemoryTracking<std::unique_ptr<DB::QueryPipelineBuilder, std::default_delete<DB::QueryPipelineBuilder>>>>, DB::BuildQueryPipelineSettings const&) @ 0x0000000019d44500
9. src/Processors/QueryPlan/QueryPlan.cpp:260:47: DB::QueryPlan::buildQueryPipeline(DB::QueryPlanOptimizationSettings const&, DB::BuildQueryPipelineSettings const&, bool) @ 0x0000000019da12c8
10. src/Interpreters/InterpreterSelectQueryAnalyzer.cpp:416:34: DB::InterpreterSelectQueryAnalyzer::buildQueryPipeline() @ 0x0000000013d9e0e0
11. src/Interpreters/InterpreterSelectQueryAnalyzer.cpp:374:29: DB::InterpreterSelectQueryAnalyzer::execute() @ 0x0000000013d9dd90
12. src/Interpreters/executeQuery.cpp:1954:40: DB::executeQueryImpl(char const*, char const*, std::shared_ptr<DB::Context>, DB::QueryFlags, DB::QueryProcessingStage::Enum, std::unique_ptr<DB::ReadBuffer, std::default_delete<DB::ReadBuffer>>&, boost::intrusive_ptr<DB::IAST>&, std::shared_ptr<DB::ImplicitTransactionControlExecutor>, std::function<void ()>, DB::QueryResultDetails&) @ 0x0000000014165df4
13. src/Interpreters/executeQuery.cpp:2438:11: DB::executeQuery(std::basic_string_view<char, std::char_traits<char>>, std::shared_ptr<DB::Context>, DB::QueryFlags, DB::QueryProcessingStage::Enum) @ 0x0000000014161810
14. src/Server/TCPHandler.cpp:899:68: DB::TCPHandler::runImpl() @ 0x00000000196c8980
15. src/Server/TCPHandler.cpp:3354:9: DB::TCPHandler::run() @ 0x00000000196e6744
16. base/poco/Net/src/TCPServerConnection.cpp:40:3: Poco::Net::TCPServerConnection::start() @ 0x000000001e24b798
17. base/poco/Net/src/TCPServerDispatcher.cpp:115:42: Poco::Net::TCPServerDispatcher::run() @ 0x000000001e24bd58
18. base/poco/Foundation/src/ThreadPool.cpp:207:14: Poco::PooledThread::run() @ 0x000000001e20c498
19. base/poco/Foundation/src/Thread_POSIX.cpp:341:27: Poco::ThreadImpl::runnableEntry(void*) @ 0x000000001e20a7b4
20. ? @ 0x000000000008c248
21. ? @ 0x00000000000f6adc

