2026.08.02 13:31:46.558978 [ 938930 ] {} <Warning> Application: Integrity check of the executable skipped because the reference checksum could not be read.
2026.08.02 13:31:46.603950 [ 938930 ] {} <Warning> KeeperLogStore: No logs exists in /mnt/ch/ClickHouse/tmp/uhj_parity/chserver/coordination/logs. It's Ok if it's the first run of clickhouse-keeper.
2026.08.02 13:31:46.619668 [ 938930 ] {} <Warning> KeeperLogStore: Removing all changelogs
2026.08.02 13:31:46.619925 [ 938930 ] {} <Warning> KeeperServer: Got 1000000000000000 value for setting 'reserved_log_items' which is bigger than int32_t max value, lowering value to 2147483647.
2026.08.02 13:31:46.626064 [ 938930 ] {} <Error> RaftInstance: got exception: bind: Address already in use [system:98] on port 9234
2026.08.02 13:31:46.626071 [ 938930 ] {} <Warning> KeeperServer: Failed to create listener with IPv6 enabled, falling back to IPv4 only.
2026.08.02 13:31:46.626131 [ 938930 ] {} <Error> RaftInstance: got exception: bind: Address already in use [system:98] on port 9234
2026.08.02 13:31:46.637058 [ 938930 ] {} <Error> void DB::KeeperDispatcher::initialize(const Poco::Util::AbstractConfiguration &, bool, bool, const MultiVersion<Macros>::Version &): Code: 568. DB::Exception: Cannot create interserver listener on port 9234 after trying both IPv6 and IPv4. (RAFT_ERROR), Stack trace (when copying this message, always include the lines below):

0. base/poco/Foundation/src/Exception.cpp:32:1: Poco::Exception::Exception(String&&, int) @ 0x000000001dd87678
1. src/Common/Exception.cpp:158:7: DB::Exception::Exception(DB::Exception::MessageMasked&&, int, bool) @ 0x000000000eb6c18c
2. src/Common/Exception.h:201:100: DB::Exception::Exception(String&&, int, String, bool) @ 0x000000000995c358
3. src/Common/Exception.h:57:54: DB::Exception::Exception(PreformattedMessage&&, int) @ 0x000000000995bd8c
4. src/Common/Exception.h:219:77: DB::Exception::Exception<int>(int, FormatStringHelperImpl<std::type_identity<int>::type>, int&&) @ 0x000000000a97a4d8
5. src/Coordination/KeeperServer.cpp:647:23: DB::KeeperServer::launchRaftServer(Poco::Util::AbstractConfiguration const&, bool) @ 0x0000000019d58350
6. src/Coordination/KeeperServer.cpp:721:5: DB::KeeperServer::startup(Poco::Util::AbstractConfiguration const&, bool) @ 0x0000000019d5a6a4
7. src/Coordination/KeeperDispatcher.cpp:167:17: DB::KeeperDispatcher::initialize(Poco::Util::AbstractConfiguration const&, bool, bool, std::shared_ptr<DB::Macros const> const&) @ 0x0000000019d180e4
8. src/Interpreters/Context.cpp:5892:21: DB::Context::initializeKeeperDispatcher(bool) const @ 0x0000000013ae6d2c
9. programs/server/Server.cpp:2972:25: DB::Server::main(std::vector<String, std::allocator<String>> const&) @ 0x000000000ef4d03c
10. base/poco/Util/src/Application.cpp:315:8: Poco::Util::Application::run() @ 0x000000001de21a9c
11. programs/server/Server.cpp:753:25: DB::Server::run() @ 0x000000000ef3ec78
12. programs/server/Server.cpp:566:20: mainEntryClickHouseServer(int, char**) @ 0x000000000ef3e2dc
13. programs/main.cpp:433:21: main @ 0x0000000009955894
14. ? @ 0x0000000000022f1c
15. __libc_start_main @ 0x000000000002305c
 (version 26.8.1.1)
2026.08.02 13:31:46.656167 [ 938930 ] {} <Error> Application: Code: 568. DB::Exception: Cannot create interserver listener on port 9234 after trying both IPv6 and IPv4. (RAFT_ERROR), Stack trace (when copying this message, always include the lines below):

0. base/poco/Foundation/src/Exception.cpp:32:1: Poco::Exception::Exception(String&&, int) @ 0x000000001dd87678
1. src/Common/Exception.cpp:158:7: DB::Exception::Exception(DB::Exception::MessageMasked&&, int, bool) @ 0x000000000eb6c18c
2. src/Common/Exception.h:201:100: DB::Exception::Exception(String&&, int, String, bool) @ 0x000000000995c358
3. src/Common/Exception.h:57:54: DB::Exception::Exception(PreformattedMessage&&, int) @ 0x000000000995bd8c
4. src/Common/Exception.h:219:77: DB::Exception::Exception<int>(int, FormatStringHelperImpl<std::type_identity<int>::type>, int&&) @ 0x000000000a97a4d8
5. src/Coordination/KeeperServer.cpp:647:23: DB::KeeperServer::launchRaftServer(Poco::Util::AbstractConfiguration const&, bool) @ 0x0000000019d58350
6. src/Coordination/KeeperServer.cpp:721:5: DB::KeeperServer::startup(Poco::Util::AbstractConfiguration const&, bool) @ 0x0000000019d5a6a4
7. src/Coordination/KeeperDispatcher.cpp:167:17: DB::KeeperDispatcher::initialize(Poco::Util::AbstractConfiguration const&, bool, bool, std::shared_ptr<DB::Macros const> const&) @ 0x0000000019d180e4
8. src/Interpreters/Context.cpp:5892:21: DB::Context::initializeKeeperDispatcher(bool) const @ 0x0000000013ae6d2c
9. programs/server/Server.cpp:2972:25: DB::Server::main(std::vector<String, std::allocator<String>> const&) @ 0x000000000ef4d03c
10. base/poco/Util/src/Application.cpp:315:8: Poco::Util::Application::run() @ 0x000000001de21a9c
11. programs/server/Server.cpp:753:25: DB::Server::run() @ 0x000000000ef3ec78
12. programs/server/Server.cpp:566:20: mainEntryClickHouseServer(int, char**) @ 0x000000000ef3e2dc
13. programs/main.cpp:433:21: main @ 0x0000000009955894
14. ? @ 0x0000000000022f1c
15. __libc_start_main @ 0x000000000002305c
 (version 26.8.1.1)
2026.08.02 13:33:20.027312 [ 941131 ] {} <Warning> Application: Integrity check of the executable skipped because the reference checksum could not be read.
2026.08.02 13:33:20.043358 [ 941131 ] {} <Warning> Context: Delay accounting is not enabled, OSIOWaitMicroseconds will not be gathered. You can enable it using `sudo sh -c 'echo 1 > /proc/sys/kernel/task_delayacct'` or by using sysctl.
2026.08.02 13:33:35.356583 [ 941143 ] {u1s-unified_hash-2-1785657814390854943} <Error> executeQuery: Code: 236. DB::NetException: Client has dropped the connection, cancel the query. (ABORTED) (version 26.8.1.1) (from 127.0.0.1:34000) (query 1, line 1) (in query: SELECT count() FROM (SELECT number AS k FROM numbers(100000)) AS l INNER JOIN (SELECT number AS k FROM numbers(10000000)) AS r ON l.k = r.k), Stack trace (when copying this message, always include the lines below):

0. base/poco/Foundation/src/Exception.cpp:32:1: Poco::Exception::Exception(String&&, int) @ 0x000000001dd87678
1. src/Common/Exception.cpp:158:7: DB::Exception::Exception(DB::Exception::MessageMasked&&, int, bool) @ 0x000000000eb6c18c
2. src/Common/Exception.h:201:100: DB::Exception::Exception(String&&, int, String, bool) @ 0x000000000995c358
3. src/Common/NetException.h:14:44: DB::NetException::NetException<char const (&) [53]>(int, T&&) @ 0x000000001929bb94
4. src/Server/TCPHandler.cpp:3058:23: DB::TCPHandler::receivePacketsExpectCancel(DB::QueryState&) @ 0x0000000019296dc8
5. src/Server/TCPHandler.cpp:1545:21: DB::TCPHandler::processOrdinaryQuery(DB::QueryState&) @ 0x000000001928b160
6. src/Server/TCPHandler.cpp:913:17: DB::TCPHandler::runImpl() @ 0x000000001927e4d8
7. src/Server/TCPHandler.cpp:3354:9: DB::TCPHandler::run() @ 0x000000001929c204
8. base/poco/Net/src/TCPServerConnection.cpp:40:3: Poco::Net::TCPServerConnection::start() @ 0x000000001de01258
9. base/poco/Net/src/TCPServerDispatcher.cpp:115:42: Poco::Net::TCPServerDispatcher::run() @ 0x000000001de01818
10. base/poco/Foundation/src/ThreadPool.cpp:207:14: Poco::PooledThread::run() @ 0x000000001ddc1f58
11. base/poco/Foundation/src/Thread_POSIX.cpp:341:27: Poco::ThreadImpl::runnableEntry(void*) @ 0x000000001ddc0274
12. ? @ 0x000000000008c248
13. ? @ 0x00000000000f6adc

2026.08.02 13:33:35.356851 [ 941143 ] {} <Error> TCPHandler: Code: 236. DB::NetException: Client has dropped the connection, cancel the query. (ABORTED), Stack trace (when copying this message, always include the lines below):

0. base/poco/Foundation/src/Exception.cpp:32:1: Poco::Exception::Exception(String&&, int) @ 0x000000001dd87678
1. src/Common/Exception.cpp:158:7: DB::Exception::Exception(DB::Exception::MessageMasked&&, int, bool) @ 0x000000000eb6c18c
2. src/Common/Exception.h:201:100: DB::Exception::Exception(String&&, int, String, bool) @ 0x000000000995c358
3. src/Common/NetException.h:14:44: DB::NetException::NetException<char const (&) [53]>(int, T&&) @ 0x000000001929bb94
4. src/Server/TCPHandler.cpp:3058:23: DB::TCPHandler::receivePacketsExpectCancel(DB::QueryState&) @ 0x0000000019296dc8
5. src/Server/TCPHandler.cpp:1545:21: DB::TCPHandler::processOrdinaryQuery(DB::QueryState&) @ 0x000000001928b160
6. src/Server/TCPHandler.cpp:913:17: DB::TCPHandler::runImpl() @ 0x000000001927e4d8
7. src/Server/TCPHandler.cpp:3354:9: DB::TCPHandler::run() @ 0x000000001929c204
8. base/poco/Net/src/TCPServerConnection.cpp:40:3: Poco::Net::TCPServerConnection::start() @ 0x000000001de01258
9. base/poco/Net/src/TCPServerDispatcher.cpp:115:42: Poco::Net::TCPServerDispatcher::run() @ 0x000000001de01818
10. base/poco/Foundation/src/ThreadPool.cpp:207:14: Poco::PooledThread::run() @ 0x000000001ddc1f58
11. base/poco/Foundation/src/Thread_POSIX.cpp:341:27: Poco::ThreadImpl::runnableEntry(void*) @ 0x000000001ddc0274
12. ? @ 0x000000000008c248
13. ? @ 0x00000000000f6adc

2026.08.02 13:51:25.714364 [ 941143 ] {1fc03309-bf26-4323-828f-3cce45ffa79d} <Error> executeQuery: Code: 60. DB::Exception: Unknown table expression identifier 'system.trace_log' in scope SELECT count() AS samples, arrayStringConcat(arrayMap(x -> demangle(addressToSymbol(x)), trace), '\n') AS stack FROM system.trace_log WHERE (query_id = 'prof-uhj-p-1785658881867317643') AND (trace_type = 'Real') GROUP BY trace ORDER BY samples DESC LIMIT 15. (UNKNOWN_TABLE) (version 26.8.1.1) (from 127.0.0.1:37846) (query 1, line 2) (in query: SELECT count() AS samples, arrayStringConcat(arrayMap(x -> demangle(addressToSymbol(x)), trace), '\n') AS stack FROM system.trace_log WHERE query_id = 'prof-uhj-p-1785658881867317643' AND trace_type = 'Real' GROUP BY trace ORDER BY samples DESC LIMIT 15 FORMAT TSV), Stack trace (when copying this message, always include the lines below):

0. base/poco/Foundation/src/Exception.cpp:32:1: Poco::Exception::Exception(String&&, int) @ 0x000000001dd87678
1. src/Common/Exception.cpp:158:7: DB::Exception::Exception(DB::Exception::MessageMasked&&, int, bool) @ 0x000000000eb6c18c
2. src/Common/Exception.h:201:100: DB::Exception::Exception(String&&, int, String, bool) @ 0x000000000995c358
3. src/Common/Exception.h:57:54: DB::Exception::Exception(PreformattedMessage&&, int) @ 0x000000000995bd8c
4. src/Common/Exception.h:219:77: DB::Exception::Exception<String const&, String>(int, FormatStringHelperImpl<std::type_identity<String const&>::type, std::type_identity<String>::type>, String const&, String&&) @ 0x000000000a51dd1c
5. src/Analyzer/Resolve/QueryAnalyzer.cpp:4145:27: DB::QueryAnalyzer::initializeQueryJoinTreeNode(std::shared_ptr<DB::IQueryTreeNode>&, DB::IdentifierResolveScope&) @ 0x00000000132667a0
6. src/Analyzer/Resolve/QueryAnalyzer.cpp:6262:5: DB::QueryAnalyzer::resolveQuery(std::shared_ptr<DB::IQueryTreeNode> const&, DB::IdentifierResolveScope&) @ 0x0000000013241b04
7. src/Analyzer/Resolve/QueryAnalyzer.cpp:205:13: DB::QueryAnalyzer::resolve(std::shared_ptr<DB::IQueryTreeNode>&, std::shared_ptr<DB::ITableExpressionNode> const&, std::shared_ptr<DB::Context const>) @ 0x0000000013240c4c
8. src/Analyzer/Resolve/QueryAnalysisPass.cpp:19:14: DB::QueryAnalysisPass::run(std::shared_ptr<DB::IQueryTreeNode>&, std::shared_ptr<DB::Context const>) @ 0x00000000132400e0
9. src/Analyzer/QueryTreePassManager.cpp:201:20: DB::QueryTreePassManager::run(std::shared_ptr<DB::IQueryTreeNode>&) @ 0x0000000013297338
10. src/Interpreters/InterpreterSelectQueryAnalyzer.cpp:266:33: DB::buildQueryTreeAndRunPasses(boost::intrusive_ptr<DB::IAST> const&, DB::SelectQueryOptions const&, std::shared_ptr<DB::Context const> const&, std::shared_ptr<DB::IStorage> const&) @ 0x0000000013d7f97c
11. src/Interpreters/InterpreterSelectQueryAnalyzer.cpp:284:18: DB::InterpreterSelectQueryAnalyzer::InterpreterSelectQueryAnalyzer(boost::intrusive_ptr<DB::IAST> const&, std::shared_ptr<DB::Context const> const&, DB::SelectQueryOptions const&, std::vector<String, std::allocator<String>> const&, DB::ActionsDAG const*) @ 0x0000000013d7db90
12. contrib/llvm-project/libcxx/include/__memory/unique_ptr.h:770:30: std::unique_ptr<DB::InterpreterSelectQueryAnalyzer, std::default_delete<DB::InterpreterSelectQueryAnalyzer>> std::make_unique[abi:fqe220101]<DB::InterpreterSelectQueryAnalyzer, boost::intrusive_ptr<DB::IAST>&, std::shared_ptr<DB::Context> const&, DB::SelectQueryOptions const&, 0>(boost::intrusive_ptr<DB::IAST>&, std::shared_ptr<DB::Context> const&, DB::SelectQueryOptions const&) @ 0x0000000013d8560c
13. contrib/llvm-project/libcxx/include/__functional/function.h:502:12: ? @ 0x0000000013d37850
14. src/Interpreters/executeQuery.cpp:1881:66: DB::executeQueryImpl(char const*, char const*, std::shared_ptr<DB::Context>, DB::QueryFlags, DB::QueryProcessingStage::Enum, std::unique_ptr<DB::ReadBuffer, std::default_delete<DB::ReadBuffer>>&, boost::intrusive_ptr<DB::IAST>&, std::shared_ptr<DB::ImplicitTransactionControlExecutor>, std::function<void ()>, DB::QueryResultDetails&) @ 0x00000000141489c4
15. src/Interpreters/executeQuery.cpp:2438:11: DB::executeQuery(std::basic_string_view<char, std::char_traits<char>>, std::shared_ptr<DB::Context>, DB::QueryFlags, DB::QueryProcessingStage::Enum) @ 0x0000000014144890
16. src/Server/TCPHandler.cpp:899:68: DB::TCPHandler::runImpl() @ 0x000000001927e440
17. src/Server/TCPHandler.cpp:3354:9: DB::TCPHandler::run() @ 0x000000001929c204
18. base/poco/Net/src/TCPServerConnection.cpp:40:3: Poco::Net::TCPServerConnection::start() @ 0x000000001de01258
19. base/poco/Net/src/TCPServerDispatcher.cpp:115:42: Poco::Net::TCPServerDispatcher::run() @ 0x000000001de01818
20. base/poco/Foundation/src/ThreadPool.cpp:207:14: Poco::PooledThread::run() @ 0x000000001ddc1f58
21. base/poco/Foundation/src/Thread_POSIX.cpp:341:27: Poco::ThreadImpl::runnableEntry(void*) @ 0x000000001ddc0274
22. ? @ 0x000000000008c248
23. ? @ 0x00000000000f6adc

2026.08.02 13:51:25.714574 [ 941143 ] {} <Error> TCPHandler: Code: 60. DB::Exception: Unknown table expression identifier 'system.trace_log' in scope SELECT count() AS samples, arrayStringConcat(arrayMap(x -> demangle(addressToSymbol(x)), trace), '\n') AS stack FROM system.trace_log WHERE (query_id = 'prof-uhj-p-1785658881867317643') AND (trace_type = 'Real') GROUP BY trace ORDER BY samples DESC LIMIT 15. (UNKNOWN_TABLE), Stack trace (when copying this message, always include the lines below):

0. base/poco/Foundation/src/Exception.cpp:32:1: Poco::Exception::Exception(String&&, int) @ 0x000000001dd87678
1. src/Common/Exception.cpp:158:7: DB::Exception::Exception(DB::Exception::MessageMasked&&, int, bool) @ 0x000000000eb6c18c
2. src/Common/Exception.h:201:100: DB::Exception::Exception(String&&, int, String, bool) @ 0x000000000995c358
3. src/Common/Exception.h:57:54: DB::Exception::Exception(PreformattedMessage&&, int) @ 0x000000000995bd8c
4. src/Common/Exception.h:219:77: DB::Exception::Exception<String const&, String>(int, FormatStringHelperImpl<std::type_identity<String const&>::type, std::type_identity<String>::type>, String const&, String&&) @ 0x000000000a51dd1c
5. src/Analyzer/Resolve/QueryAnalyzer.cpp:4145:27: DB::QueryAnalyzer::initializeQueryJoinTreeNode(std::shared_ptr<DB::IQueryTreeNode>&, DB::IdentifierResolveScope&) @ 0x00000000132667a0
6. src/Analyzer/Resolve/QueryAnalyzer.cpp:6262:5: DB::QueryAnalyzer::resolveQuery(std::shared_ptr<DB::IQueryTreeNode> const&, DB::IdentifierResolveScope&) @ 0x0000000013241b04
7. src/Analyzer/Resolve/QueryAnalyzer.cpp:205:13: DB::QueryAnalyzer::resolve(std::shared_ptr<DB::IQueryTreeNode>&, std::shared_ptr<DB::ITableExpressionNode> const&, std::shared_ptr<DB::Context const>) @ 0x0000000013240c4c
8. src/Analyzer/Resolve/QueryAnalysisPass.cpp:19:14: DB::QueryAnalysisPass::run(std::shared_ptr<DB::IQueryTreeNode>&, std::shared_ptr<DB::Context const>) @ 0x00000000132400e0
9. src/Analyzer/QueryTreePassManager.cpp:201:20: DB::QueryTreePassManager::run(std::shared_ptr<DB::IQueryTreeNode>&) @ 0x0000000013297338
10. src/Interpreters/InterpreterSelectQueryAnalyzer.cpp:266:33: DB::buildQueryTreeAndRunPasses(boost::intrusive_ptr<DB::IAST> const&, DB::SelectQueryOptions const&, std::shared_ptr<DB::Context const> const&, std::shared_ptr<DB::IStorage> const&) @ 0x0000000013d7f97c
11. src/Interpreters/InterpreterSelectQueryAnalyzer.cpp:284:18: DB::InterpreterSelectQueryAnalyzer::InterpreterSelectQueryAnalyzer(boost::intrusive_ptr<DB::IAST> const&, std::shared_ptr<DB::Context const> const&, DB::SelectQueryOptions const&, std::vector<String, std::allocator<String>> const&, DB::ActionsDAG const*) @ 0x0000000013d7db90
12. contrib/llvm-project/libcxx/include/__memory/unique_ptr.h:770:30: std::unique_ptr<DB::InterpreterSelectQueryAnalyzer, std::default_delete<DB::InterpreterSelectQueryAnalyzer>> std::make_unique[abi:fqe220101]<DB::InterpreterSelectQueryAnalyzer, boost::intrusive_ptr<DB::IAST>&, std::shared_ptr<DB::Context> const&, DB::SelectQueryOptions const&, 0>(boost::intrusive_ptr<DB::IAST>&, std::shared_ptr<DB::Context> const&, DB::SelectQueryOptions const&) @ 0x0000000013d8560c
13. contrib/llvm-project/libcxx/include/__functional/function.h:502:12: ? @ 0x0000000013d37850
14. src/Interpreters/executeQuery.cpp:1881:66: DB::executeQueryImpl(char const*, char const*, std::shared_ptr<DB::Context>, DB::QueryFlags, DB::QueryProcessingStage::Enum, std::unique_ptr<DB::ReadBuffer, std::default_delete<DB::ReadBuffer>>&, boost::intrusive_ptr<DB::IAST>&, std::shared_ptr<DB::ImplicitTransactionControlExecutor>, std::function<void ()>, DB::QueryResultDetails&) @ 0x00000000141489c4
15. src/Interpreters/executeQuery.cpp:2438:11: DB::executeQuery(std::basic_string_view<char, std::char_traits<char>>, std::shared_ptr<DB::Context>, DB::QueryFlags, DB::QueryProcessingStage::Enum) @ 0x0000000014144890
16. src/Server/TCPHandler.cpp:899:68: DB::TCPHandler::runImpl() @ 0x000000001927e440
17. src/Server/TCPHandler.cpp:3354:9: DB::TCPHandler::run() @ 0x000000001929c204
18. base/poco/Net/src/TCPServerConnection.cpp:40:3: Poco::Net::TCPServerConnection::start() @ 0x000000001de01258
19. base/poco/Net/src/TCPServerDispatcher.cpp:115:42: Poco::Net::TCPServerDispatcher::run() @ 0x000000001de01818
20. base/poco/Foundation/src/ThreadPool.cpp:207:14: Poco::PooledThread::run() @ 0x000000001ddc1f58
21. base/poco/Foundation/src/Thread_POSIX.cpp:341:27: Poco::ThreadImpl::runnableEntry(void*) @ 0x000000001ddc0274
22. ? @ 0x000000000008c248
23. ? @ 0x00000000000f6adc

2026.08.02 13:51:41.023757 [ 955100 ] {} <Warning> Application: Integrity check of the executable skipped because the reference checksum could not be read.
2026.08.02 13:51:41.039952 [ 955100 ] {} <Warning> Context: Delay accounting is not enabled, OSIOWaitMicroseconds will not be gathered. You can enable it using `sudo sh -c 'echo 1 > /proc/sys/kernel/task_delayacct'` or by using sysctl.
2026.08.02 13:51:55.661783 [ 955561 ] {} <Warning> Application: Integrity check of the executable skipped because the reference checksum could not be read.
2026.08.02 13:51:55.677283 [ 955561 ] {} <Warning> Context: Delay accounting is not enabled, OSIOWaitMicroseconds will not be gathered. You can enable it using `sudo sh -c 'echo 1 > /proc/sys/kernel/task_delayacct'` or by using sysctl.
2026.08.02 13:52:20.923124 [ 955575 ] {c0e828c4-9c52-4de4-b9c4-595e00ad35c0} <Error> executeQuery: Code: 446. DB::Exception: default: Introspection functions are disabled, because setting 'allow_introspection_functions' is set to 0. (FUNCTION_NOT_ALLOWED) (version 26.8.1.1) (from 127.0.0.1:34250) (query 1, line 2) (in query: SELECT count() AS samples, arrayStringConcat( arrayMap(x -> demangle(addressToSymbol(x)), arraySlice(trace, 1, 8)), ' | ') AS stack_top FROM system.trace_log WHERE query_id = 'disc-serial_hash-1785658940566981349' AND trace_type = 'Real' GROUP BY trace ORDER BY samples DESC LIMIT 12 FORMAT PrettyCompact ), Stack trace (when copying this message, always include the lines below):

0. base/poco/Foundation/src/Exception.cpp:32:1: Poco::Exception::Exception(String&&, int) @ 0x000000001dd87678
1. src/Common/Exception.cpp:158:7: DB::Exception::Exception(DB::Exception::MessageMasked&&, int, bool) @ 0x000000000eb6c18c
2. src/Common/Exception.h:201:100: DB::Exception::Exception(String&&, int, String, bool) @ 0x000000000995c358
3. src/Common/Exception.h:57:54: DB::Exception::Exception(PreformattedMessage&&, int) @ 0x000000000995bd8c
4. src/Common/Exception.h:219:77: DB::Exception::Exception<String>(int, FormatStringHelperImpl<std::type_identity<String>::type>, String&&) @ 0x000000000995b998
5. src/Access/ContextAccess.cpp:703:19: auto bool DB::ContextAccess::checkAccessImplHelper<true, false, false>(std::shared_ptr<DB::Context const> const&, DB::AccessFlags) const::'lambda'<typename ...$T>(int, FormatStringHelperImpl<String, std::type_identity<$T>::type...>, $T&&...)::operator()<>(int, FormatStringHelperImpl<String, std::type_identity<$T>::type...>, $T&&...) const @ 0x0000000012935840
6. src/Access/ContextAccess.cpp:0: bool DB::ContextAccess::checkAccessImplHelper<true, false, false>(std::shared_ptr<DB::Context const> const&, DB::AccessFlags) const @ 0x0000000012935188
7. src/Access/ContextAccess.cpp:856:12: DB::ContextAccess::checkAccess(std::shared_ptr<DB::Context const> const&, DB::AccessFlags const&) const @ 0x000000001292a35c
8. src/Access/ContextAccess.h:271:79: DB::Context::checkAccess(DB::AccessFlags const&) const @ 0x0000000013abdab4
9. src/Functions/addressToSymbol.cpp:38:18: DB::(anonymous namespace)::FunctionAddressToSymbol::create(std::shared_ptr<DB::Context const>) @ 0x000000000a94da78
10. contrib/llvm-project/libcxx/include/__functional/function.h:502:12: ? @ 0x0000000011eb3204
11. contrib/llvm-project/libcxx/include/__functional/function.h:502:12: ? @ 0x0000000011eb110c
12. src/Functions/FunctionFactory.cpp:183:17: DB::FunctionFactory::tryGet(String const&, std::shared_ptr<DB::Context const>) const @ 0x0000000011eb1d6c
13. src/Analyzer/Resolve/resolveFunction.cpp:1789:48: DB::QueryAnalyzer::resolveFunction(std::shared_ptr<DB::IQueryTreeNode>&, DB::IdentifierResolveScope&, bool) @ 0x00000000134ced4c
14. src/Analyzer/Resolve/QueryAnalyzer.cpp:3398:46: DB::QueryAnalyzer::resolveExpressionNode(std::shared_ptr<DB::IQueryTreeNode>&, DB::IdentifierResolveScope&, bool, bool, bool, bool) @ 0x0000000013247960
15. src/Analyzer/Resolve/QueryAnalyzer.cpp:3634:49: DB::QueryAnalyzer::resolveExpressionNodeList(std::shared_ptr<DB::IQueryTreeNode>&, DB::IdentifierResolveScope&, bool, bool, bool) @ 0x0000000013246e30
16. src/Analyzer/Resolve/resolveFunction.cpp:1202:39: DB::QueryAnalyzer::resolveFunction(std::shared_ptr<DB::IQueryTreeNode>&, DB::IdentifierResolveScope&, bool) @ 0x00000000134cb544
17. src/Analyzer/Resolve/QueryAnalyzer.cpp:3398:46: DB::QueryAnalyzer::resolveExpressionNode(std::shared_ptr<DB::IQueryTreeNode>&, DB::IdentifierResolveScope&, bool, bool, bool, bool) @ 0x0000000013247960
18. src/Analyzer/Resolve/QueryAnalyzer.cpp:3023:36: DB::QueryAnalyzer::resolveLambda(std::shared_ptr<DB::IQueryTreeNode> const&, std::shared_ptr<DB::IQueryTreeNode> const&, std::vector<std::shared_ptr<DB::IQueryTreeNode>, std::allocator<std::shared_ptr<DB::IQueryTreeNode>>> const&, DB::IdentifierResolveScope&) @ 0x00000000132601b8
19. src/Analyzer/Resolve/resolveFunction.cpp:1971:39: DB::QueryAnalyzer::resolveFunction(std::shared_ptr<DB::IQueryTreeNode>&, DB::IdentifierResolveScope&, bool) @ 0x00000000134ce514
20. src/Analyzer/Resolve/QueryAnalyzer.cpp:3398:46: DB::QueryAnalyzer::resolveExpressionNode(std::shared_ptr<DB::IQueryTreeNode>&, DB::IdentifierResolveScope&, bool, bool, bool, bool) @ 0x0000000013247960
21. src/Analyzer/Resolve/QueryAnalyzer.cpp:3634:49: DB::QueryAnalyzer::resolveExpressionNodeList(std::shared_ptr<DB::IQueryTreeNode>&, DB::IdentifierResolveScope&, bool, bool, bool) @ 0x0000000013246e30
22. src/Analyzer/Resolve/resolveFunction.cpp:1202:39: DB::QueryAnalyzer::resolveFunction(std::shared_ptr<DB::IQueryTreeNode>&, DB::IdentifierResolveScope&, bool) @ 0x00000000134cb544
23. src/Analyzer/Resolve/QueryAnalyzer.cpp:3398:46: DB::QueryAnalyzer::resolveExpressionNode(std::shared_ptr<DB::IQueryTreeNode>&, DB::IdentifierResolveScope&, bool, bool, bool, bool) @ 0x0000000013247960
24. src/Analyzer/Resolve/QueryAnalyzer.cpp:3634:49: DB::QueryAnalyzer::resolveExpressionNodeList(std::shared_ptr<DB::IQueryTreeNode>&, DB::IdentifierResolveScope&, bool, bool, bool) @ 0x0000000013246e30
25. src/Analyzer/Resolve/QueryAnalyzer.cpp:4063:40: DB::QueryAnalyzer::resolveProjectionExpressionNodeList(std::shared_ptr<DB::IQueryTreeNode>&, DB::IdentifierResolveScope&) @ 0x000000001326549c
26. src/Analyzer/Resolve/QueryAnalyzer.cpp:6277:30: DB::QueryAnalyzer::resolveQuery(std::shared_ptr<DB::IQueryTreeNode> const&, DB::IdentifierResolveScope&) @ 0x0000000013241b88
27. src/Analyzer/Resolve/QueryAnalyzer.cpp:205:13: DB::QueryAnalyzer::resolve(std::shared_ptr<DB::IQueryTreeNode>&, std::shared_ptr<DB::ITableExpressionNode> const&, std::shared_ptr<DB::Context const>) @ 0x0000000013240c4c
28. src/Analyzer/Resolve/QueryAnalysisPass.cpp:19:14: DB::QueryAnalysisPass::run(std::shared_ptr<DB::IQueryTreeNode>&, std::shared_ptr<DB::Context const>) @ 0x00000000132400e0
29. src/Analyzer/QueryTreePassManager.cpp:201:20: DB::QueryTreePassManager::run(std::shared_ptr<DB::IQueryTreeNode>&) @ 0x0000000013297338
30. src/Interpreters/InterpreterSelectQueryAnalyzer.cpp:266:33: DB::buildQueryTreeAndRunPasses(boost::intrusive_ptr<DB::IAST> const&, DB::SelectQueryOptions const&, std::shared_ptr<DB::Context const> const&, std::shared_ptr<DB::IStorage> const&) @ 0x0000000013d7f97c
31. src/Interpreters/InterpreterSelectQueryAnalyzer.cpp:284:18: DB::InterpreterSelectQueryAnalyzer::InterpreterSelectQueryAnalyzer(boost::intrusive_ptr<DB::IAST> const&, std::shared_ptr<DB::Context const> const&, DB::SelectQueryOptions const&, std::vector<String, std::allocator<String>> const&, DB::ActionsDAG const*) @ 0x0000000013d7db90

2026.08.02 13:52:20.923345 [ 955575 ] {} <Error> TCPHandler: Code: 446. DB::Exception: default: Introspection functions are disabled, because setting 'allow_introspection_functions' is set to 0. (FUNCTION_NOT_ALLOWED), Stack trace (when copying this message, always include the lines below):

0. base/poco/Foundation/src/Exception.cpp:32:1: Poco::Exception::Exception(String&&, int) @ 0x000000001dd87678
1. src/Common/Exception.cpp:158:7: DB::Exception::Exception(DB::Exception::MessageMasked&&, int, bool) @ 0x000000000eb6c18c
2. src/Common/Exception.h:201:100: DB::Exception::Exception(String&&, int, String, bool) @ 0x000000000995c358
3. src/Common/Exception.h:57:54: DB::Exception::Exception(PreformattedMessage&&, int) @ 0x000000000995bd8c
4. src/Common/Exception.h:219:77: DB::Exception::Exception<String>(int, FormatStringHelperImpl<std::type_identity<String>::type>, String&&) @ 0x000000000995b998
5. src/Access/ContextAccess.cpp:703:19: auto bool DB::ContextAccess::checkAccessImplHelper<true, false, false>(std::shared_ptr<DB::Context const> const&, DB::AccessFlags) const::'lambda'<typename ...$T>(int, FormatStringHelperImpl<String, std::type_identity<$T>::type...>, $T&&...)::operator()<>(int, FormatStringHelperImpl<String, std::type_identity<$T>::type...>, $T&&...) const @ 0x0000000012935840
6. src/Access/ContextAccess.cpp:0: bool DB::ContextAccess::checkAccessImplHelper<true, false, false>(std::shared_ptr<DB::Context const> const&, DB::AccessFlags) const @ 0x0000000012935188
7. src/Access/ContextAccess.cpp:856:12: DB::ContextAccess::checkAccess(std::shared_ptr<DB::Context const> const&, DB::AccessFlags const&) const @ 0x000000001292a35c
8. src/Access/ContextAccess.h:271:79: DB::Context::checkAccess(DB::AccessFlags const&) const @ 0x0000000013abdab4
9. src/Functions/addressToSymbol.cpp:38:18: DB::(anonymous namespace)::FunctionAddressToSymbol::create(std::shared_ptr<DB::Context const>) @ 0x000000000a94da78
10. contrib/llvm-project/libcxx/include/__functional/function.h:502:12: ? @ 0x0000000011eb3204
11. contrib/llvm-project/libcxx/include/__functional/function.h:502:12: ? @ 0x0000000011eb110c
12. src/Functions/FunctionFactory.cpp:183:17: DB::FunctionFactory::tryGet(String const&, std::shared_ptr<DB::Context const>) const @ 0x0000000011eb1d6c
13. src/Analyzer/Resolve/resolveFunction.cpp:1789:48: DB::QueryAnalyzer::resolveFunction(std::shared_ptr<DB::IQueryTreeNode>&, DB::IdentifierResolveScope&, bool) @ 0x00000000134ced4c
14. src/Analyzer/Resolve/QueryAnalyzer.cpp:3398:46: DB::QueryAnalyzer::resolveExpressionNode(std::shared_ptr<DB::IQueryTreeNode>&, DB::IdentifierResolveScope&, bool, bool, bool, bool) @ 0x0000000013247960
15. src/Analyzer/Resolve/QueryAnalyzer.cpp:3634:49: DB::QueryAnalyzer::resolveExpressionNodeList(std::shared_ptr<DB::IQueryTreeNode>&, DB::IdentifierResolveScope&, bool, bool, bool) @ 0x0000000013246e30
16. src/Analyzer/Resolve/resolveFunction.cpp:1202:39: DB::QueryAnalyzer::resolveFunction(std::shared_ptr<DB::IQueryTreeNode>&, DB::IdentifierResolveScope&, bool) @ 0x00000000134cb544
17. src/Analyzer/Resolve/QueryAnalyzer.cpp:3398:46: DB::QueryAnalyzer::resolveExpressionNode(std::shared_ptr<DB::IQueryTreeNode>&, DB::IdentifierResolveScope&, bool, bool, bool, bool) @ 0x0000000013247960
18. src/Analyzer/Resolve/QueryAnalyzer.cpp:3023:36: DB::QueryAnalyzer::resolveLambda(std::shared_ptr<DB::IQueryTreeNode> const&, std::shared_ptr<DB::IQueryTreeNode> const&, std::vector<std::shared_ptr<DB::IQueryTreeNode>, std::allocator<std::shared_ptr<DB::IQueryTreeNode>>> const&, DB::IdentifierResolveScope&) @ 0x00000000132601b8
19. src/Analyzer/Resolve/resolveFunction.cpp:1971:39: DB::QueryAnalyzer::resolveFunction(std::shared_ptr<DB::IQueryTreeNode>&, DB::IdentifierResolveScope&, bool) @ 0x00000000134ce514
20. src/Analyzer/Resolve/QueryAnalyzer.cpp:3398:46: DB::QueryAnalyzer::resolveExpressionNode(std::shared_ptr<DB::IQueryTreeNode>&, DB::IdentifierResolveScope&, bool, bool, bool, bool) @ 0x0000000013247960
21. src/Analyzer/Resolve/QueryAnalyzer.cpp:3634:49: DB::QueryAnalyzer::resolveExpressionNodeList(std::shared_ptr<DB::IQueryTreeNode>&, DB::IdentifierResolveScope&, bool, bool, bool) @ 0x0000000013246e30
22. src/Analyzer/Resolve/resolveFunction.cpp:1202:39: DB::QueryAnalyzer::resolveFunction(std::shared_ptr<DB::IQueryTreeNode>&, DB::IdentifierResolveScope&, bool) @ 0x00000000134cb544
23. src/Analyzer/Resolve/QueryAnalyzer.cpp:3398:46: DB::QueryAnalyzer::resolveExpressionNode(std::shared_ptr<DB::IQueryTreeNode>&, DB::IdentifierResolveScope&, bool, bool, bool, bool) @ 0x0000000013247960
24. src/Analyzer/Resolve/QueryAnalyzer.cpp:3634:49: DB::QueryAnalyzer::resolveExpressionNodeList(std::shared_ptr<DB::IQueryTreeNode>&, DB::IdentifierResolveScope&, bool, bool, bool) @ 0x0000000013246e30
25. src/Analyzer/Resolve/QueryAnalyzer.cpp:4063:40: DB::QueryAnalyzer::resolveProjectionExpressionNodeList(std::shared_ptr<DB::IQueryTreeNode>&, DB::IdentifierResolveScope&) @ 0x000000001326549c
26. src/Analyzer/Resolve/QueryAnalyzer.cpp:6277:30: DB::QueryAnalyzer::resolveQuery(std::shared_ptr<DB::IQueryTreeNode> const&, DB::IdentifierResolveScope&) @ 0x0000000013241b88
27. src/Analyzer/Resolve/QueryAnalyzer.cpp:205:13: DB::QueryAnalyzer::resolve(std::shared_ptr<DB::IQueryTreeNode>&, std::shared_ptr<DB::ITableExpressionNode> const&, std::shared_ptr<DB::Context const>) @ 0x0000000013240c4c
28. src/Analyzer/Resolve/QueryAnalysisPass.cpp:19:14: DB::QueryAnalysisPass::run(std::shared_ptr<DB::IQueryTreeNode>&, std::shared_ptr<DB::Context const>) @ 0x00000000132400e0
29. src/Analyzer/QueryTreePassManager.cpp:201:20: DB::QueryTreePassManager::run(std::shared_ptr<DB::IQueryTreeNode>&) @ 0x0000000013297338
30. src/Interpreters/InterpreterSelectQueryAnalyzer.cpp:266:33: DB::buildQueryTreeAndRunPasses(boost::intrusive_ptr<DB::IAST> const&, DB::SelectQueryOptions const&, std::shared_ptr<DB::Context const> const&, std::shared_ptr<DB::IStorage> const&) @ 0x0000000013d7f97c
31. src/Interpreters/InterpreterSelectQueryAnalyzer.cpp:284:18: DB::InterpreterSelectQueryAnalyzer::InterpreterSelectQueryAnalyzer(boost::intrusive_ptr<DB::IAST> const&, std::shared_ptr<DB::Context const> const&, DB::SelectQueryOptions const&, std::vector<String, std::allocator<String>> const&, DB::ActionsDAG const*) @ 0x0000000013d7db90

2026.08.02 13:52:35.014435 [ 956474 ] {} <Warning> Application: Integrity check of the executable skipped because the reference checksum could not be read.
2026.08.02 13:52:35.031689 [ 956474 ] {} <Warning> Context: Delay accounting is not enabled, OSIOWaitMicroseconds will not be gathered. You can enable it using `sudo sh -c 'echo 1 > /proc/sys/kernel/task_delayacct'` or by using sysctl.
2026.08.02 13:53:19.867241 [ 956487 ] {0948f151-427d-4c4e-8a89-b7317d8c6de1} <Error> executeQuery: Code: 47. DB::Exception: Unknown expression identifier `name` in scope SELECT name FROM system.processes WHERE 0. (UNKNOWN_IDENTIFIER) (version 26.8.1.1) (from 127.0.0.1:43140) (query 1, line 2) (in query: SELECT name FROM system.processes WHERE 0 ), Stack trace (when copying this message, always include the lines below):

0. base/poco/Foundation/src/Exception.cpp:32:1: Poco::Exception::Exception(String&&, int) @ 0x000000001dd87678
1. src/Common/Exception.cpp:158:7: DB::Exception::Exception(DB::Exception::MessageMasked&&, int, bool) @ 0x000000000eb6c18c
2. src/Common/Exception.h:201:100: DB::Exception::Exception(String&&, int, String, bool) @ 0x000000000995c358
3. src/Common/Exception.h:57:54: DB::Exception::Exception(PreformattedMessage&&, int) @ 0x000000000995bd8c
4. src/Common/Exception.h:219:77: DB::Exception::Exception<char const*, String&, String, String, String>(int, FormatStringHelperImpl<std::type_identity<char const*>::type, std::type_identity<String&>::type, std::type_identity<String>::type, std::type_identity<String>::type, std::type_identity<String>::type>, char const*&&, String&, String&&, String&&, String&&) @ 0x00000000132637e8
5. src/Analyzer/Resolve/QueryAnalyzer.cpp:3325:27: DB::QueryAnalyzer::resolveExpressionNode(std::shared_ptr<DB::IQueryTreeNode>&, DB::IdentifierResolveScope&, bool, bool, bool, bool) @ 0x00000000132494d0
6. src/Analyzer/Resolve/QueryAnalyzer.cpp:3634:49: DB::QueryAnalyzer::resolveExpressionNodeList(std::shared_ptr<DB::IQueryTreeNode>&, DB::IdentifierResolveScope&, bool, bool, bool) @ 0x0000000013246e30
7. src/Analyzer/Resolve/QueryAnalyzer.cpp:4063:40: DB::QueryAnalyzer::resolveProjectionExpressionNodeList(std::shared_ptr<DB::IQueryTreeNode>&, DB::IdentifierResolveScope&) @ 0x000000001326549c
8. src/Analyzer/Resolve/QueryAnalyzer.cpp:6277:30: DB::QueryAnalyzer::resolveQuery(std::shared_ptr<DB::IQueryTreeNode> const&, DB::IdentifierResolveScope&) @ 0x0000000013241b88
9. src/Analyzer/Resolve/QueryAnalyzer.cpp:205:13: DB::QueryAnalyzer::resolve(std::shared_ptr<DB::IQueryTreeNode>&, std::shared_ptr<DB::ITableExpressionNode> const&, std::shared_ptr<DB::Context const>) @ 0x0000000013240c4c
10. src/Analyzer/Resolve/QueryAnalysisPass.cpp:19:14: DB::QueryAnalysisPass::run(std::shared_ptr<DB::IQueryTreeNode>&, std::shared_ptr<DB::Context const>) @ 0x00000000132400e0
11. src/Analyzer/QueryTreePassManager.cpp:201:20: DB::QueryTreePassManager::run(std::shared_ptr<DB::IQueryTreeNode>&) @ 0x0000000013297338
12. src/Interpreters/InterpreterSelectQueryAnalyzer.cpp:266:33: DB::buildQueryTreeAndRunPasses(boost::intrusive_ptr<DB::IAST> const&, DB::SelectQueryOptions const&, std::shared_ptr<DB::Context const> const&, std::shared_ptr<DB::IStorage> const&) @ 0x0000000013d7f97c
13. src/Interpreters/InterpreterSelectQueryAnalyzer.cpp:284:18: DB::InterpreterSelectQueryAnalyzer::InterpreterSelectQueryAnalyzer(boost::intrusive_ptr<DB::IAST> const&, std::shared_ptr<DB::Context const> const&, DB::SelectQueryOptions const&, std::vector<String, std::allocator<String>> const&, DB::ActionsDAG const*) @ 0x0000000013d7db90
14. contrib/llvm-project/libcxx/include/__memory/unique_ptr.h:770:30: std::unique_ptr<DB::InterpreterSelectQueryAnalyzer, std::default_delete<DB::InterpreterSelectQueryAnalyzer>> std::make_unique[abi:fqe220101]<DB::InterpreterSelectQueryAnalyzer, boost::intrusive_ptr<DB::IAST>&, std::shared_ptr<DB::Context> const&, DB::SelectQueryOptions const&, 0>(boost::intrusive_ptr<DB::IAST>&, std::shared_ptr<DB::Context> const&, DB::SelectQueryOptions const&) @ 0x0000000013d8560c
15. contrib/llvm-project/libcxx/include/__functional/function.h:502:12: ? @ 0x0000000013d37850
16. src/Interpreters/executeQuery.cpp:1881:66: DB::executeQueryImpl(char const*, char const*, std::shared_ptr<DB::Context>, DB::QueryFlags, DB::QueryProcessingStage::Enum, std::unique_ptr<DB::ReadBuffer, std::default_delete<DB::ReadBuffer>>&, boost::intrusive_ptr<DB::IAST>&, std::shared_ptr<DB::ImplicitTransactionControlExecutor>, std::function<void ()>, DB::QueryResultDetails&) @ 0x00000000141489c4
17. src/Interpreters/executeQuery.cpp:2438:11: DB::executeQuery(std::basic_string_view<char, std::char_traits<char>>, std::shared_ptr<DB::Context>, DB::QueryFlags, DB::QueryProcessingStage::Enum) @ 0x0000000014144890
18. src/Server/TCPHandler.cpp:899:68: DB::TCPHandler::runImpl() @ 0x000000001927e440
19. src/Server/TCPHandler.cpp:3354:9: DB::TCPHandler::run() @ 0x000000001929c204
20. base/poco/Net/src/TCPServerConnection.cpp:40:3: Poco::Net::TCPServerConnection::start() @ 0x000000001de01258
21. base/poco/Net/src/TCPServerDispatcher.cpp:115:42: Poco::Net::TCPServerDispatcher::run() @ 0x000000001de01818
22. base/poco/Foundation/src/ThreadPool.cpp:207:14: Poco::PooledThread::run() @ 0x000000001ddc1f58
23. base/poco/Foundation/src/Thread_POSIX.cpp:341:27: Poco::ThreadImpl::runnableEntry(void*) @ 0x000000001ddc0274
24. ? @ 0x000000000008c248
25. ? @ 0x00000000000f6adc

2026.08.02 13:53:19.867483 [ 956487 ] {} <Error> TCPHandler: Code: 47. DB::Exception: Unknown expression identifier `name` in scope SELECT name FROM system.processes WHERE 0. (UNKNOWN_IDENTIFIER), Stack trace (when copying this message, always include the lines below):

0. base/poco/Foundation/src/Exception.cpp:32:1: Poco::Exception::Exception(String&&, int) @ 0x000000001dd87678
1. src/Common/Exception.cpp:158:7: DB::Exception::Exception(DB::Exception::MessageMasked&&, int, bool) @ 0x000000000eb6c18c
2. src/Common/Exception.h:201:100: DB::Exception::Exception(String&&, int, String, bool) @ 0x000000000995c358
3. src/Common/Exception.h:57:54: DB::Exception::Exception(PreformattedMessage&&, int) @ 0x000000000995bd8c
4. src/Common/Exception.h:219:77: DB::Exception::Exception<char const*, String&, String, String, String>(int, FormatStringHelperImpl<std::type_identity<char const*>::type, std::type_identity<String&>::type, std::type_identity<String>::type, std::type_identity<String>::type, std::type_identity<String>::type>, char const*&&, String&, String&&, String&&, String&&) @ 0x00000000132637e8
5. src/Analyzer/Resolve/QueryAnalyzer.cpp:3325:27: DB::QueryAnalyzer::resolveExpressionNode(std::shared_ptr<DB::IQueryTreeNode>&, DB::IdentifierResolveScope&, bool, bool, bool, bool) @ 0x00000000132494d0
6. src/Analyzer/Resolve/QueryAnalyzer.cpp:3634:49: DB::QueryAnalyzer::resolveExpressionNodeList(std::shared_ptr<DB::IQueryTreeNode>&, DB::IdentifierResolveScope&, bool, bool, bool) @ 0x0000000013246e30
7. src/Analyzer/Resolve/QueryAnalyzer.cpp:4063:40: DB::QueryAnalyzer::resolveProjectionExpressionNodeList(std::shared_ptr<DB::IQueryTreeNode>&, DB::IdentifierResolveScope&) @ 0x000000001326549c
8. src/Analyzer/Resolve/QueryAnalyzer.cpp:6277:30: DB::QueryAnalyzer::resolveQuery(std::shared_ptr<DB::IQueryTreeNode> const&, DB::IdentifierResolveScope&) @ 0x0000000013241b88
9. src/Analyzer/Resolve/QueryAnalyzer.cpp:205:13: DB::QueryAnalyzer::resolve(std::shared_ptr<DB::IQueryTreeNode>&, std::shared_ptr<DB::ITableExpressionNode> const&, std::shared_ptr<DB::Context const>) @ 0x0000000013240c4c
10. src/Analyzer/Resolve/QueryAnalysisPass.cpp:19:14: DB::QueryAnalysisPass::run(std::shared_ptr<DB::IQueryTreeNode>&, std::shared_ptr<DB::Context const>) @ 0x00000000132400e0
11. src/Analyzer/QueryTreePassManager.cpp:201:20: DB::QueryTreePassManager::run(std::shared_ptr<DB::IQueryTreeNode>&) @ 0x0000000013297338
12. src/Interpreters/InterpreterSelectQueryAnalyzer.cpp:266:33: DB::buildQueryTreeAndRunPasses(boost::intrusive_ptr<DB::IAST> const&, DB::SelectQueryOptions const&, std::shared_ptr<DB::Context const> const&, std::shared_ptr<DB::IStorage> const&) @ 0x0000000013d7f97c
13. src/Interpreters/InterpreterSelectQueryAnalyzer.cpp:284:18: DB::InterpreterSelectQueryAnalyzer::InterpreterSelectQueryAnalyzer(boost::intrusive_ptr<DB::IAST> const&, std::shared_ptr<DB::Context const> const&, DB::SelectQueryOptions const&, std::vector<String, std::allocator<String>> const&, DB::ActionsDAG const*) @ 0x0000000013d7db90
14. contrib/llvm-project/libcxx/include/__memory/unique_ptr.h:770:30: std::unique_ptr<DB::InterpreterSelectQueryAnalyzer, std::default_delete<DB::InterpreterSelectQueryAnalyzer>> std::make_unique[abi:fqe220101]<DB::InterpreterSelectQueryAnalyzer, boost::intrusive_ptr<DB::IAST>&, std::shared_ptr<DB::Context> const&, DB::SelectQueryOptions const&, 0>(boost::intrusive_ptr<DB::IAST>&, std::shared_ptr<DB::Context> const&, DB::SelectQueryOptions const&) @ 0x0000000013d8560c
15. contrib/llvm-project/libcxx/include/__functional/function.h:502:12: ? @ 0x0000000013d37850
16. src/Interpreters/executeQuery.cpp:1881:66: DB::executeQueryImpl(char const*, char const*, std::shared_ptr<DB::Context>, DB::QueryFlags, DB::QueryProcessingStage::Enum, std::unique_ptr<DB::ReadBuffer, std::default_delete<DB::ReadBuffer>>&, boost::intrusive_ptr<DB::IAST>&, std::shared_ptr<DB::ImplicitTransactionControlExecutor>, std::function<void ()>, DB::QueryResultDetails&) @ 0x00000000141489c4
17. src/Interpreters/executeQuery.cpp:2438:11: DB::executeQuery(std::basic_string_view<char, std::char_traits<char>>, std::shared_ptr<DB::Context>, DB::QueryFlags, DB::QueryProcessingStage::Enum) @ 0x0000000014144890
18. src/Server/TCPHandler.cpp:899:68: DB::TCPHandler::runImpl() @ 0x000000001927e440
19. src/Server/TCPHandler.cpp:3354:9: DB::TCPHandler::run() @ 0x000000001929c204
20. base/poco/Net/src/TCPServerConnection.cpp:40:3: Poco::Net::TCPServerConnection::start() @ 0x000000001de01258
21. base/poco/Net/src/TCPServerDispatcher.cpp:115:42: Poco::Net::TCPServerDispatcher::run() @ 0x000000001de01818
22. base/poco/Foundation/src/ThreadPool.cpp:207:14: Poco::PooledThread::run() @ 0x000000001ddc1f58
23. base/poco/Foundation/src/Thread_POSIX.cpp:341:27: Poco::ThreadImpl::runnableEntry(void*) @ 0x000000001ddc0274
24. ? @ 0x000000000008c248
25. ? @ 0x00000000000f6adc

2026.08.02 13:53:34.585247 [ 956487 ] {30d2f38d-0547-45dc-83eb-5b9dfd1b2c53} <Error> executeQuery: Code: 48. DB::Exception: ANY FULL JOINs are not implemented. (NOT_IMPLEMENTED) (version 26.8.1.1) (from 127.0.0.1:55190) (query 1, line 1) (in query: WITH l AS (SELECT number % 1000 AS k, toString(number % 700) AS s FROM numbers(5000)), r AS (SELECT number % 1300 AS k, toInt64(number) AS v, toString(number % 900) AS s FROM numbers(4000)) SELECT count(), sum(ifNull(l.k, -1)), sum(ifNull(r.v, -1)) FROM l FULL ANY JOIN r ON l.k = r.k), Stack trace (when copying this message, always include the lines below):

0. base/poco/Foundation/src/Exception.cpp:32:1: Poco::Exception::Exception(String&&, int) @ 0x000000001dd87678
1. src/Common/Exception.cpp:158:7: DB::Exception::Exception(DB::Exception::MessageMasked&&, int, bool) @ 0x000000000eb6c18c
2. src/Common/Exception.h:201:100: DB::Exception::Exception(String&&, int, String, bool) @ 0x000000000995c358
3. src/Common/Exception.h:57:54: DB::Exception::Exception(PreformattedMessage&&, int) @ 0x000000000995bd8c
4. src/Common/Exception.h:219:77: DB::Exception::Exception<>(int, FormatStringHelperImpl<>) @ 0x000000000eb6ad14
5. src/Analyzer/QueryTreeBuilder.cpp:1140:23: DB::(anonymous namespace)::QueryTreeBuilder::buildSelectExpression(boost::intrusive_ptr<DB::IAST> const&, bool, DB::(anonymous namespace)::QueryTreeBuilder::CommonTableExpressionData const&, boost::intrusive_ptr<DB::IAST> const&, std::shared_ptr<DB::Context const> const&) const @ 0x000000001322f2bc
6. src/Analyzer/QueryTreeBuilder.cpp:179:22: DB::(anonymous namespace)::QueryTreeBuilder::buildSelectOrUnionExpression(boost::intrusive_ptr<DB::IAST> const&, bool, DB::(anonymous namespace)::QueryTreeBuilder::CommonTableExpressionData const&, boost::intrusive_ptr<DB::IAST> const&, std::shared_ptr<DB::Context const> const&) const @ 0x0000000013227f30
7. src/Analyzer/QueryTreeBuilder.cpp:175:22: DB::(anonymous namespace)::QueryTreeBuilder::buildSelectOrUnionExpression(boost::intrusive_ptr<DB::IAST> const&, bool, DB::(anonymous namespace)::QueryTreeBuilder::CommonTableExpressionData const&, boost::intrusive_ptr<DB::IAST> const&, std::shared_ptr<DB::Context const> const&) const @ 0x0000000013227ec8
8. src/Analyzer/QueryTreeBuilder.cpp:156:27: DB::buildQueryTree(boost::intrusive_ptr<DB::IAST>, std::shared_ptr<DB::Context const>) @ 0x000000001322757c
9. src/Interpreters/InterpreterSelectQueryAnalyzer.cpp:254:23: DB::buildQueryTreeAndRunPasses(boost::intrusive_ptr<DB::IAST> const&, DB::SelectQueryOptions const&, std::shared_ptr<DB::Context const> const&, std::shared_ptr<DB::IStorage> const&) @ 0x0000000013d7f904
10. src/Interpreters/InterpreterSelectQueryAnalyzer.cpp:284:18: DB::InterpreterSelectQueryAnalyzer::InterpreterSelectQueryAnalyzer(boost::intrusive_ptr<DB::IAST> const&, std::shared_ptr<DB::Context const> const&, DB::SelectQueryOptions const&, std::vector<String, std::allocator<String>> const&, DB::ActionsDAG const*) @ 0x0000000013d7db90
11. contrib/llvm-project/libcxx/include/__memory/unique_ptr.h:770:30: std::unique_ptr<DB::InterpreterSelectQueryAnalyzer, std::default_delete<DB::InterpreterSelectQueryAnalyzer>> std::make_unique[abi:fqe220101]<DB::InterpreterSelectQueryAnalyzer, boost::intrusive_ptr<DB::IAST>&, std::shared_ptr<DB::Context> const&, DB::SelectQueryOptions const&, 0>(boost::intrusive_ptr<DB::IAST>&, std::shared_ptr<DB::Context> const&, DB::SelectQueryOptions const&) @ 0x0000000013d8560c
12. contrib/llvm-project/libcxx/include/__functional/function.h:502:12: ? @ 0x0000000013d37850
13. src/Interpreters/executeQuery.cpp:1881:66: DB::executeQueryImpl(char const*, char const*, std::shared_ptr<DB::Context>, DB::QueryFlags, DB::QueryProcessingStage::Enum, std::unique_ptr<DB::ReadBuffer, std::default_delete<DB::ReadBuffer>>&, boost::intrusive_ptr<DB::IAST>&, std::shared_ptr<DB::ImplicitTransactionControlExecutor>, std::function<void ()>, DB::QueryResultDetails&) @ 0x00000000141489c4
14. src/Interpreters/executeQuery.cpp:2438:11: DB::executeQuery(std::basic_string_view<char, std::char_traits<char>>, std::shared_ptr<DB::Context>, DB::QueryFlags, DB::QueryProcessingStage::Enum) @ 0x0000000014144890
15. src/Server/TCPHandler.cpp:899:68: DB::TCPHandler::runImpl() @ 0x000000001927e440
16. src/Server/TCPHandler.cpp:3354:9: DB::TCPHandler::run() @ 0x000000001929c204
17. base/poco/Net/src/TCPServerConnection.cpp:40:3: Poco::Net::TCPServerConnection::start() @ 0x000000001de01258
18. base/poco/Net/src/TCPServerDispatcher.cpp:115:42: Poco::Net::TCPServerDispatcher::run() @ 0x000000001de01818
19. base/poco/Foundation/src/ThreadPool.cpp:207:14: Poco::PooledThread::run() @ 0x000000001ddc1f58
20. base/poco/Foundation/src/Thread_POSIX.cpp:341:27: Poco::ThreadImpl::runnableEntry(void*) @ 0x000000001ddc0274
21. ? @ 0x000000000008c248
22. ? @ 0x00000000000f6adc

2026.08.02 13:53:34.585442 [ 956487 ] {} <Error> TCPHandler: Code: 48. DB::Exception: ANY FULL JOINs are not implemented. (NOT_IMPLEMENTED), Stack trace (when copying this message, always include the lines below):

0. base/poco/Foundation/src/Exception.cpp:32:1: Poco::Exception::Exception(String&&, int) @ 0x000000001dd87678
1. src/Common/Exception.cpp:158:7: DB::Exception::Exception(DB::Exception::MessageMasked&&, int, bool) @ 0x000000000eb6c18c
2. src/Common/Exception.h:201:100: DB::Exception::Exception(String&&, int, String, bool) @ 0x000000000995c358
3. src/Common/Exception.h:57:54: DB::Exception::Exception(PreformattedMessage&&, int) @ 0x000000000995bd8c
4. src/Common/Exception.h:219:77: DB::Exception::Exception<>(int, FormatStringHelperImpl<>) @ 0x000000000eb6ad14
5. src/Analyzer/QueryTreeBuilder.cpp:1140:23: DB::(anonymous namespace)::QueryTreeBuilder::buildSelectExpression(boost::intrusive_ptr<DB::IAST> const&, bool, DB::(anonymous namespace)::QueryTreeBuilder::CommonTableExpressionData const&, boost::intrusive_ptr<DB::IAST> const&, std::shared_ptr<DB::Context const> const&) const @ 0x000000001322f2bc
6. src/Analyzer/QueryTreeBuilder.cpp:179:22: DB::(anonymous namespace)::QueryTreeBuilder::buildSelectOrUnionExpression(boost::intrusive_ptr<DB::IAST> const&, bool, DB::(anonymous namespace)::QueryTreeBuilder::CommonTableExpressionData const&, boost::intrusive_ptr<DB::IAST> const&, std::shared_ptr<DB::Context const> const&) const @ 0x0000000013227f30
7. src/Analyzer/QueryTreeBuilder.cpp:175:22: DB::(anonymous namespace)::QueryTreeBuilder::buildSelectOrUnionExpression(boost::intrusive_ptr<DB::IAST> const&, bool, DB::(anonymous namespace)::QueryTreeBuilder::CommonTableExpressionData const&, boost::intrusive_ptr<DB::IAST> const&, std::shared_ptr<DB::Context const> const&) const @ 0x0000000013227ec8
8. src/Analyzer/QueryTreeBuilder.cpp:156:27: DB::buildQueryTree(boost::intrusive_ptr<DB::IAST>, std::shared_ptr<DB::Context const>) @ 0x000000001322757c
9. src/Interpreters/InterpreterSelectQueryAnalyzer.cpp:254:23: DB::buildQueryTreeAndRunPasses(boost::intrusive_ptr<DB::IAST> const&, DB::SelectQueryOptions const&, std::shared_ptr<DB::Context const> const&, std::shared_ptr<DB::IStorage> const&) @ 0x0000000013d7f904
10. src/Interpreters/InterpreterSelectQueryAnalyzer.cpp:284:18: DB::InterpreterSelectQueryAnalyzer::InterpreterSelectQueryAnalyzer(boost::intrusive_ptr<DB::IAST> const&, std::shared_ptr<DB::Context const> const&, DB::SelectQueryOptions const&, std::vector<String, std::allocator<String>> const&, DB::ActionsDAG const*) @ 0x0000000013d7db90
11. contrib/llvm-project/libcxx/include/__memory/unique_ptr.h:770:30: std::unique_ptr<DB::InterpreterSelectQueryAnalyzer, std::default_delete<DB::InterpreterSelectQueryAnalyzer>> std::make_unique[abi:fqe220101]<DB::InterpreterSelectQueryAnalyzer, boost::intrusive_ptr<DB::IAST>&, std::shared_ptr<DB::Context> const&, DB::SelectQueryOptions const&, 0>(boost::intrusive_ptr<DB::IAST>&, std::shared_ptr<DB::Context> const&, DB::SelectQueryOptions const&) @ 0x0000000013d8560c
12. contrib/llvm-project/libcxx/include/__functional/function.h:502:12: ? @ 0x0000000013d37850
13. src/Interpreters/executeQuery.cpp:1881:66: DB::executeQueryImpl(char const*, char const*, std::shared_ptr<DB::Context>, DB::QueryFlags, DB::QueryProcessingStage::Enum, std::unique_ptr<DB::ReadBuffer, std::default_delete<DB::ReadBuffer>>&, boost::intrusive_ptr<DB::IAST>&, std::shared_ptr<DB::ImplicitTransactionControlExecutor>, std::function<void ()>, DB::QueryResultDetails&) @ 0x00000000141489c4
14. src/Interpreters/executeQuery.cpp:2438:11: DB::executeQuery(std::basic_string_view<char, std::char_traits<char>>, std::shared_ptr<DB::Context>, DB::QueryFlags, DB::QueryProcessingStage::Enum) @ 0x0000000014144890
15. src/Server/TCPHandler.cpp:899:68: DB::TCPHandler::runImpl() @ 0x000000001927e440
16. src/Server/TCPHandler.cpp:3354:9: DB::TCPHandler::run() @ 0x000000001929c204
17. base/poco/Net/src/TCPServerConnection.cpp:40:3: Poco::Net::TCPServerConnection::start() @ 0x000000001de01258
18. base/poco/Net/src/TCPServerDispatcher.cpp:115:42: Poco::Net::TCPServerDispatcher::run() @ 0x000000001de01818
19. base/poco/Foundation/src/ThreadPool.cpp:207:14: Poco::PooledThread::run() @ 0x000000001ddc1f58
20. base/poco/Foundation/src/Thread_POSIX.cpp:341:27: Poco::ThreadImpl::runnableEntry(void*) @ 0x000000001ddc0274
21. ? @ 0x000000000008c248
22. ? @ 0x00000000000f6adc

2026.08.02 13:53:34.631587 [ 956487 ] {1412858e-613b-4ce4-b954-66d3df152546} <Error> executeQuery: Code: 48. DB::Exception: ANY FULL JOINs are not implemented. (NOT_IMPLEMENTED) (version 26.8.1.1) (from 127.0.0.1:55200) (query 1, line 1) (in query: WITH l AS (SELECT number % 1000 AS k, toString(number % 700) AS s FROM numbers(5000)), r AS (SELECT number % 1300 AS k, toInt64(number) AS v, toString(number % 900) AS s FROM numbers(4000)) SELECT count(), sum(ifNull(l.k, -1)), sum(ifNull(r.v, -1)) FROM l FULL ANY JOIN r ON l.k = r.k), Stack trace (when copying this message, always include the lines below):

0. base/poco/Foundation/src/Exception.cpp:32:1: Poco::Exception::Exception(String&&, int) @ 0x000000001dd87678
1. src/Common/Exception.cpp:158:7: DB::Exception::Exception(DB::Exception::MessageMasked&&, int, bool) @ 0x000000000eb6c18c
2. src/Common/Exception.h:201:100: DB::Exception::Exception(String&&, int, String, bool) @ 0x000000000995c358
3. src/Common/Exception.h:57:54: DB::Exception::Exception(PreformattedMessage&&, int) @ 0x000000000995bd8c
4. src/Common/Exception.h:219:77: DB::Exception::Exception<>(int, FormatStringHelperImpl<>) @ 0x000000000eb6ad14
5. src/Analyzer/QueryTreeBuilder.cpp:1140:23: DB::(anonymous namespace)::QueryTreeBuilder::buildSelectExpression(boost::intrusive_ptr<DB::IAST> const&, bool, DB::(anonymous namespace)::QueryTreeBuilder::CommonTableExpressionData const&, boost::intrusive_ptr<DB::IAST> const&, std::shared_ptr<DB::Context const> const&) const @ 0x000000001322f2bc
6. src/Analyzer/QueryTreeBuilder.cpp:179:22: DB::(anonymous namespace)::QueryTreeBuilder::buildSelectOrUnionExpression(boost::intrusive_ptr<DB::IAST> const&, bool, DB::(anonymous namespace)::QueryTreeBuilder::CommonTableExpressionData const&, boost::intrusive_ptr<DB::IAST> const&, std::shared_ptr<DB::Context const> const&) const @ 0x0000000013227f30
7. src/Analyzer/QueryTreeBuilder.cpp:175:22: DB::(anonymous namespace)::QueryTreeBuilder::buildSelectOrUnionExpression(boost::intrusive_ptr<DB::IAST> const&, bool, DB::(anonymous namespace)::QueryTreeBuilder::CommonTableExpressionData const&, boost::intrusive_ptr<DB::IAST> const&, std::shared_ptr<DB::Context const> const&) const @ 0x0000000013227ec8
8. src/Analyzer/QueryTreeBuilder.cpp:156:27: DB::buildQueryTree(boost::intrusive_ptr<DB::IAST>, std::shared_ptr<DB::Context const>) @ 0x000000001322757c
9. src/Interpreters/InterpreterSelectQueryAnalyzer.cpp:254:23: DB::buildQueryTreeAndRunPasses(boost::intrusive_ptr<DB::IAST> const&, DB::SelectQueryOptions const&, std::shared_ptr<DB::Context const> const&, std::shared_ptr<DB::IStorage> const&) @ 0x0000000013d7f904
10. src/Interpreters/InterpreterSelectQueryAnalyzer.cpp:284:18: DB::InterpreterSelectQueryAnalyzer::InterpreterSelectQueryAnalyzer(boost::intrusive_ptr<DB::IAST> const&, std::shared_ptr<DB::Context const> const&, DB::SelectQueryOptions const&, std::vector<String, std::allocator<String>> const&, DB::ActionsDAG const*) @ 0x0000000013d7db90
11. contrib/llvm-project/libcxx/include/__memory/unique_ptr.h:770:30: std::unique_ptr<DB::InterpreterSelectQueryAnalyzer, std::default_delete<DB::InterpreterSelectQueryAnalyzer>> std::make_unique[abi:fqe220101]<DB::InterpreterSelectQueryAnalyzer, boost::intrusive_ptr<DB::IAST>&, std::shared_ptr<DB::Context> const&, DB::SelectQueryOptions const&, 0>(boost::intrusive_ptr<DB::IAST>&, std::shared_ptr<DB::Context> const&, DB::SelectQueryOptions const&) @ 0x0000000013d8560c
12. contrib/llvm-project/libcxx/include/__functional/function.h:502:12: ? @ 0x0000000013d37850
13. src/Interpreters/executeQuery.cpp:1881:66: DB::executeQueryImpl(char const*, char const*, std::shared_ptr<DB::Context>, DB::QueryFlags, DB::QueryProcessingStage::Enum, std::unique_ptr<DB::ReadBuffer, std::default_delete<DB::ReadBuffer>>&, boost::intrusive_ptr<DB::IAST>&, std::shared_ptr<DB::ImplicitTransactionControlExecutor>, std::function<void ()>, DB::QueryResultDetails&) @ 0x00000000141489c4
14. src/Interpreters/executeQuery.cpp:2438:11: DB::executeQuery(std::basic_string_view<char, std::char_traits<char>>, std::shared_ptr<DB::Context>, DB::QueryFlags, DB::QueryProcessingStage::Enum) @ 0x0000000014144890
15. src/Server/TCPHandler.cpp:899:68: DB::TCPHandler::runImpl() @ 0x000000001927e440
16. src/Server/TCPHandler.cpp:3354:9: DB::TCPHandler::run() @ 0x000000001929c204
17. base/poco/Net/src/TCPServerConnection.cpp:40:3: Poco::Net::TCPServerConnection::start() @ 0x000000001de01258
18. base/poco/Net/src/TCPServerDispatcher.cpp:115:42: Poco::Net::TCPServerDispatcher::run() @ 0x000000001de01818
19. base/poco/Foundation/src/ThreadPool.cpp:207:14: Poco::PooledThread::run() @ 0x000000001ddc1f58
20. base/poco/Foundation/src/Thread_POSIX.cpp:341:27: Poco::ThreadImpl::runnableEntry(void*) @ 0x000000001ddc0274
21. ? @ 0x000000000008c248
22. ? @ 0x00000000000f6adc

2026.08.02 13:53:34.631720 [ 956487 ] {} <Error> TCPHandler: Code: 48. DB::Exception: ANY FULL JOINs are not implemented. (NOT_IMPLEMENTED), Stack trace (when copying this message, always include the lines below):

0. base/poco/Foundation/src/Exception.cpp:32:1: Poco::Exception::Exception(String&&, int) @ 0x000000001dd87678
1. src/Common/Exception.cpp:158:7: DB::Exception::Exception(DB::Exception::MessageMasked&&, int, bool) @ 0x000000000eb6c18c
2. src/Common/Exception.h:201:100: DB::Exception::Exception(String&&, int, String, bool) @ 0x000000000995c358
3. src/Common/Exception.h:57:54: DB::Exception::Exception(PreformattedMessage&&, int) @ 0x000000000995bd8c
4. src/Common/Exception.h:219:77: DB::Exception::Exception<>(int, FormatStringHelperImpl<>) @ 0x000000000eb6ad14
5. src/Analyzer/QueryTreeBuilder.cpp:1140:23: DB::(anonymous namespace)::QueryTreeBuilder::buildSelectExpression(boost::intrusive_ptr<DB::IAST> const&, bool, DB::(anonymous namespace)::QueryTreeBuilder::CommonTableExpressionData const&, boost::intrusive_ptr<DB::IAST> const&, std::shared_ptr<DB::Context const> const&) const @ 0x000000001322f2bc
6. src/Analyzer/QueryTreeBuilder.cpp:179:22: DB::(anonymous namespace)::QueryTreeBuilder::buildSelectOrUnionExpression(boost::intrusive_ptr<DB::IAST> const&, bool, DB::(anonymous namespace)::QueryTreeBuilder::CommonTableExpressionData const&, boost::intrusive_ptr<DB::IAST> const&, std::shared_ptr<DB::Context const> const&) const @ 0x0000000013227f30
7. src/Analyzer/QueryTreeBuilder.cpp:175:22: DB::(anonymous namespace)::QueryTreeBuilder::buildSelectOrUnionExpression(boost::intrusive_ptr<DB::IAST> const&, bool, DB::(anonymous namespace)::QueryTreeBuilder::CommonTableExpressionData const&, boost::intrusive_ptr<DB::IAST> const&, std::shared_ptr<DB::Context const> const&) const @ 0x0000000013227ec8
8. src/Analyzer/QueryTreeBuilder.cpp:156:27: DB::buildQueryTree(boost::intrusive_ptr<DB::IAST>, std::shared_ptr<DB::Context const>) @ 0x000000001322757c
9. src/Interpreters/InterpreterSelectQueryAnalyzer.cpp:254:23: DB::buildQueryTreeAndRunPasses(boost::intrusive_ptr<DB::IAST> const&, DB::SelectQueryOptions const&, std::shared_ptr<DB::Context const> const&, std::shared_ptr<DB::IStorage> const&) @ 0x0000000013d7f904
10. src/Interpreters/InterpreterSelectQueryAnalyzer.cpp:284:18: DB::InterpreterSelectQueryAnalyzer::InterpreterSelectQueryAnalyzer(boost::intrusive_ptr<DB::IAST> const&, std::shared_ptr<DB::Context const> const&, DB::SelectQueryOptions const&, std::vector<String, std::allocator<String>> const&, DB::ActionsDAG const*) @ 0x0000000013d7db90
11. contrib/llvm-project/libcxx/include/__memory/unique_ptr.h:770:30: std::unique_ptr<DB::InterpreterSelectQueryAnalyzer, std::default_delete<DB::InterpreterSelectQueryAnalyzer>> std::make_unique[abi:fqe220101]<DB::InterpreterSelectQueryAnalyzer, boost::intrusive_ptr<DB::IAST>&, std::shared_ptr<DB::Context> const&, DB::SelectQueryOptions const&, 0>(boost::intrusive_ptr<DB::IAST>&, std::shared_ptr<DB::Context> const&, DB::SelectQueryOptions const&) @ 0x0000000013d8560c
12. contrib/llvm-project/libcxx/include/__functional/function.h:502:12: ? @ 0x0000000013d37850
13. src/Interpreters/executeQuery.cpp:1881:66: DB::executeQueryImpl(char const*, char const*, std::shared_ptr<DB::Context>, DB::QueryFlags, DB::QueryProcessingStage::Enum, std::unique_ptr<DB::ReadBuffer, std::default_delete<DB::ReadBuffer>>&, boost::intrusive_ptr<DB::IAST>&, std::shared_ptr<DB::ImplicitTransactionControlExecutor>, std::function<void ()>, DB::QueryResultDetails&) @ 0x00000000141489c4
14. src/Interpreters/executeQuery.cpp:2438:11: DB::executeQuery(std::basic_string_view<char, std::char_traits<char>>, std::shared_ptr<DB::Context>, DB::QueryFlags, DB::QueryProcessingStage::Enum) @ 0x0000000014144890
15. src/Server/TCPHandler.cpp:899:68: DB::TCPHandler::runImpl() @ 0x000000001927e440
16. src/Server/TCPHandler.cpp:3354:9: DB::TCPHandler::run() @ 0x000000001929c204
17. base/poco/Net/src/TCPServerConnection.cpp:40:3: Poco::Net::TCPServerConnection::start() @ 0x000000001de01258
18. base/poco/Net/src/TCPServerDispatcher.cpp:115:42: Poco::Net::TCPServerDispatcher::run() @ 0x000000001de01818
19. base/poco/Foundation/src/ThreadPool.cpp:207:14: Poco::PooledThread::run() @ 0x000000001ddc1f58
20. base/poco/Foundation/src/Thread_POSIX.cpp:341:27: Poco::ThreadImpl::runnableEntry(void*) @ 0x000000001ddc0274
21. ? @ 0x000000000008c248
22. ? @ 0x00000000000f6adc

2026.08.02 13:53:38.021181 [ 956487 ] {7aa8c565-49c1-4ac1-b7d5-ab9f3dd2188c} <Error> executeQuery: Code: 290. DB::Exception: Too many grace hash join buckets (2048 > 1024), consider increasing grace_hash_join_max_buckets or max_rows_in_join/max_bytes_in_join: While executing DelayedJoinedBlocksTransform. (LIMIT_EXCEEDED) (version 26.8.1.1) (from 127.0.0.1:55636) (query 1, line 1) (in query: WITH l AS (SELECT number % 1000 AS k, toString(number % 700) AS s FROM numbers(5000)), r AS (SELECT number % 1300 AS k, toInt64(number) AS v, toString(number % 900) AS s FROM numbers(4000)) SELECT count(), sum(ifNull(r.v, -1)) FROM l INNER JOIN r ON l.k = r.k), Stack trace (when copying this message, always include the lines below):

0. base/poco/Foundation/src/Exception.cpp:32:1: Poco::Exception::Exception(String&&, int) @ 0x000000001dd87678
1. src/Common/Exception.cpp:158:7: DB::Exception::Exception(DB::Exception::MessageMasked&&, int, bool) @ 0x000000000eb6c18c
2. src/Common/Exception.h:201:100: DB::Exception::Exception(String&&, int, String, bool) @ 0x000000000995c358
3. src/Common/Exception.h:57:54: DB::Exception::Exception(PreformattedMessage&&, int) @ 0x000000000995bd8c
4. src/Common/Exception.h:219:77: DB::Exception::Exception<unsigned long const&, unsigned long const&>(int, FormatStringHelperImpl<std::type_identity<unsigned long const&>::type, std::type_identity<unsigned long const&>::type>, unsigned long const&, unsigned long const&) @ 0x000000000a95119c
5. src/Interpreters/GraceHashJoin.cpp:390:15: DB::GraceHashJoin::rehashBuckets() @ 0x0000000013c70d40
6. src/Interpreters/GraceHashJoin.cpp:827:28: DB::GraceHashJoin::addBlockToJoinImpl(DB::Block) @ 0x0000000013c6f3d0
7. src/Interpreters/GraceHashJoin.cpp:722:13: DB::GraceHashJoin::getDelayedBlocks() @ 0x0000000013c72b38
8. src/Processors/Transforms/JoiningTransform.cpp:549:28: DB::DelayedJoinedBlocksTransform::work() @ 0x00000000196c8668
9. src/Processors/Executors/ExecutionThreadContext.cpp:57:28: DB::ExecutionThreadContext::executeTask() @ 0x000000001942fb0c
10. src/Processors/Executors/PipelineExecutor.cpp:384:26: DB::PipelineExecutor::executeStepImpl(unsigned long, DB::WorkloadResources&&, std::atomic<bool>*) @ 0x0000000019424724
11. src/Processors/Executors/PipelineExecutor.cpp:352:5: void std::__function::__policy_func<void ()>::__call_func[abi:fqe220101]<DB::PipelineExecutor::spawnThreads(std::shared_ptr<DB::IAcquiredSlot>)::$_0>(std::__function::__policy_storage const*) @ 0x0000000019427828
12. contrib/llvm-project/libcxx/include/__functional/function.h:502:12: ? @ 0x000000000ed65544
13. contrib/llvm-project/libcxx/include/__functional/function.h:502:12: ? @ 0x000000000ed6cd3c
14. contrib/llvm-project/libcxx/include/__functional/function.h:502:12: ? @ 0x000000000ed63244
15. contrib/llvm-project/libcxx/include/__type_traits/invoke.h:0: void* std::__thread_proxy[abi:fqe220101]<std::tuple<std::unique_ptr<std::__thread_struct, std::default_delete<std::__thread_struct>>, void (ThreadPoolImpl<std::thread>::ThreadFromThreadPool::*)(), ThreadPoolImpl<std::thread>::ThreadFromThreadPool*>>(void*) @ 0x000000000ed6a808
16. ? @ 0x000000000008c248
17. ? @ 0x00000000000f6adc

2026.08.02 13:53:38.061592 [ 956487 ] {} <Error> TCPHandler: Code: 290. DB::Exception: Too many grace hash join buckets (2048 > 1024), consider increasing grace_hash_join_max_buckets or max_rows_in_join/max_bytes_in_join: While executing DelayedJoinedBlocksTransform. (LIMIT_EXCEEDED), Stack trace (when copying this message, always include the lines below):

0. base/poco/Foundation/src/Exception.cpp:32:1: Poco::Exception::Exception(String&&, int) @ 0x000000001dd87678
1. src/Common/Exception.cpp:158:7: DB::Exception::Exception(DB::Exception::MessageMasked&&, int, bool) @ 0x000000000eb6c18c
2. src/Common/Exception.h:201:100: DB::Exception::Exception(String&&, int, String, bool) @ 0x000000000995c358
3. src/Common/Exception.h:57:54: DB::Exception::Exception(PreformattedMessage&&, int) @ 0x000000000995bd8c
4. src/Common/Exception.h:219:77: DB::Exception::Exception<unsigned long const&, unsigned long const&>(int, FormatStringHelperImpl<std::type_identity<unsigned long const&>::type, std::type_identity<unsigned long const&>::type>, unsigned long const&, unsigned long const&) @ 0x000000000a95119c
5. src/Interpreters/GraceHashJoin.cpp:390:15: DB::GraceHashJoin::rehashBuckets() @ 0x0000000013c70d40
6. src/Interpreters/GraceHashJoin.cpp:827:28: DB::GraceHashJoin::addBlockToJoinImpl(DB::Block) @ 0x0000000013c6f3d0
7. src/Interpreters/GraceHashJoin.cpp:722:13: DB::GraceHashJoin::getDelayedBlocks() @ 0x0000000013c72b38
8. src/Processors/Transforms/JoiningTransform.cpp:549:28: DB::DelayedJoinedBlocksTransform::work() @ 0x00000000196c8668
9. src/Processors/Executors/ExecutionThreadContext.cpp:57:28: DB::ExecutionThreadContext::executeTask() @ 0x000000001942fb0c
10. src/Processors/Executors/PipelineExecutor.cpp:384:26: DB::PipelineExecutor::executeStepImpl(unsigned long, DB::WorkloadResources&&, std::atomic<bool>*) @ 0x0000000019424724
11. src/Processors/Executors/PipelineExecutor.cpp:352:5: void std::__function::__policy_func<void ()>::__call_func[abi:fqe220101]<DB::PipelineExecutor::spawnThreads(std::shared_ptr<DB::IAcquiredSlot>)::$_0>(std::__function::__policy_storage const*) @ 0x0000000019427828
12. contrib/llvm-project/libcxx/include/__functional/function.h:502:12: ? @ 0x000000000ed65544
13. contrib/llvm-project/libcxx/include/__functional/function.h:502:12: ? @ 0x000000000ed6cd3c
14. contrib/llvm-project/libcxx/include/__functional/function.h:502:12: ? @ 0x000000000ed63244
15. contrib/llvm-project/libcxx/include/__type_traits/invoke.h:0: void* std::__thread_proxy[abi:fqe220101]<std::tuple<std::unique_ptr<std::__thread_struct, std::default_delete<std::__thread_struct>>, void (ThreadPoolImpl<std::thread>::ThreadFromThreadPool::*)(), ThreadPoolImpl<std::thread>::ThreadFromThreadPool*>>(void*) @ 0x000000000ed6a808
16. ? @ 0x000000000008c248
17. ? @ 0x00000000000f6adc

2026.08.02 13:53:38.291410 [ 956487 ] {11935ccb-530e-47d2-abf3-82892d62c685} <Error> executeQuery: Code: 290. DB::Exception: Too many grace hash join buckets (2048 > 1024), consider increasing grace_hash_join_max_buckets or max_rows_in_join/max_bytes_in_join: While executing DelayedJoinedBlocksTransform. (LIMIT_EXCEEDED) (version 26.8.1.1) (from 127.0.0.1:55644) (query 1, line 1) (in query: WITH l AS (SELECT number % 1000 AS k, toString(number % 700) AS s FROM numbers(5000)), r AS (SELECT number % 1300 AS k, toInt64(number) AS v, toString(number % 900) AS s FROM numbers(4000)) SELECT count(), sum(ifNull(r.v, -1)) FROM l RIGHT JOIN r ON l.k = r.k), Stack trace (when copying this message, always include the lines below):

0. base/poco/Foundation/src/Exception.cpp:32:1: Poco::Exception::Exception(String&&, int) @ 0x000000001dd87678
1. src/Common/Exception.cpp:158:7: DB::Exception::Exception(DB::Exception::MessageMasked&&, int, bool) @ 0x000000000eb6c18c
2. src/Common/Exception.h:201:100: DB::Exception::Exception(String&&, int, String, bool) @ 0x000000000995c358
3. src/Common/Exception.h:57:54: DB::Exception::Exception(PreformattedMessage&&, int) @ 0x000000000995bd8c
4. src/Common/Exception.h:219:77: DB::Exception::Exception<unsigned long const&, unsigned long const&>(int, FormatStringHelperImpl<std::type_identity<unsigned long const&>::type, std::type_identity<unsigned long const&>::type>, unsigned long const&, unsigned long const&) @ 0x000000000a95119c
5. src/Interpreters/GraceHashJoin.cpp:390:15: DB::GraceHashJoin::rehashBuckets() @ 0x0000000013c70d40
6. src/Interpreters/GraceHashJoin.cpp:827:28: DB::GraceHashJoin::addBlockToJoinImpl(DB::Block) @ 0x0000000013c6f3d0
7. src/Interpreters/GraceHashJoin.cpp:722:13: DB::GraceHashJoin::getDelayedBlocks() @ 0x0000000013c72b38
8. src/Processors/Transforms/JoiningTransform.cpp:549:28: DB::DelayedJoinedBlocksTransform::work() @ 0x00000000196c8668
9. src/Processors/Executors/ExecutionThreadContext.cpp:57:28: DB::ExecutionThreadContext::executeTask() @ 0x000000001942fb0c
10. src/Processors/Executors/PipelineExecutor.cpp:384:26: DB::PipelineExecutor::executeStepImpl(unsigned long, DB::WorkloadResources&&, std::atomic<bool>*) @ 0x0000000019424724
11. src/Processors/Executors/PipelineExecutor.cpp:352:5: void std::__function::__policy_func<void ()>::__call_func[abi:fqe220101]<DB::PipelineExecutor::spawnThreads(std::shared_ptr<DB::IAcquiredSlot>)::$_0>(std::__function::__policy_storage const*) @ 0x0000000019427828
12. contrib/llvm-project/libcxx/include/__functional/function.h:502:12: ? @ 0x000000000ed65544
13. contrib/llvm-project/libcxx/include/__functional/function.h:502:12: ? @ 0x000000000ed6cd3c
14. contrib/llvm-project/libcxx/include/__functional/function.h:502:12: ? @ 0x000000000ed63244
15. contrib/llvm-project/libcxx/include/__type_traits/invoke.h:0: void* std::__thread_proxy[abi:fqe220101]<std::tuple<std::unique_ptr<std::__thread_struct, std::default_delete<std::__thread_struct>>, void (ThreadPoolImpl<std::thread>::ThreadFromThreadPool::*)(), ThreadPoolImpl<std::thread>::ThreadFromThreadPool*>>(void*) @ 0x000000000ed6a808
16. ? @ 0x000000000008c248
17. ? @ 0x00000000000f6adc

2026.08.02 13:53:38.331931 [ 956487 ] {} <Error> TCPHandler: Code: 290. DB::Exception: Too many grace hash join buckets (2048 > 1024), consider increasing grace_hash_join_max_buckets or max_rows_in_join/max_bytes_in_join: While executing DelayedJoinedBlocksTransform. (LIMIT_EXCEEDED), Stack trace (when copying this message, always include the lines below):

0. base/poco/Foundation/src/Exception.cpp:32:1: Poco::Exception::Exception(String&&, int) @ 0x000000001dd87678
1. src/Common/Exception.cpp:158:7: DB::Exception::Exception(DB::Exception::MessageMasked&&, int, bool) @ 0x000000000eb6c18c
2. src/Common/Exception.h:201:100: DB::Exception::Exception(String&&, int, String, bool) @ 0x000000000995c358
3. src/Common/Exception.h:57:54: DB::Exception::Exception(PreformattedMessage&&, int) @ 0x000000000995bd8c
4. src/Common/Exception.h:219:77: DB::Exception::Exception<unsigned long const&, unsigned long const&>(int, FormatStringHelperImpl<std::type_identity<unsigned long const&>::type, std::type_identity<unsigned long const&>::type>, unsigned long const&, unsigned long const&) @ 0x000000000a95119c
5. src/Interpreters/GraceHashJoin.cpp:390:15: DB::GraceHashJoin::rehashBuckets() @ 0x0000000013c70d40
6. src/Interpreters/GraceHashJoin.cpp:827:28: DB::GraceHashJoin::addBlockToJoinImpl(DB::Block) @ 0x0000000013c6f3d0
7. src/Interpreters/GraceHashJoin.cpp:722:13: DB::GraceHashJoin::getDelayedBlocks() @ 0x0000000013c72b38
8. src/Processors/Transforms/JoiningTransform.cpp:549:28: DB::DelayedJoinedBlocksTransform::work() @ 0x00000000196c8668
9. src/Processors/Executors/ExecutionThreadContext.cpp:57:28: DB::ExecutionThreadContext::executeTask() @ 0x000000001942fb0c
10. src/Processors/Executors/PipelineExecutor.cpp:384:26: DB::PipelineExecutor::executeStepImpl(unsigned long, DB::WorkloadResources&&, std::atomic<bool>*) @ 0x0000000019424724
11. src/Processors/Executors/PipelineExecutor.cpp:352:5: void std::__function::__policy_func<void ()>::__call_func[abi:fqe220101]<DB::PipelineExecutor::spawnThreads(std::shared_ptr<DB::IAcquiredSlot>)::$_0>(std::__function::__policy_storage const*) @ 0x0000000019427828
12. contrib/llvm-project/libcxx/include/__functional/function.h:502:12: ? @ 0x000000000ed65544
13. contrib/llvm-project/libcxx/include/__functional/function.h:502:12: ? @ 0x000000000ed6cd3c
14. contrib/llvm-project/libcxx/include/__functional/function.h:502:12: ? @ 0x000000000ed63244
15. contrib/llvm-project/libcxx/include/__type_traits/invoke.h:0: void* std::__thread_proxy[abi:fqe220101]<std::tuple<std::unique_ptr<std::__thread_struct, std::default_delete<std::__thread_struct>>, void (ThreadPoolImpl<std::thread>::ThreadFromThreadPool::*)(), ThreadPoolImpl<std::thread>::ThreadFromThreadPool*>>(void*) @ 0x000000000ed6a808
16. ? @ 0x000000000008c248
17. ? @ 0x00000000000f6adc

2026.08.02 13:53:38.556723 [ 956487 ] {2ecbdd77-dbb0-4610-a13e-d77f7a18d0b0} <Error> executeQuery: Code: 290. DB::Exception: Too many grace hash join buckets (2048 > 1024), consider increasing grace_hash_join_max_buckets or max_rows_in_join/max_bytes_in_join: While executing DelayedJoinedBlocksTransform. (LIMIT_EXCEEDED) (version 26.8.1.1) (from 127.0.0.1:55662) (query 1, line 1) (in query: WITH l AS (SELECT number % 1000 AS k, toString(number % 700) AS s FROM numbers(5000)), r AS (SELECT number % 1300 AS k, toInt64(number) AS v, toString(number % 900) AS s FROM numbers(4000)) SELECT count(), sum(ifNull(r.v, -1)) FROM l FULL JOIN r ON l.k = r.k), Stack trace (when copying this message, always include the lines below):

0. base/poco/Foundation/src/Exception.cpp:32:1: Poco::Exception::Exception(String&&, int) @ 0x000000001dd87678
1. src/Common/Exception.cpp:158:7: DB::Exception::Exception(DB::Exception::MessageMasked&&, int, bool) @ 0x000000000eb6c18c
2. src/Common/Exception.h:201:100: DB::Exception::Exception(String&&, int, String, bool) @ 0x000000000995c358
3. src/Common/Exception.h:57:54: DB::Exception::Exception(PreformattedMessage&&, int) @ 0x000000000995bd8c
4. src/Common/Exception.h:219:77: DB::Exception::Exception<unsigned long const&, unsigned long const&>(int, FormatStringHelperImpl<std::type_identity<unsigned long const&>::type, std::type_identity<unsigned long const&>::type>, unsigned long const&, unsigned long const&) @ 0x000000000a95119c
5. src/Interpreters/GraceHashJoin.cpp:390:15: DB::GraceHashJoin::rehashBuckets() @ 0x0000000013c70d40
6. src/Interpreters/GraceHashJoin.cpp:827:28: DB::GraceHashJoin::addBlockToJoinImpl(DB::Block) @ 0x0000000013c6f3d0
7. src/Interpreters/GraceHashJoin.cpp:722:13: DB::GraceHashJoin::getDelayedBlocks() @ 0x0000000013c72b38
8. src/Processors/Transforms/JoiningTransform.cpp:549:28: DB::DelayedJoinedBlocksTransform::work() @ 0x00000000196c8668
9. src/Processors/Executors/ExecutionThreadContext.cpp:57:28: DB::ExecutionThreadContext::executeTask() @ 0x000000001942fb0c
10. src/Processors/Executors/PipelineExecutor.cpp:384:26: DB::PipelineExecutor::executeStepImpl(unsigned long, DB::WorkloadResources&&, std::atomic<bool>*) @ 0x0000000019424724
11. src/Processors/Executors/PipelineExecutor.cpp:352:5: void std::__function::__policy_func<void ()>::__call_func[abi:fqe220101]<DB::PipelineExecutor::spawnThreads(std::shared_ptr<DB::IAcquiredSlot>)::$_0>(std::__function::__policy_storage const*) @ 0x0000000019427828
12. contrib/llvm-project/libcxx/include/__functional/function.h:502:12: ? @ 0x000000000ed65544
13. contrib/llvm-project/libcxx/include/__functional/function.h:502:12: ? @ 0x000000000ed6cd3c
14. contrib/llvm-project/libcxx/include/__functional/function.h:502:12: ? @ 0x000000000ed63244
15. contrib/llvm-project/libcxx/include/__type_traits/invoke.h:0: void* std::__thread_proxy[abi:fqe220101]<std::tuple<std::unique_ptr<std::__thread_struct, std::default_delete<std::__thread_struct>>, void (ThreadPoolImpl<std::thread>::ThreadFromThreadPool::*)(), ThreadPoolImpl<std::thread>::ThreadFromThreadPool*>>(void*) @ 0x000000000ed6a808
16. ? @ 0x000000000008c248
17. ? @ 0x00000000000f6adc

2026.08.02 13:53:38.597169 [ 956487 ] {} <Error> TCPHandler: Code: 290. DB::Exception: Too many grace hash join buckets (2048 > 1024), consider increasing grace_hash_join_max_buckets or max_rows_in_join/max_bytes_in_join: While executing DelayedJoinedBlocksTransform. (LIMIT_EXCEEDED), Stack trace (when copying this message, always include the lines below):

0. base/poco/Foundation/src/Exception.cpp:32:1: Poco::Exception::Exception(String&&, int) @ 0x000000001dd87678
1. src/Common/Exception.cpp:158:7: DB::Exception::Exception(DB::Exception::MessageMasked&&, int, bool) @ 0x000000000eb6c18c
2. src/Common/Exception.h:201:100: DB::Exception::Exception(String&&, int, String, bool) @ 0x000000000995c358
3. src/Common/Exception.h:57:54: DB::Exception::Exception(PreformattedMessage&&, int) @ 0x000000000995bd8c
4. src/Common/Exception.h:219:77: DB::Exception::Exception<unsigned long const&, unsigned long const&>(int, FormatStringHelperImpl<std::type_identity<unsigned long const&>::type, std::type_identity<unsigned long const&>::type>, unsigned long const&, unsigned long const&) @ 0x000000000a95119c
5. src/Interpreters/GraceHashJoin.cpp:390:15: DB::GraceHashJoin::rehashBuckets() @ 0x0000000013c70d40
6. src/Interpreters/GraceHashJoin.cpp:827:28: DB::GraceHashJoin::addBlockToJoinImpl(DB::Block) @ 0x0000000013c6f3d0
7. src/Interpreters/GraceHashJoin.cpp:722:13: DB::GraceHashJoin::getDelayedBlocks() @ 0x0000000013c72b38
8. src/Processors/Transforms/JoiningTransform.cpp:549:28: DB::DelayedJoinedBlocksTransform::work() @ 0x00000000196c8668
9. src/Processors/Executors/ExecutionThreadContext.cpp:57:28: DB::ExecutionThreadContext::executeTask() @ 0x000000001942fb0c
10. src/Processors/Executors/PipelineExecutor.cpp:384:26: DB::PipelineExecutor::executeStepImpl(unsigned long, DB::WorkloadResources&&, std::atomic<bool>*) @ 0x0000000019424724
11. src/Processors/Executors/PipelineExecutor.cpp:352:5: void std::__function::__policy_func<void ()>::__call_func[abi:fqe220101]<DB::PipelineExecutor::spawnThreads(std::shared_ptr<DB::IAcquiredSlot>)::$_0>(std::__function::__policy_storage const*) @ 0x0000000019427828
12. contrib/llvm-project/libcxx/include/__functional/function.h:502:12: ? @ 0x000000000ed65544
13. contrib/llvm-project/libcxx/include/__functional/function.h:502:12: ? @ 0x000000000ed6cd3c
14. contrib/llvm-project/libcxx/include/__functional/function.h:502:12: ? @ 0x000000000ed63244
15. contrib/llvm-project/libcxx/include/__type_traits/invoke.h:0: void* std::__thread_proxy[abi:fqe220101]<std::tuple<std::unique_ptr<std::__thread_struct, std::default_delete<std::__thread_struct>>, void (ThreadPoolImpl<std::thread>::ThreadFromThreadPool::*)(), ThreadPoolImpl<std::thread>::ThreadFromThreadPool*>>(void*) @ 0x000000000ed6a808
16. ? @ 0x000000000008c248
17. ? @ 0x00000000000f6adc

2026.08.02 14:02:10.061140 [ 972173 ] {} <Warning> Application: Integrity check of the executable skipped because the reference checksum could not be read.
2026.08.02 14:02:10.076438 [ 972173 ] {} <Warning> Context: Delay accounting is not enabled, OSIOWaitMicroseconds will not be gathered. You can enable it using `sudo sh -c 'echo 1 > /proc/sys/kernel/task_delayacct'` or by using sysctl.
2026.08.02 14:06:30.313213 [ 972204 ] {BgSchPool::907f7ea5-f24f-4579-89e6-509cc101c755} <Warning> MergeMutateSelectedEntry: MergeMutateSelectedEntry was not finalized, the finalization will happen in the destructor
2026.08.02 14:06:31.453287 [ 977080 ] {} <Warning> Application: Integrity check of the executable skipped because the reference checksum could not be read.
2026.08.02 14:06:31.471381 [ 977080 ] {} <Warning> Context: Delay accounting is not enabled, OSIOWaitMicroseconds will not be gathered. You can enable it using `sudo sh -c 'echo 1 > /proc/sys/kernel/task_delayacct'` or by using sysctl.
2026.08.02 14:07:28.870934 [ 977098 ] {BgSchPool::ac7d5ad9-d385-4e01-a6e7-ad22426e0f04} <Warning> MergeMutateSelectedEntry: MergeMutateSelectedEntry was not finalized, the finalization will happen in the destructor
2026.08.02 14:07:30.012560 [ 982108 ] {} <Warning> Application: Integrity check of the executable skipped because the reference checksum could not be read.
2026.08.02 14:07:30.028407 [ 982108 ] {} <Warning> Context: Delay accounting is not enabled, OSIOWaitMicroseconds will not be gathered. You can enable it using `sudo sh -c 'echo 1 > /proc/sys/kernel/task_delayacct'` or by using sysctl.
2026.08.02 14:53:55.427269 [ 982131 ] {BgSchPool::e3f067e7-f912-45d5-8d1e-e87b656908dc} <Warning> MergeMutateSelectedEntry: MergeMutateSelectedEntry was not finalized, the finalization will happen in the destructor
2026.08.02 14:53:56.566470 [ 1040485 ] {} <Warning> Application: Integrity check of the executable skipped because the reference checksum could not be read.
2026.08.02 14:53:56.581880 [ 1040485 ] {} <Warning> Context: Delay accounting is not enabled, OSIOWaitMicroseconds will not be gathered. You can enable it using `sudo sh -c 'echo 1 > /proc/sys/kernel/task_delayacct'` or by using sysctl.
2026.08.02 14:54:21.761289 [ 1040500 ] {} <Error> TCPHandler: TCPHandler: Code: 81. DB::Exception: Database test does not exist. (UNKNOWN_DATABASE), Stack trace (when copying this message, always include the lines below):

0. base/poco/Foundation/src/Exception.cpp:32:1: Poco::Exception::Exception(String&&, int) @ 0x000000001e1ceb38
1. src/Common/Exception.cpp:158:7: DB::Exception::Exception(DB::Exception::MessageMasked&&, int, bool) @ 0x000000000eb8870c
2. src/Common/Exception.h:201:100: DB::Exception::Exception(String&&, int, String, bool) @ 0x00000000099788d8
3. src/Common/Exception.h:57:54: DB::Exception::Exception(PreformattedMessage&&, int) @ 0x000000000997830c
4. src/Common/Exception.h:219:77: DB::Exception::Exception<String>(int, FormatStringHelperImpl<std::type_identity<String>::type>, String&&) @ 0x0000000009977f18
5. src/Interpreters/DatabaseCatalog.cpp:621:19: DB::DatabaseCatalog::assertDatabaseExists(String const&) const @ 0x0000000013bf5374
6. src/Server/TCPHandler.cpp:419:41: DB::TCPHandler::runImpl() @ 0x00000000196c40cc
7. src/Server/TCPHandler.cpp:3354:9: DB::TCPHandler::run() @ 0x00000000196e36c4
8. base/poco/Net/src/TCPServerConnection.cpp:40:3: Poco::Net::TCPServerConnection::start() @ 0x000000001e248718
9. base/poco/Net/src/TCPServerDispatcher.cpp:115:42: Poco::Net::TCPServerDispatcher::run() @ 0x000000001e248cd8
10. base/poco/Foundation/src/ThreadPool.cpp:207:14: Poco::PooledThread::run() @ 0x000000001e209418
11. base/poco/Foundation/src/Thread_POSIX.cpp:341:27: Poco::ThreadImpl::runnableEntry(void*) @ 0x000000001e207734
12. ? @ 0x000000000008c248
13. ? @ 0x00000000000f6adc
 (version 26.8.1.1)
2026.08.02 14:54:21.761322 [ 1040500 ] {} <Error> ServerErrorHandler: Code: 81. DB::Exception: Database test does not exist. (UNKNOWN_DATABASE), Stack trace (when copying this message, always include the lines below):

0. base/poco/Foundation/src/Exception.cpp:32:1: Poco::Exception::Exception(String&&, int) @ 0x000000001e1ceb38
1. src/Common/Exception.cpp:158:7: DB::Exception::Exception(DB::Exception::MessageMasked&&, int, bool) @ 0x000000000eb8870c
2. src/Common/Exception.h:201:100: DB::Exception::Exception(String&&, int, String, bool) @ 0x00000000099788d8
3. src/Common/Exception.h:57:54: DB::Exception::Exception(PreformattedMessage&&, int) @ 0x000000000997830c
4. src/Common/Exception.h:219:77: DB::Exception::Exception<String>(int, FormatStringHelperImpl<std::type_identity<String>::type>, String&&) @ 0x0000000009977f18
5. src/Interpreters/DatabaseCatalog.cpp:621:19: DB::DatabaseCatalog::assertDatabaseExists(String const&) const @ 0x0000000013bf5374
6. src/Server/TCPHandler.cpp:419:41: DB::TCPHandler::runImpl() @ 0x00000000196c40cc
7. src/Server/TCPHandler.cpp:3354:9: DB::TCPHandler::run() @ 0x00000000196e36c4
8. base/poco/Net/src/TCPServerConnection.cpp:40:3: Poco::Net::TCPServerConnection::start() @ 0x000000001e248718
9. base/poco/Net/src/TCPServerDispatcher.cpp:115:42: Poco::Net::TCPServerDispatcher::run() @ 0x000000001e248cd8
10. base/poco/Foundation/src/ThreadPool.cpp:207:14: Poco::PooledThread::run() @ 0x000000001e209418
11. base/poco/Foundation/src/Thread_POSIX.cpp:341:27: Poco::ThreadImpl::runnableEntry(void*) @ 0x000000001e207734
12. ? @ 0x000000000008c248
13. ? @ 0x00000000000f6adc
 (version 26.8.1.1)
2026.08.02 15:38:43.091298 [ 1080082 ] {} <Warning> Application: Integrity check of the executable skipped because the reference checksum could not be read.
2026.08.02 15:38:43.106862 [ 1080082 ] {} <Warning> Context: Delay accounting is not enabled, OSIOWaitMicroseconds will not be gathered. You can enable it using `sudo sh -c 'echo 1 > /proc/sys/kernel/task_delayacct'` or by using sysctl.
2026.08.02 16:01:49.106110 [ 1080095 ] {64fbbc96-ff8b-4a13-b0df-05eeec319e44} <Error> executeQuery: Code: 47. DB::Exception: Unknown expression identifier `_part` in scope SELECT DISTINCT _part FROM av2.orr. (UNKNOWN_IDENTIFIER) (version 26.8.1.1) (from 127.0.0.1:53488) (query 1, line 1) (in query: SELECT count() FROM (SELECT DISTINCT _part FROM av2.orr)), Stack trace (when copying this message, always include the lines below):

0. base/poco/Foundation/src/Exception.cpp:32:1: Poco::Exception::Exception(String&&, int) @ 0x000000001e1d1bb8
1. src/Common/Exception.cpp:158:7: DB::Exception::Exception(DB::Exception::MessageMasked&&, int, bool) @ 0x000000000eb8908c
2. src/Common/Exception.h:201:100: DB::Exception::Exception(String&&, int, String, bool) @ 0x0000000009979258
3. src/Common/Exception.h:57:54: DB::Exception::Exception(PreformattedMessage&&, int) @ 0x0000000009978c8c
4. src/Common/Exception.h:219:77: DB::Exception::Exception<char const*, String&, String, String, String>(int, FormatStringHelperImpl<std::type_identity<char const*>::type, std::type_identity<String&>::type, std::type_identity<String>::type, std::type_identity<String>::type, std::type_identity<String>::type>, char const*&&, String&, String&&, String&&, String&&) @ 0x00000000132806a8
5. src/Analyzer/Resolve/QueryAnalyzer.cpp:3325:27: DB::QueryAnalyzer::resolveExpressionNode(std::shared_ptr<DB::IQueryTreeNode>&, DB::IdentifierResolveScope&, bool, bool, bool, bool) @ 0x0000000013266390
6. src/Analyzer/Resolve/QueryAnalyzer.cpp:3634:49: DB::QueryAnalyzer::resolveExpressionNodeList(std::shared_ptr<DB::IQueryTreeNode>&, DB::IdentifierResolveScope&, bool, bool, bool) @ 0x0000000013263cf0
7. src/Analyzer/Resolve/QueryAnalyzer.cpp:4063:40: DB::QueryAnalyzer::resolveProjectionExpressionNodeList(std::shared_ptr<DB::IQueryTreeNode>&, DB::IdentifierResolveScope&) @ 0x000000001328235c
8. src/Analyzer/Resolve/QueryAnalyzer.cpp:6277:30: DB::QueryAnalyzer::resolveQuery(std::shared_ptr<DB::IQueryTreeNode> const&, DB::IdentifierResolveScope&) @ 0x000000001325ea48
9. src/Analyzer/Resolve/QueryAnalyzer.cpp:3430:17: DB::QueryAnalyzer::resolveExpressionNode(std::shared_ptr<DB::IQueryTreeNode>&, DB::IdentifierResolveScope&, bool, bool, bool, bool) @ 0x0000000013264518
10. src/Analyzer/Resolve/QueryAnalyzer.cpp:5717:13: DB::QueryAnalyzer::resolveQueryJoinTreeNode(std::shared_ptr<DB::IQueryTreeNode>&, DB::IdentifierResolveScope&, DB::QueryExpressionsAliasVisitor&) @ 0x0000000013285164
11. src/Analyzer/Resolve/QueryAnalyzer.cpp:6265:5: DB::QueryAnalyzer::resolveQuery(std::shared_ptr<DB::IQueryTreeNode> const&, DB::IdentifierResolveScope&) @ 0x000000001325e9f8
12. src/Analyzer/Resolve/QueryAnalyzer.cpp:205:13: DB::QueryAnalyzer::resolve(std::shared_ptr<DB::IQueryTreeNode>&, std::shared_ptr<DB::ITableExpressionNode> const&, std::shared_ptr<DB::Context const>) @ 0x000000001325db0c
13. src/Analyzer/Resolve/QueryAnalysisPass.cpp:19:14: DB::QueryAnalysisPass::run(std::shared_ptr<DB::IQueryTreeNode>&, std::shared_ptr<DB::Context const>) @ 0x000000001325cfa0
14. src/Analyzer/QueryTreePassManager.cpp:201:20: DB::QueryTreePassManager::run(std::shared_ptr<DB::IQueryTreeNode>&) @ 0x00000000132b41f8
15. src/Interpreters/InterpreterSelectQueryAnalyzer.cpp:266:33: DB::buildQueryTreeAndRunPasses(boost::intrusive_ptr<DB::IAST> const&, DB::SelectQueryOptions const&, std::shared_ptr<DB::Context const> const&, std::shared_ptr<DB::IStorage> const&) @ 0x0000000013d9c8fc
16. src/Interpreters/InterpreterSelectQueryAnalyzer.cpp:284:18: DB::InterpreterSelectQueryAnalyzer::InterpreterSelectQueryAnalyzer(boost::intrusive_ptr<DB::IAST> const&, std::shared_ptr<DB::Context const> const&, DB::SelectQueryOptions const&, std::vector<String, std::allocator<String>> const&, DB::ActionsDAG const*) @ 0x0000000013d9ab10
17. contrib/llvm-project/libcxx/include/__memory/unique_ptr.h:770:30: std::unique_ptr<DB::InterpreterSelectQueryAnalyzer, std::default_delete<DB::InterpreterSelectQueryAnalyzer>> std::make_unique[abi:fqe220101]<DB::InterpreterSelectQueryAnalyzer, boost::intrusive_ptr<DB::IAST>&, std::shared_ptr<DB::Context> const&, DB::SelectQueryOptions const&, 0>(boost::intrusive_ptr<DB::IAST>&, std::shared_ptr<DB::Context> const&, DB::SelectQueryOptions const&) @ 0x0000000013da258c
18. contrib/llvm-project/libcxx/include/__functional/function.h:502:12: ? @ 0x0000000013d547d0
19. src/Interpreters/executeQuery.cpp:1881:66: DB::executeQueryImpl(char const*, char const*, std::shared_ptr<DB::Context>, DB::QueryFlags, DB::QueryProcessingStage::Enum, std::unique_ptr<DB::ReadBuffer, std::default_delete<DB::ReadBuffer>>&, boost::intrusive_ptr<DB::IAST>&, std::shared_ptr<DB::ImplicitTransactionControlExecutor>, std::function<void ()>, DB::QueryResultDetails&) @ 0x0000000014165944
20. src/Interpreters/executeQuery.cpp:2438:11: DB::executeQuery(std::basic_string_view<char, std::char_traits<char>>, std::shared_ptr<DB::Context>, DB::QueryFlags, DB::QueryProcessingStage::Enum) @ 0x0000000014161810
21. src/Server/TCPHandler.cpp:899:68: DB::TCPHandler::runImpl() @ 0x00000000196c8980
22. src/Server/TCPHandler.cpp:3354:9: DB::TCPHandler::run() @ 0x00000000196e6744
23. base/poco/Net/src/TCPServerConnection.cpp:40:3: Poco::Net::TCPServerConnection::start() @ 0x000000001e24b798
24. base/poco/Net/src/TCPServerDispatcher.cpp:115:42: Poco::Net::TCPServerDispatcher::run() @ 0x000000001e24bd58
25. base/poco/Foundation/src/ThreadPool.cpp:207:14: Poco::PooledThread::run() @ 0x000000001e20c498
26. base/poco/Foundation/src/Thread_POSIX.cpp:341:27: Poco::ThreadImpl::runnableEntry(void*) @ 0x000000001e20a7b4
27. ? @ 0x000000000008c248
28. ? @ 0x00000000000f6adc

2026.08.02 16:01:49.106295 [ 1080095 ] {} <Error> TCPHandler: Code: 47. DB::Exception: Unknown expression identifier `_part` in scope SELECT DISTINCT _part FROM av2.orr. (UNKNOWN_IDENTIFIER), Stack trace (when copying this message, always include the lines below):

0. base/poco/Foundation/src/Exception.cpp:32:1: Poco::Exception::Exception(String&&, int) @ 0x000000001e1d1bb8
1. src/Common/Exception.cpp:158:7: DB::Exception::Exception(DB::Exception::MessageMasked&&, int, bool) @ 0x000000000eb8908c
2. src/Common/Exception.h:201:100: DB::Exception::Exception(String&&, int, String, bool) @ 0x0000000009979258
3. src/Common/Exception.h:57:54: DB::Exception::Exception(PreformattedMessage&&, int) @ 0x0000000009978c8c
4. src/Common/Exception.h:219:77: DB::Exception::Exception<char const*, String&, String, String, String>(int, FormatStringHelperImpl<std::type_identity<char const*>::type, std::type_identity<String&>::type, std::type_identity<String>::type, std::type_identity<String>::type, std::type_identity<String>::type>, char const*&&, String&, String&&, String&&, String&&) @ 0x00000000132806a8
5. src/Analyzer/Resolve/QueryAnalyzer.cpp:3325:27: DB::QueryAnalyzer::resolveExpressionNode(std::shared_ptr<DB::IQueryTreeNode>&, DB::IdentifierResolveScope&, bool, bool, bool, bool) @ 0x0000000013266390
6. src/Analyzer/Resolve/QueryAnalyzer.cpp:3634:49: DB::QueryAnalyzer::resolveExpressionNodeList(std::shared_ptr<DB::IQueryTreeNode>&, DB::IdentifierResolveScope&, bool, bool, bool) @ 0x0000000013263cf0
7. src/Analyzer/Resolve/QueryAnalyzer.cpp:4063:40: DB::QueryAnalyzer::resolveProjectionExpressionNodeList(std::shared_ptr<DB::IQueryTreeNode>&, DB::IdentifierResolveScope&) @ 0x000000001328235c
8. src/Analyzer/Resolve/QueryAnalyzer.cpp:6277:30: DB::QueryAnalyzer::resolveQuery(std::shared_ptr<DB::IQueryTreeNode> const&, DB::IdentifierResolveScope&) @ 0x000000001325ea48
9. src/Analyzer/Resolve/QueryAnalyzer.cpp:3430:17: DB::QueryAnalyzer::resolveExpressionNode(std::shared_ptr<DB::IQueryTreeNode>&, DB::IdentifierResolveScope&, bool, bool, bool, bool) @ 0x0000000013264518
10. src/Analyzer/Resolve/QueryAnalyzer.cpp:5717:13: DB::QueryAnalyzer::resolveQueryJoinTreeNode(std::shared_ptr<DB::IQueryTreeNode>&, DB::IdentifierResolveScope&, DB::QueryExpressionsAliasVisitor&) @ 0x0000000013285164
11. src/Analyzer/Resolve/QueryAnalyzer.cpp:6265:5: DB::QueryAnalyzer::resolveQuery(std::shared_ptr<DB::IQueryTreeNode> const&, DB::IdentifierResolveScope&) @ 0x000000001325e9f8
12. src/Analyzer/Resolve/QueryAnalyzer.cpp:205:13: DB::QueryAnalyzer::resolve(std::shared_ptr<DB::IQueryTreeNode>&, std::shared_ptr<DB::ITableExpressionNode> const&, std::shared_ptr<DB::Context const>) @ 0x000000001325db0c
13. src/Analyzer/Resolve/QueryAnalysisPass.cpp:19:14: DB::QueryAnalysisPass::run(std::shared_ptr<DB::IQueryTreeNode>&, std::shared_ptr<DB::Context const>) @ 0x000000001325cfa0
14. src/Analyzer/QueryTreePassManager.cpp:201:20: DB::QueryTreePassManager::run(std::shared_ptr<DB::IQueryTreeNode>&) @ 0x00000000132b41f8
15. src/Interpreters/InterpreterSelectQueryAnalyzer.cpp:266:33: DB::buildQueryTreeAndRunPasses(boost::intrusive_ptr<DB::IAST> const&, DB::SelectQueryOptions const&, std::shared_ptr<DB::Context const> const&, std::shared_ptr<DB::IStorage> const&) @ 0x0000000013d9c8fc
16. src/Interpreters/InterpreterSelectQueryAnalyzer.cpp:284:18: DB::InterpreterSelectQueryAnalyzer::InterpreterSelectQueryAnalyzer(boost::intrusive_ptr<DB::IAST> const&, std::shared_ptr<DB::Context const> const&, DB::SelectQueryOptions const&, std::vector<String, std::allocator<String>> const&, DB::ActionsDAG const*) @ 0x0000000013d9ab10
17. contrib/llvm-project/libcxx/include/__memory/unique_ptr.h:770:30: std::unique_ptr<DB::InterpreterSelectQueryAnalyzer, std::default_delete<DB::InterpreterSelectQueryAnalyzer>> std::make_unique[abi:fqe220101]<DB::InterpreterSelectQueryAnalyzer, boost::intrusive_ptr<DB::IAST>&, std::shared_ptr<DB::Context> const&, DB::SelectQueryOptions const&, 0>(boost::intrusive_ptr<DB::IAST>&, std::shared_ptr<DB::Context> const&, DB::SelectQueryOptions const&) @ 0x0000000013da258c
18. contrib/llvm-project/libcxx/include/__functional/function.h:502:12: ? @ 0x0000000013d547d0
19. src/Interpreters/executeQuery.cpp:1881:66: DB::executeQueryImpl(char const*, char const*, std::shared_ptr<DB::Context>, DB::QueryFlags, DB::QueryProcessingStage::Enum, std::unique_ptr<DB::ReadBuffer, std::default_delete<DB::ReadBuffer>>&, boost::intrusive_ptr<DB::IAST>&, std::shared_ptr<DB::ImplicitTransactionControlExecutor>, std::function<void ()>, DB::QueryResultDetails&) @ 0x0000000014165944
20. src/Interpreters/executeQuery.cpp:2438:11: DB::executeQuery(std::basic_string_view<char, std::char_traits<char>>, std::shared_ptr<DB::Context>, DB::QueryFlags, DB::QueryProcessingStage::Enum) @ 0x0000000014161810
21. src/Server/TCPHandler.cpp:899:68: DB::TCPHandler::runImpl() @ 0x00000000196c8980
22. src/Server/TCPHandler.cpp:3354:9: DB::TCPHandler::run() @ 0x00000000196e6744
23. base/poco/Net/src/TCPServerConnection.cpp:40:3: Poco::Net::TCPServerConnection::start() @ 0x000000001e24b798
24. base/poco/Net/src/TCPServerDispatcher.cpp:115:42: Poco::Net::TCPServerDispatcher::run() @ 0x000000001e24bd58
25. base/poco/Foundation/src/ThreadPool.cpp:207:14: Poco::PooledThread::run() @ 0x000000001e20c498
26. base/poco/Foundation/src/Thread_POSIX.cpp:341:27: Poco::ThreadImpl::runnableEntry(void*) @ 0x000000001e20a7b4
27. ? @ 0x000000000008c248
28. ? @ 0x00000000000f6adc

2026.08.02 16:01:49.275137 [ 1080095 ] {b31ba7a0-188f-46dd-9ef2-f5e8a05a39fd} <Error> executeQuery: Code: 48. DB::Exception: Only `hash` join supports multiple ORs for keys in JOIN ON section. (NOT_IMPLEMENTED) (version 26.8.1.1) (from 127.0.0.1:53510) (query 1, line 1) (in query: EXPLAIN PIPELINE SELECT r.w FROM av2.orl AS l RIGHT JOIN av2.orr AS r ON l.k1=r.k1 OR l.k2=r.k2 SETTINGS join_algorithm='parallel_hash'), Stack trace (when copying this message, always include the lines below):

0. base/poco/Foundation/src/Exception.cpp:32:1: Poco::Exception::Exception(String&&, int) @ 0x000000001e1d1bb8
1. src/Common/Exception.cpp:158:7: DB::Exception::Exception(DB::Exception::MessageMasked&&, int, bool) @ 0x000000000eb8908c
2. src/Common/Exception.h:201:100: DB::Exception::Exception(String&&, int, String, bool) @ 0x0000000009979258
3. src/Common/Exception.h:57:54: DB::Exception::Exception(PreformattedMessage&&, int) @ 0x0000000009978c8c
4. src/Common/Exception.h:219:77: DB::Exception::Exception<>(int, FormatStringHelperImpl<>) @ 0x000000000eb87c14
5. src/Planner/PlannerJoins.cpp:1442:15: DB::chooseJoinAlgorithm(std::shared_ptr<DB::TableJoin>&, DB::PreparedJoinStorage const&, std::shared_ptr<DB::Block const>, std::shared_ptr<DB::Block const>, DB::JoinAlgorithmParams const&) @ 0x000000001356e13c
6. src/Processors/QueryPlan/JoinStepLogical.cpp:1411:31: DB::buildPhysicalJoinImpl(std::vector<DB::QueryPlan::Node*, std::allocator<DB::QueryPlan::Node*>>, DB::JoinOperator, DB::JoinExpressionActions, DB::JoinSettings, DB::JoinAlgorithmParams, DB::SortingStep::Settings, std::vector<DB::ActionsDAG::Node const*, std::allocator<DB::ActionsDAG::Node const*>> const&, DB::QueryPlanOptimizationSettings const&, std::list<DB::QueryPlan::Node, std::allocator<DB::QueryPlan::Node>>&, DB::LogicalJoinInfo&&) @ 0x0000000019d53290
7. src/Processors/QueryPlan/JoinStepLogical.cpp:1503:21: DB::JoinStepLogical::buildPhysicalJoin(DB::QueryPlan::Node&, DB::QueryPlanOptimizationSettings const&, std::list<DB::QueryPlan::Node, std::allocator<DB::QueryPlan::Node>>&) @ 0x0000000019d50630
8. src/Processors/QueryPlan/Optimizations/optimizeJoin.cpp:604:5: DB::QueryPlanOptimizations::convertLogicalJoinToPhysical(DB::QueryPlan::Node&, std::list<DB::QueryPlan::Node, std::allocator<DB::QueryPlan::Node>>&, DB::QueryPlanOptimizationSettings const&) @ 0x0000000019ee5ed8
9. src/Processors/QueryPlan/Optimizations/optimizeTree.cpp:284:13: DB::QueryPlanOptimizations::optimizeTreeSecondPass(DB::QueryPlanOptimizationSettings const&, DB::QueryPlan::Node&, std::list<DB::QueryPlan::Node, std::allocator<DB::QueryPlan::Node>>&, DB::QueryPlan&) @ 0x0000000019f286d4
10. src/Processors/QueryPlan/QueryPlan.cpp:803:5: DB::QueryPlan::optimize(DB::QueryPlanOptimizationSettings const&) @ 0x0000000019da1a24
11. src/Processors/QueryPlan/QueryPlan.cpp:230:9: DB::QueryPlan::buildQueryPipeline(DB::QueryPlanOptimizationSettings const&, DB::BuildQueryPipelineSettings const&, bool) @ 0x0000000019da1120
12. src/Interpreters/InterpreterExplainQuery.cpp:1115:38: DB::InterpreterExplainQuery::executeImpl() @ 0x0000000013d43b04
13. src/Interpreters/InterpreterExplainQuery.cpp:334:20: DB::InterpreterExplainQuery::execute() @ 0x0000000013d40dec
14. src/Interpreters/executeQuery.cpp:1954:40: DB::executeQueryImpl(char const*, char const*, std::shared_ptr<DB::Context>, DB::QueryFlags, DB::QueryProcessingStage::Enum, std::unique_ptr<DB::ReadBuffer, std::default_delete<DB::ReadBuffer>>&, boost::intrusive_ptr<DB::IAST>&, std::shared_ptr<DB::ImplicitTransactionControlExecutor>, std::function<void ()>, DB::QueryResultDetails&) @ 0x0000000014165df4
15. src/Interpreters/executeQuery.cpp:2438:11: DB::executeQuery(std::basic_string_view<char, std::char_traits<char>>, std::shared_ptr<DB::Context>, DB::QueryFlags, DB::QueryProcessingStage::Enum) @ 0x0000000014161810
16. src/Server/TCPHandler.cpp:899:68: DB::TCPHandler::runImpl() @ 0x00000000196c8980
17. src/Server/TCPHandler.cpp:3354:9: DB::TCPHandler::run() @ 0x00000000196e6744
18. base/poco/Net/src/TCPServerConnection.cpp:40:3: Poco::Net::TCPServerConnection::start() @ 0x000000001e24b798
19. base/poco/Net/src/TCPServerDispatcher.cpp:115:42: Poco::Net::TCPServerDispatcher::run() @ 0x000000001e24bd58
20. base/poco/Foundation/src/ThreadPool.cpp:207:14: Poco::PooledThread::run() @ 0x000000001e20c498
21. base/poco/Foundation/src/Thread_POSIX.cpp:341:27: Poco::ThreadImpl::runnableEntry(void*) @ 0x000000001e20a7b4
22. ? @ 0x000000000008c248
23. ? @ 0x00000000000f6adc

2026.08.02 16:01:49.275312 [ 1080095 ] {} <Error> TCPHandler: Code: 48. DB::Exception: Only `hash` join supports multiple ORs for keys in JOIN ON section. (NOT_IMPLEMENTED), Stack trace (when copying this message, always include the lines below):

0. base/poco/Foundation/src/Exception.cpp:32:1: Poco::Exception::Exception(String&&, int) @ 0x000000001e1d1bb8
1. src/Common/Exception.cpp:158:7: DB::Exception::Exception(DB::Exception::MessageMasked&&, int, bool) @ 0x000000000eb8908c
2. src/Common/Exception.h:201:100: DB::Exception::Exception(String&&, int, String, bool) @ 0x0000000009979258
3. src/Common/Exception.h:57:54: DB::Exception::Exception(PreformattedMessage&&, int) @ 0x0000000009978c8c
4. src/Common/Exception.h:219:77: DB::Exception::Exception<>(int, FormatStringHelperImpl<>) @ 0x000000000eb87c14
5. src/Planner/PlannerJoins.cpp:1442:15: DB::chooseJoinAlgorithm(std::shared_ptr<DB::TableJoin>&, DB::PreparedJoinStorage const&, std::shared_ptr<DB::Block const>, std::shared_ptr<DB::Block const>, DB::JoinAlgorithmParams const&) @ 0x000000001356e13c
6. src/Processors/QueryPlan/JoinStepLogical.cpp:1411:31: DB::buildPhysicalJoinImpl(std::vector<DB::QueryPlan::Node*, std::allocator<DB::QueryPlan::Node*>>, DB::JoinOperator, DB::JoinExpressionActions, DB::JoinSettings, DB::JoinAlgorithmParams, DB::SortingStep::Settings, std::vector<DB::ActionsDAG::Node const*, std::allocator<DB::ActionsDAG::Node const*>> const&, DB::QueryPlanOptimizationSettings const&, std::list<DB::QueryPlan::Node, std::allocator<DB::QueryPlan::Node>>&, DB::LogicalJoinInfo&&) @ 0x0000000019d53290
7. src/Processors/QueryPlan/JoinStepLogical.cpp:1503:21: DB::JoinStepLogical::buildPhysicalJoin(DB::QueryPlan::Node&, DB::QueryPlanOptimizationSettings const&, std::list<DB::QueryPlan::Node, std::allocator<DB::QueryPlan::Node>>&) @ 0x0000000019d50630
8. src/Processors/QueryPlan/Optimizations/optimizeJoin.cpp:604:5: DB::QueryPlanOptimizations::convertLogicalJoinToPhysical(DB::QueryPlan::Node&, std::list<DB::QueryPlan::Node, std::allocator<DB::QueryPlan::Node>>&, DB::QueryPlanOptimizationSettings const&) @ 0x0000000019ee5ed8
9. src/Processors/QueryPlan/Optimizations/optimizeTree.cpp:284:13: DB::QueryPlanOptimizations::optimizeTreeSecondPass(DB::QueryPlanOptimizationSettings const&, DB::QueryPlan::Node&, std::list<DB::QueryPlan::Node, std::allocator<DB::QueryPlan::Node>>&, DB::QueryPlan&) @ 0x0000000019f286d4
10. src/Processors/QueryPlan/QueryPlan.cpp:803:5: DB::QueryPlan::optimize(DB::QueryPlanOptimizationSettings const&) @ 0x0000000019da1a24
11. src/Processors/QueryPlan/QueryPlan.cpp:230:9: DB::QueryPlan::buildQueryPipeline(DB::QueryPlanOptimizationSettings const&, DB::BuildQueryPipelineSettings const&, bool) @ 0x0000000019da1120
12. src/Interpreters/InterpreterExplainQuery.cpp:1115:38: DB::InterpreterExplainQuery::executeImpl() @ 0x0000000013d43b04
13. src/Interpreters/InterpreterExplainQuery.cpp:334:20: DB::InterpreterExplainQuery::execute() @ 0x0000000013d40dec
14. src/Interpreters/executeQuery.cpp:1954:40: DB::executeQueryImpl(char const*, char const*, std::shared_ptr<DB::Context>, DB::QueryFlags, DB::QueryProcessingStage::Enum, std::unique_ptr<DB::ReadBuffer, std::default_delete<DB::ReadBuffer>>&, boost::intrusive_ptr<DB::IAST>&, std::shared_ptr<DB::ImplicitTransactionControlExecutor>, std::function<void ()>, DB::QueryResultDetails&) @ 0x0000000014165df4
15. src/Interpreters/executeQuery.cpp:2438:11: DB::executeQuery(std::basic_string_view<char, std::char_traits<char>>, std::shared_ptr<DB::Context>, DB::QueryFlags, DB::QueryProcessingStage::Enum) @ 0x0000000014161810
16. src/Server/TCPHandler.cpp:899:68: DB::TCPHandler::runImpl() @ 0x00000000196c8980
17. src/Server/TCPHandler.cpp:3354:9: DB::TCPHandler::run() @ 0x00000000196e6744
18. base/poco/Net/src/TCPServerConnection.cpp:40:3: Poco::Net::TCPServerConnection::start() @ 0x000000001e24b798
19. base/poco/Net/src/TCPServerDispatcher.cpp:115:42: Poco::Net::TCPServerDispatcher::run() @ 0x000000001e24bd58
20. base/poco/Foundation/src/ThreadPool.cpp:207:14: Poco::PooledThread::run() @ 0x000000001e20c498
21. base/poco/Foundation/src/Thread_POSIX.cpp:341:27: Poco::ThreadImpl::runnableEntry(void*) @ 0x000000001e20a7b4
22. ? @ 0x000000000008c248
23. ? @ 0x00000000000f6adc

2026.08.02 16:01:49.905652 [ 1080095 ] {83d85c21-aa62-40b5-a893-30770df68c17} <Error> executeQuery: Code: 48. DB::Exception: Only `hash` join supports multiple ORs for keys in JOIN ON section. (NOT_IMPLEMENTED) (version 26.8.1.1) (from 127.0.0.1:53600) (query 1, line 1) (in query: SELECT l.k1,l.k2,l.v,r.k1,r.k2,r.w FROM av2.orl AS l RIGHT JOIN av2.orr AS r ON l.k1=r.k1 OR l.k2=r.k2 ORDER BY r.k1,r.k2,r.w,l.k1,l.k2,l.v SETTINGS join_algorithm='parallel_hash'), Stack trace (when copying this message, always include the lines below):

0. base/poco/Foundation/src/Exception.cpp:32:1: Poco::Exception::Exception(String&&, int) @ 0x000000001e1d1bb8
1. src/Common/Exception.cpp:158:7: DB::Exception::Exception(DB::Exception::MessageMasked&&, int, bool) @ 0x000000000eb8908c
2. src/Common/Exception.h:201:100: DB::Exception::Exception(String&&, int, String, bool) @ 0x0000000009979258
3. src/Common/Exception.h:57:54: DB::Exception::Exception(PreformattedMessage&&, int) @ 0x0000000009978c8c
4. src/Common/Exception.h:219:77: DB::Exception::Exception<>(int, FormatStringHelperImpl<>) @ 0x000000000eb87c14
5. src/Planner/PlannerJoins.cpp:1442:15: DB::chooseJoinAlgorithm(std::shared_ptr<DB::TableJoin>&, DB::PreparedJoinStorage const&, std::shared_ptr<DB::Block const>, std::shared_ptr<DB::Block const>, DB::JoinAlgorithmParams const&) @ 0x000000001356e13c
6. src/Processors/QueryPlan/JoinStepLogical.cpp:1411:31: DB::buildPhysicalJoinImpl(std::vector<DB::QueryPlan::Node*, std::allocator<DB::QueryPlan::Node*>>, DB::JoinOperator, DB::JoinExpressionActions, DB::JoinSettings, DB::JoinAlgorithmParams, DB::SortingStep::Settings, std::vector<DB::ActionsDAG::Node const*, std::allocator<DB::ActionsDAG::Node const*>> const&, DB::QueryPlanOptimizationSettings const&, std::list<DB::QueryPlan::Node, std::allocator<DB::QueryPlan::Node>>&, DB::LogicalJoinInfo&&) @ 0x0000000019d53290
7. src/Processors/QueryPlan/JoinStepLogical.cpp:1503:21: DB::JoinStepLogical::buildPhysicalJoin(DB::QueryPlan::Node&, DB::QueryPlanOptimizationSettings const&, std::list<DB::QueryPlan::Node, std::allocator<DB::QueryPlan::Node>>&) @ 0x0000000019d50630
8. src/Processors/QueryPlan/Optimizations/optimizeJoin.cpp:604:5: DB::QueryPlanOptimizations::convertLogicalJoinToPhysical(DB::QueryPlan::Node&, std::list<DB::QueryPlan::Node, std::allocator<DB::QueryPlan::Node>>&, DB::QueryPlanOptimizationSettings const&) @ 0x0000000019ee5ed8
9. src/Processors/QueryPlan/Optimizations/optimizeTree.cpp:284:13: DB::QueryPlanOptimizations::optimizeTreeSecondPass(DB::QueryPlanOptimizationSettings const&, DB::QueryPlan::Node&, std::list<DB::QueryPlan::Node, std::allocator<DB::QueryPlan::Node>>&, DB::QueryPlan&) @ 0x0000000019f286d4
10. src/Processors/QueryPlan/QueryPlan.cpp:803:5: DB::QueryPlan::optimize(DB::QueryPlanOptimizationSettings const&) @ 0x0000000019da1a24
11. src/Interpreters/InterpreterSelectQueryAnalyzer.cpp:413:16: DB::InterpreterSelectQueryAnalyzer::buildQueryPipeline() @ 0x0000000013d9e0b8
12. src/Interpreters/InterpreterSelectQueryAnalyzer.cpp:374:29: DB::InterpreterSelectQueryAnalyzer::execute() @ 0x0000000013d9dd90
13. src/Interpreters/executeQuery.cpp:1954:40: DB::executeQueryImpl(char const*, char const*, std::shared_ptr<DB::Context>, DB::QueryFlags, DB::QueryProcessingStage::Enum, std::unique_ptr<DB::ReadBuffer, std::default_delete<DB::ReadBuffer>>&, boost::intrusive_ptr<DB::IAST>&, std::shared_ptr<DB::ImplicitTransactionControlExecutor>, std::function<void ()>, DB::QueryResultDetails&) @ 0x0000000014165df4
14. src/Interpreters/executeQuery.cpp:2438:11: DB::executeQuery(std::basic_string_view<char, std::char_traits<char>>, std::shared_ptr<DB::Context>, DB::QueryFlags, DB::QueryProcessingStage::Enum) @ 0x0000000014161810
15. src/Server/TCPHandler.cpp:899:68: DB::TCPHandler::runImpl() @ 0x00000000196c8980
16. src/Server/TCPHandler.cpp:3354:9: DB::TCPHandler::run() @ 0x00000000196e6744
17. base/poco/Net/src/TCPServerConnection.cpp:40:3: Poco::Net::TCPServerConnection::start() @ 0x000000001e24b798
18. base/poco/Net/src/TCPServerDispatcher.cpp:115:42: Poco::Net::TCPServerDispatcher::run() @ 0x000000001e24bd58
19. base/poco/Foundation/src/ThreadPool.cpp:207:14: Poco::PooledThread::run() @ 0x000000001e20c498
20. base/poco/Foundation/src/Thread_POSIX.cpp:341:27: Poco::ThreadImpl::runnableEntry(void*) @ 0x000000001e20a7b4
21. ? @ 0x000000000008c248
22. ? @ 0x00000000000f6adc

2026.08.02 16:01:49.905833 [ 1080095 ] {} <Error> TCPHandler: Code: 48. DB::Exception: Only `hash` join supports multiple ORs for keys in JOIN ON section. (NOT_IMPLEMENTED), Stack trace (when copying this message, always include the lines below):

0. base/poco/Foundation/src/Exception.cpp:32:1: Poco::Exception::Exception(String&&, int) @ 0x000000001e1d1bb8
1. src/Common/Exception.cpp:158:7: DB::Exception::Exception(DB::Exception::MessageMasked&&, int, bool) @ 0x000000000eb8908c
2. src/Common/Exception.h:201:100: DB::Exception::Exception(String&&, int, String, bool) @ 0x0000000009979258
3. src/Common/Exception.h:57:54: DB::Exception::Exception(PreformattedMessage&&, int) @ 0x0000000009978c8c
4. src/Common/Exception.h:219:77: DB::Exception::Exception<>(int, FormatStringHelperImpl<>) @ 0x000000000eb87c14
5. src/Planner/PlannerJoins.cpp:1442:15: DB::chooseJoinAlgorithm(std::shared_ptr<DB::TableJoin>&, DB::PreparedJoinStorage const&, std::shared_ptr<DB::Block const>, std::shared_ptr<DB::Block const>, DB::JoinAlgorithmParams const&) @ 0x000000001356e13c
6. src/Processors/QueryPlan/JoinStepLogical.cpp:1411:31: DB::buildPhysicalJoinImpl(std::vector<DB::QueryPlan::Node*, std::allocator<DB::QueryPlan::Node*>>, DB::JoinOperator, DB::JoinExpressionActions, DB::JoinSettings, DB::JoinAlgorithmParams, DB::SortingStep::Settings, std::vector<DB::ActionsDAG::Node const*, std::allocator<DB::ActionsDAG::Node const*>> const&, DB::QueryPlanOptimizationSettings const&, std::list<DB::QueryPlan::Node, std::allocator<DB::QueryPlan::Node>>&, DB::LogicalJoinInfo&&) @ 0x0000000019d53290
7. src/Processors/QueryPlan/JoinStepLogical.cpp:1503:21: DB::JoinStepLogical::buildPhysicalJoin(DB::QueryPlan::Node&, DB::QueryPlanOptimizationSettings const&, std::list<DB::QueryPlan::Node, std::allocator<DB::QueryPlan::Node>>&) @ 0x0000000019d50630
8. src/Processors/QueryPlan/Optimizations/optimizeJoin.cpp:604:5: DB::QueryPlanOptimizations::convertLogicalJoinToPhysical(DB::QueryPlan::Node&, std::list<DB::QueryPlan::Node, std::allocator<DB::QueryPlan::Node>>&, DB::QueryPlanOptimizationSettings const&) @ 0x0000000019ee5ed8
9. src/Processors/QueryPlan/Optimizations/optimizeTree.cpp:284:13: DB::QueryPlanOptimizations::optimizeTreeSecondPass(DB::QueryPlanOptimizationSettings const&, DB::QueryPlan::Node&, std::list<DB::QueryPlan::Node, std::allocator<DB::QueryPlan::Node>>&, DB::QueryPlan&) @ 0x0000000019f286d4
10. src/Processors/QueryPlan/QueryPlan.cpp:803:5: DB::QueryPlan::optimize(DB::QueryPlanOptimizationSettings const&) @ 0x0000000019da1a24
11. src/Interpreters/InterpreterSelectQueryAnalyzer.cpp:413:16: DB::InterpreterSelectQueryAnalyzer::buildQueryPipeline() @ 0x0000000013d9e0b8
12. src/Interpreters/InterpreterSelectQueryAnalyzer.cpp:374:29: DB::InterpreterSelectQueryAnalyzer::execute() @ 0x0000000013d9dd90
13. src/Interpreters/executeQuery.cpp:1954:40: DB::executeQueryImpl(char const*, char const*, std::shared_ptr<DB::Context>, DB::QueryFlags, DB::QueryProcessingStage::Enum, std::unique_ptr<DB::ReadBuffer, std::default_delete<DB::ReadBuffer>>&, boost::intrusive_ptr<DB::IAST>&, std::shared_ptr<DB::ImplicitTransactionControlExecutor>, std::function<void ()>, DB::QueryResultDetails&) @ 0x0000000014165df4
14. src/Interpreters/executeQuery.cpp:2438:11: DB::executeQuery(std::basic_string_view<char, std::char_traits<char>>, std::shared_ptr<DB::Context>, DB::QueryFlags, DB::QueryProcessingStage::Enum) @ 0x0000000014161810
15. src/Server/TCPHandler.cpp:899:68: DB::TCPHandler::runImpl() @ 0x00000000196c8980
16. src/Server/TCPHandler.cpp:3354:9: DB::TCPHandler::run() @ 0x00000000196e6744
17. base/poco/Net/src/TCPServerConnection.cpp:40:3: Poco::Net::TCPServerConnection::start() @ 0x000000001e24b798
18. base/poco/Net/src/TCPServerDispatcher.cpp:115:42: Poco::Net::TCPServerDispatcher::run() @ 0x000000001e24bd58
19. base/poco/Foundation/src/ThreadPool.cpp:207:14: Poco::PooledThread::run() @ 0x000000001e20c498
20. base/poco/Foundation/src/Thread_POSIX.cpp:341:27: Poco::ThreadImpl::runnableEntry(void*) @ 0x000000001e20a7b4
21. ? @ 0x000000000008c248
22. ? @ 0x00000000000f6adc

2026.08.02 16:01:49.958147 [ 1080095 ] {23200ded-67ce-403a-89ae-acbe807128dd} <Error> executeQuery: Code: 48. DB::Exception: Only `hash` join supports multiple ORs for keys in JOIN ON section. (NOT_IMPLEMENTED) (version 26.8.1.1) (from 127.0.0.1:53608) (query 1, line 1) (in query: SELECT l.k1,l.k2,l.v,r.k1,r.k2,r.w FROM av2.orl AS l RIGHT JOIN av2.orr AS r ON l.k1=r.k1 OR l.k2=r.k2 ORDER BY r.k1,r.k2,r.w,l.k1,l.k2,l.v SETTINGS join_algorithm='parallel_hash'), Stack trace (when copying this message, always include the lines below):

0. base/poco/Foundation/src/Exception.cpp:32:1: Poco::Exception::Exception(String&&, int) @ 0x000000001e1d1bb8
1. src/Common/Exception.cpp:158:7: DB::Exception::Exception(DB::Exception::MessageMasked&&, int, bool) @ 0x000000000eb8908c
2. src/Common/Exception.h:201:100: DB::Exception::Exception(String&&, int, String, bool) @ 0x0000000009979258
3. src/Common/Exception.h:57:54: DB::Exception::Exception(PreformattedMessage&&, int) @ 0x0000000009978c8c
4. src/Common/Exception.h:219:77: DB::Exception::Exception<>(int, FormatStringHelperImpl<>) @ 0x000000000eb87c14
5. src/Planner/PlannerJoins.cpp:1442:15: DB::chooseJoinAlgorithm(std::shared_ptr<DB::TableJoin>&, DB::PreparedJoinStorage const&, std::shared_ptr<DB::Block const>, std::shared_ptr<DB::Block const>, DB::JoinAlgorithmParams const&) @ 0x000000001356e13c
6. src/Processors/QueryPlan/JoinStepLogical.cpp:1411:31: DB::buildPhysicalJoinImpl(std::vector<DB::QueryPlan::Node*, std::allocator<DB::QueryPlan::Node*>>, DB::JoinOperator, DB::JoinExpressionActions, DB::JoinSettings, DB::JoinAlgorithmParams, DB::SortingStep::Settings, std::vector<DB::ActionsDAG::Node const*, std::allocator<DB::ActionsDAG::Node const*>> const&, DB::QueryPlanOptimizationSettings const&, std::list<DB::QueryPlan::Node, std::allocator<DB::QueryPlan::Node>>&, DB::LogicalJoinInfo&&) @ 0x0000000019d53290
7. src/Processors/QueryPlan/JoinStepLogical.cpp:1503:21: DB::JoinStepLogical::buildPhysicalJoin(DB::QueryPlan::Node&, DB::QueryPlanOptimizationSettings const&, std::list<DB::QueryPlan::Node, std::allocator<DB::QueryPlan::Node>>&) @ 0x0000000019d50630
8. src/Processors/QueryPlan/Optimizations/optimizeJoin.cpp:604:5: DB::QueryPlanOptimizations::convertLogicalJoinToPhysical(DB::QueryPlan::Node&, std::list<DB::QueryPlan::Node, std::allocator<DB::QueryPlan::Node>>&, DB::QueryPlanOptimizationSettings const&) @ 0x0000000019ee5ed8
9. src/Processors/QueryPlan/Optimizations/optimizeTree.cpp:284:13: DB::QueryPlanOptimizations::optimizeTreeSecondPass(DB::QueryPlanOptimizationSettings const&, DB::QueryPlan::Node&, std::list<DB::QueryPlan::Node, std::allocator<DB::QueryPlan::Node>>&, DB::QueryPlan&) @ 0x0000000019f286d4
10. src/Processors/QueryPlan/QueryPlan.cpp:803:5: DB::QueryPlan::optimize(DB::QueryPlanOptimizationSettings const&) @ 0x0000000019da1a24
11. src/Interpreters/InterpreterSelectQueryAnalyzer.cpp:413:16: DB::InterpreterSelectQueryAnalyzer::buildQueryPipeline() @ 0x0000000013d9e0b8
12. src/Interpreters/InterpreterSelectQueryAnalyzer.cpp:374:29: DB::InterpreterSelectQueryAnalyzer::execute() @ 0x0000000013d9dd90
13. src/Interpreters/executeQuery.cpp:1954:40: DB::executeQueryImpl(char const*, char const*, std::shared_ptr<DB::Context>, DB::QueryFlags, DB::QueryProcessingStage::Enum, std::unique_ptr<DB::ReadBuffer, std::default_delete<DB::ReadBuffer>>&, boost::intrusive_ptr<DB::IAST>&, std::shared_ptr<DB::ImplicitTransactionControlExecutor>, std::function<void ()>, DB::QueryResultDetails&) @ 0x0000000014165df4
14. src/Interpreters/executeQuery.cpp:2438:11: DB::executeQuery(std::basic_string_view<char, std::char_traits<char>>, std::shared_ptr<DB::Context>, DB::QueryFlags, DB::QueryProcessingStage::Enum) @ 0x0000000014161810
15. src/Server/TCPHandler.cpp:899:68: DB::TCPHandler::runImpl() @ 0x00000000196c8980
16. src/Server/TCPHandler.cpp:3354:9: DB::TCPHandler::run() @ 0x00000000196e6744
17. base/poco/Net/src/TCPServerConnection.cpp:40:3: Poco::Net::TCPServerConnection::start() @ 0x000000001e24b798
18. base/poco/Net/src/TCPServerDispatcher.cpp:115:42: Poco::Net::TCPServerDispatcher::run() @ 0x000000001e24bd58
19. base/poco/Foundation/src/ThreadPool.cpp:207:14: Poco::PooledThread::run() @ 0x000000001e20c498
20. base/poco/Foundation/src/Thread_POSIX.cpp:341:27: Poco::ThreadImpl::runnableEntry(void*) @ 0x000000001e20a7b4
21. ? @ 0x000000000008c248
22. ? @ 0x00000000000f6adc

2026.08.02 16:01:49.958303 [ 1080095 ] {} <Error> TCPHandler: Code: 48. DB::Exception: Only `hash` join supports multiple ORs for keys in JOIN ON section. (NOT_IMPLEMENTED), Stack trace (when copying this message, always include the lines below):

0. base/poco/Foundation/src/Exception.cpp:32:1: Poco::Exception::Exception(String&&, int) @ 0x000000001e1d1bb8
1. src/Common/Exception.cpp:158:7: DB::Exception::Exception(DB::Exception::MessageMasked&&, int, bool) @ 0x000000000eb8908c
2. src/Common/Exception.h:201:100: DB::Exception::Exception(String&&, int, String, bool) @ 0x0000000009979258
3. src/Common/Exception.h:57:54: DB::Exception::Exception(PreformattedMessage&&, int) @ 0x0000000009978c8c
4. src/Common/Exception.h:219:77: DB::Exception::Exception<>(int, FormatStringHelperImpl<>) @ 0x000000000eb87c14
5. src/Planner/PlannerJoins.cpp:1442:15: DB::chooseJoinAlgorithm(std::shared_ptr<DB::TableJoin>&, DB::PreparedJoinStorage const&, std::shared_ptr<DB::Block const>, std::shared_ptr<DB::Block const>, DB::JoinAlgorithmParams const&) @ 0x000000001356e13c
6. src/Processors/QueryPlan/JoinStepLogical.cpp:1411:31: DB::buildPhysicalJoinImpl(std::vector<DB::QueryPlan::Node*, std::allocator<DB::QueryPlan::Node*>>, DB::JoinOperator, DB::JoinExpressionActions, DB::JoinSettings, DB::JoinAlgorithmParams, DB::SortingStep::Settings, std::vector<DB::ActionsDAG::Node const*, std::allocator<DB::ActionsDAG::Node const*>> const&, DB::QueryPlanOptimizationSettings const&, std::list<DB::QueryPlan::Node, std::allocator<DB::QueryPlan::Node>>&, DB::LogicalJoinInfo&&) @ 0x0000000019d53290
7. src/Processors/QueryPlan/JoinStepLogical.cpp:1503:21: DB::JoinStepLogical::buildPhysicalJoin(DB::QueryPlan::Node&, DB::QueryPlanOptimizationSettings const&, std::list<DB::QueryPlan::Node, std::allocator<DB::QueryPlan::Node>>&) @ 0x0000000019d50630
8. src/Processors/QueryPlan/Optimizations/optimizeJoin.cpp:604:5: DB::QueryPlanOptimizations::convertLogicalJoinToPhysical(DB::QueryPlan::Node&, std::list<DB::QueryPlan::Node, std::allocator<DB::QueryPlan::Node>>&, DB::QueryPlanOptimizationSettings const&) @ 0x0000000019ee5ed8
9. src/Processors/QueryPlan/Optimizations/optimizeTree.cpp:284:13: DB::QueryPlanOptimizations::optimizeTreeSecondPass(DB::QueryPlanOptimizationSettings const&, DB::QueryPlan::Node&, std::list<DB::QueryPlan::Node, std::allocator<DB::QueryPlan::Node>>&, DB::QueryPlan&) @ 0x0000000019f286d4
10. src/Processors/QueryPlan/QueryPlan.cpp:803:5: DB::QueryPlan::optimize(DB::QueryPlanOptimizationSettings const&) @ 0x0000000019da1a24
11. src/Interpreters/InterpreterSelectQueryAnalyzer.cpp:413:16: DB::InterpreterSelectQueryAnalyzer::buildQueryPipeline() @ 0x0000000013d9e0b8
12. src/Interpreters/InterpreterSelectQueryAnalyzer.cpp:374:29: DB::InterpreterSelectQueryAnalyzer::execute() @ 0x0000000013d9dd90
13. src/Interpreters/executeQuery.cpp:1954:40: DB::executeQueryImpl(char const*, char const*, std::shared_ptr<DB::Context>, DB::QueryFlags, DB::QueryProcessingStage::Enum, std::unique_ptr<DB::ReadBuffer, std::default_delete<DB::ReadBuffer>>&, boost::intrusive_ptr<DB::IAST>&, std::shared_ptr<DB::ImplicitTransactionControlExecutor>, std::function<void ()>, DB::QueryResultDetails&) @ 0x0000000014165df4
14. src/Interpreters/executeQuery.cpp:2438:11: DB::executeQuery(std::basic_string_view<char, std::char_traits<char>>, std::shared_ptr<DB::Context>, DB::QueryFlags, DB::QueryProcessingStage::Enum) @ 0x0000000014161810
15. src/Server/TCPHandler.cpp:899:68: DB::TCPHandler::runImpl() @ 0x00000000196c8980
16. src/Server/TCPHandler.cpp:3354:9: DB::TCPHandler::run() @ 0x00000000196e6744
17. base/poco/Net/src/TCPServerConnection.cpp:40:3: Poco::Net::TCPServerConnection::start() @ 0x000000001e24b798
18. base/poco/Net/src/TCPServerDispatcher.cpp:115:42: Poco::Net::TCPServerDispatcher::run() @ 0x000000001e24bd58
19. base/poco/Foundation/src/ThreadPool.cpp:207:14: Poco::PooledThread::run() @ 0x000000001e20c498
20. base/poco/Foundation/src/Thread_POSIX.cpp:341:27: Poco::ThreadImpl::runnableEntry(void*) @ 0x000000001e20a7b4
21. ? @ 0x000000000008c248
22. ? @ 0x00000000000f6adc

2026.08.02 16:01:50.009040 [ 1080095 ] {4677a487-1db4-4e5d-b0bc-b8f6b9ded208} <Error> executeQuery: Code: 48. DB::Exception: Only `hash` join supports multiple ORs for keys in JOIN ON section. (NOT_IMPLEMENTED) (version 26.8.1.1) (from 127.0.0.1:53618) (query 1, line 1) (in query: SELECT l.k1,l.k2,l.v,r.k1,r.k2,r.w FROM av2.orl AS l RIGHT JOIN av2.orr AS r ON l.k1=r.k1 OR l.k2=r.k2 ORDER BY r.k1,r.k2,r.w,l.k1,l.k2,l.v SETTINGS join_algorithm='parallel_hash'), Stack trace (when copying this message, always include the lines below):

0. base/poco/Foundation/src/Exception.cpp:32:1: Poco::Exception::Exception(String&&, int) @ 0x000000001e1d1bb8
1. src/Common/Exception.cpp:158:7: DB::Exception::Exception(DB::Exception::MessageMasked&&, int, bool) @ 0x000000000eb8908c
2. src/Common/Exception.h:201:100: DB::Exception::Exception(String&&, int, String, bool) @ 0x0000000009979258
3. src/Common/Exception.h:57:54: DB::Exception::Exception(PreformattedMessage&&, int) @ 0x0000000009978c8c
4. src/Common/Exception.h:219:77: DB::Exception::Exception<>(int, FormatStringHelperImpl<>) @ 0x000000000eb87c14
5. src/Planner/PlannerJoins.cpp:1442:15: DB::chooseJoinAlgorithm(std::shared_ptr<DB::TableJoin>&, DB::PreparedJoinStorage const&, std::shared_ptr<DB::Block const>, std::shared_ptr<DB::Block const>, DB::JoinAlgorithmParams const&) @ 0x000000001356e13c
6. src/Processors/QueryPlan/JoinStepLogical.cpp:1411:31: DB::buildPhysicalJoinImpl(std::vector<DB::QueryPlan::Node*, std::allocator<DB::QueryPlan::Node*>>, DB::JoinOperator, DB::JoinExpressionActions, DB::JoinSettings, DB::JoinAlgorithmParams, DB::SortingStep::Settings, std::vector<DB::ActionsDAG::Node const*, std::allocator<DB::ActionsDAG::Node const*>> const&, DB::QueryPlanOptimizationSettings const&, std::list<DB::QueryPlan::Node, std::allocator<DB::QueryPlan::Node>>&, DB::LogicalJoinInfo&&) @ 0x0000000019d53290
7. src/Processors/QueryPlan/JoinStepLogical.cpp:1503:21: DB::JoinStepLogical::buildPhysicalJoin(DB::QueryPlan::Node&, DB::QueryPlanOptimizationSettings const&, std::list<DB::QueryPlan::Node, std::allocator<DB::QueryPlan::Node>>&) @ 0x0000000019d50630
8. src/Processors/QueryPlan/Optimizations/optimizeJoin.cpp:604:5: DB::QueryPlanOptimizations::convertLogicalJoinToPhysical(DB::QueryPlan::Node&, std::list<DB::QueryPlan::Node, std::allocator<DB::QueryPlan::Node>>&, DB::QueryPlanOptimizationSettings const&) @ 0x0000000019ee5ed8
9. src/Processors/QueryPlan/Optimizations/optimizeTree.cpp:284:13: DB::QueryPlanOptimizations::optimizeTreeSecondPass(DB::QueryPlanOptimizationSettings const&, DB::QueryPlan::Node&, std::list<DB::QueryPlan::Node, std::allocator<DB::QueryPlan::Node>>&, DB::QueryPlan&) @ 0x0000000019f286d4
10. src/Processors/QueryPlan/QueryPlan.cpp:803:5: DB::QueryPlan::optimize(DB::QueryPlanOptimizationSettings const&) @ 0x0000000019da1a24
11. src/Interpreters/InterpreterSelectQueryAnalyzer.cpp:413:16: DB::InterpreterSelectQueryAnalyzer::buildQueryPipeline() @ 0x0000000013d9e0b8
12. src/Interpreters/InterpreterSelectQueryAnalyzer.cpp:374:29: DB::InterpreterSelectQueryAnalyzer::execute() @ 0x0000000013d9dd90
13. src/Interpreters/executeQuery.cpp:1954:40: DB::executeQueryImpl(char const*, char const*, std::shared_ptr<DB::Context>, DB::QueryFlags, DB::QueryProcessingStage::Enum, std::unique_ptr<DB::ReadBuffer, std::default_delete<DB::ReadBuffer>>&, boost::intrusive_ptr<DB::IAST>&, std::shared_ptr<DB::ImplicitTransactionControlExecutor>, std::function<void ()>, DB::QueryResultDetails&) @ 0x0000000014165df4
14. src/Interpreters/executeQuery.cpp:2438:11: DB::executeQuery(std::basic_string_view<char, std::char_traits<char>>, std::shared_ptr<DB::Context>, DB::QueryFlags, DB::QueryProcessingStage::Enum) @ 0x0000000014161810
15. src/Server/TCPHandler.cpp:899:68: DB::TCPHandler::runImpl() @ 0x00000000196c8980
16. src/Server/TCPHandler.cpp:3354:9: DB::TCPHandler::run() @ 0x00000000196e6744
17. base/poco/Net/src/TCPServerConnection.cpp:40:3: Poco::Net::TCPServerConnection::start() @ 0x000000001e24b798
18. base/poco/Net/src/TCPServerDispatcher.cpp:115:42: Poco::Net::TCPServerDispatcher::run() @ 0x000000001e24bd58
19. base/poco/Foundation/src/ThreadPool.cpp:207:14: Poco::PooledThread::run() @ 0x000000001e20c498
20. base/poco/Foundation/src/Thread_POSIX.cpp:341:27: Poco::ThreadImpl::runnableEntry(void*) @ 0x000000001e20a7b4
21. ? @ 0x000000000008c248
22. ? @ 0x00000000000f6adc

2026.08.02 16:01:50.009187 [ 1080095 ] {} <Error> TCPHandler: Code: 48. DB::Exception: Only `hash` join supports multiple ORs for keys in JOIN ON section. (NOT_IMPLEMENTED), Stack trace (when copying this message, always include the lines below):

0. base/poco/Foundation/src/Exception.cpp:32:1: Poco::Exception::Exception(String&&, int) @ 0x000000001e1d1bb8
1. src/Common/Exception.cpp:158:7: DB::Exception::Exception(DB::Exception::MessageMasked&&, int, bool) @ 0x000000000eb8908c
2. src/Common/Exception.h:201:100: DB::Exception::Exception(String&&, int, String, bool) @ 0x0000000009979258
3. src/Common/Exception.h:57:54: DB::Exception::Exception(PreformattedMessage&&, int) @ 0x0000000009978c8c
4. src/Common/Exception.h:219:77: DB::Exception::Exception<>(int, FormatStringHelperImpl<>) @ 0x000000000eb87c14
5. src/Planner/PlannerJoins.cpp:1442:15: DB::chooseJoinAlgorithm(std::shared_ptr<DB::TableJoin>&, DB::PreparedJoinStorage const&, std::shared_ptr<DB::Block const>, std::shared_ptr<DB::Block const>, DB::JoinAlgorithmParams const&) @ 0x000000001356e13c
6. src/Processors/QueryPlan/JoinStepLogical.cpp:1411:31: DB::buildPhysicalJoinImpl(std::vector<DB::QueryPlan::Node*, std::allocator<DB::QueryPlan::Node*>>, DB::JoinOperator, DB::JoinExpressionActions, DB::JoinSettings, DB::JoinAlgorithmParams, DB::SortingStep::Settings, std::vector<DB::ActionsDAG::Node const*, std::allocator<DB::ActionsDAG::Node const*>> const&, DB::QueryPlanOptimizationSettings const&, std::list<DB::QueryPlan::Node, std::allocator<DB::QueryPlan::Node>>&, DB::LogicalJoinInfo&&) @ 0x0000000019d53290
7. src/Processors/QueryPlan/JoinStepLogical.cpp:1503:21: DB::JoinStepLogical::buildPhysicalJoin(DB::QueryPlan::Node&, DB::QueryPlanOptimizationSettings const&, std::list<DB::QueryPlan::Node, std::allocator<DB::QueryPlan::Node>>&) @ 0x0000000019d50630
8. src/Processors/QueryPlan/Optimizations/optimizeJoin.cpp:604:5: DB::QueryPlanOptimizations::convertLogicalJoinToPhysical(DB::QueryPlan::Node&, std::list<DB::QueryPlan::Node, std::allocator<DB::QueryPlan::Node>>&, DB::QueryPlanOptimizationSettings const&) @ 0x0000000019ee5ed8
9. src/Processors/QueryPlan/Optimizations/optimizeTree.cpp:284:13: DB::QueryPlanOptimizations::optimizeTreeSecondPass(DB::QueryPlanOptimizationSettings const&, DB::QueryPlan::Node&, std::list<DB::QueryPlan::Node, std::allocator<DB::QueryPlan::Node>>&, DB::QueryPlan&) @ 0x0000000019f286d4
10. src/Processors/QueryPlan/QueryPlan.cpp:803:5: DB::QueryPlan::optimize(DB::QueryPlanOptimizationSettings const&) @ 0x0000000019da1a24
11. src/Interpreters/InterpreterSelectQueryAnalyzer.cpp:413:16: DB::InterpreterSelectQueryAnalyzer::buildQueryPipeline() @ 0x0000000013d9e0b8
12. src/Interpreters/InterpreterSelectQueryAnalyzer.cpp:374:29: DB::InterpreterSelectQueryAnalyzer::execute() @ 0x0000000013d9dd90
13. src/Interpreters/executeQuery.cpp:1954:40: DB::executeQueryImpl(char const*, char const*, std::shared_ptr<DB::Context>, DB::QueryFlags, DB::QueryProcessingStage::Enum, std::unique_ptr<DB::ReadBuffer, std::default_delete<DB::ReadBuffer>>&, boost::intrusive_ptr<DB::IAST>&, std::shared_ptr<DB::ImplicitTransactionControlExecutor>, std::function<void ()>, DB::QueryResultDetails&) @ 0x0000000014165df4
14. src/Interpreters/executeQuery.cpp:2438:11: DB::executeQuery(std::basic_string_view<char, std::char_traits<char>>, std::shared_ptr<DB::Context>, DB::QueryFlags, DB::QueryProcessingStage::Enum) @ 0x0000000014161810
15. src/Server/TCPHandler.cpp:899:68: DB::TCPHandler::runImpl() @ 0x00000000196c8980
16. src/Server/TCPHandler.cpp:3354:9: DB::TCPHandler::run() @ 0x00000000196e6744
17. base/poco/Net/src/TCPServerConnection.cpp:40:3: Poco::Net::TCPServerConnection::start() @ 0x000000001e24b798
18. base/poco/Net/src/TCPServerDispatcher.cpp:115:42: Poco::Net::TCPServerDispatcher::run() @ 0x000000001e24bd58
19. base/poco/Foundation/src/ThreadPool.cpp:207:14: Poco::PooledThread::run() @ 0x000000001e20c498
20. base/poco/Foundation/src/Thread_POSIX.cpp:341:27: Poco::ThreadImpl::runnableEntry(void*) @ 0x000000001e20a7b4
21. ? @ 0x000000000008c248
22. ? @ 0x00000000000f6adc

2026.08.02 16:01:50.060842 [ 1080095 ] {f87f7202-6b29-49e8-9ee8-d269d3c89c26} <Error> executeQuery: Code: 48. DB::Exception: Only `hash` join supports multiple ORs for keys in JOIN ON section. (NOT_IMPLEMENTED) (version 26.8.1.1) (from 127.0.0.1:53626) (query 1, line 1) (in query: SELECT l.k1,l.k2,l.v,r.k1,r.k2,r.w FROM av2.orl AS l RIGHT JOIN av2.orr AS r ON l.k1=r.k1 OR l.k2=r.k2 ORDER BY r.k1,r.k2,r.w,l.k1,l.k2,l.v SETTINGS join_algorithm='parallel_hash'), Stack trace (when copying this message, always include the lines below):

0. base/poco/Foundation/src/Exception.cpp:32:1: Poco::Exception::Exception(String&&, int) @ 0x000000001e1d1bb8
1. src/Common/Exception.cpp:158:7: DB::Exception::Exception(DB::Exception::MessageMasked&&, int, bool) @ 0x000000000eb8908c
2. src/Common/Exception.h:201:100: DB::Exception::Exception(String&&, int, String, bool) @ 0x0000000009979258
3. src/Common/Exception.h:57:54: DB::Exception::Exception(PreformattedMessage&&, int) @ 0x0000000009978c8c
4. src/Common/Exception.h:219:77: DB::Exception::Exception<>(int, FormatStringHelperImpl<>) @ 0x000000000eb87c14
5. src/Planner/PlannerJoins.cpp:1442:15: DB::chooseJoinAlgorithm(std::shared_ptr<DB::TableJoin>&, DB::PreparedJoinStorage const&, std::shared_ptr<DB::Block const>, std::shared_ptr<DB::Block const>, DB::JoinAlgorithmParams const&) @ 0x000000001356e13c
6. src/Processors/QueryPlan/JoinStepLogical.cpp:1411:31: DB::buildPhysicalJoinImpl(std::vector<DB::QueryPlan::Node*, std::allocator<DB::QueryPlan::Node*>>, DB::JoinOperator, DB::JoinExpressionActions, DB::JoinSettings, DB::JoinAlgorithmParams, DB::SortingStep::Settings, std::vector<DB::ActionsDAG::Node const*, std::allocator<DB::ActionsDAG::Node const*>> const&, DB::QueryPlanOptimizationSettings const&, std::list<DB::QueryPlan::Node, std::allocator<DB::QueryPlan::Node>>&, DB::LogicalJoinInfo&&) @ 0x0000000019d53290
7. src/Processors/QueryPlan/JoinStepLogical.cpp:1503:21: DB::JoinStepLogical::buildPhysicalJoin(DB::QueryPlan::Node&, DB::QueryPlanOptimizationSettings const&, std::list<DB::QueryPlan::Node, std::allocator<DB::QueryPlan::Node>>&) @ 0x0000000019d50630
8. src/Processors/QueryPlan/Optimizations/optimizeJoin.cpp:604:5: DB::QueryPlanOptimizations::convertLogicalJoinToPhysical(DB::QueryPlan::Node&, std::list<DB::QueryPlan::Node, std::allocator<DB::QueryPlan::Node>>&, DB::QueryPlanOptimizationSettings const&) @ 0x0000000019ee5ed8
9. src/Processors/QueryPlan/Optimizations/optimizeTree.cpp:284:13: DB::QueryPlanOptimizations::optimizeTreeSecondPass(DB::QueryPlanOptimizationSettings const&, DB::QueryPlan::Node&, std::list<DB::QueryPlan::Node, std::allocator<DB::QueryPlan::Node>>&, DB::QueryPlan&) @ 0x0000000019f286d4
10. src/Processors/QueryPlan/QueryPlan.cpp:803:5: DB::QueryPlan::optimize(DB::QueryPlanOptimizationSettings const&) @ 0x0000000019da1a24
11. src/Interpreters/InterpreterSelectQueryAnalyzer.cpp:413:16: DB::InterpreterSelectQueryAnalyzer::buildQueryPipeline() @ 0x0000000013d9e0b8
12. src/Interpreters/InterpreterSelectQueryAnalyzer.cpp:374:29: DB::InterpreterSelectQueryAnalyzer::execute() @ 0x0000000013d9dd90
13. src/Interpreters/executeQuery.cpp:1954:40: DB::executeQueryImpl(char const*, char const*, std::shared_ptr<DB::Context>, DB::QueryFlags, DB::QueryProcessingStage::Enum, std::unique_ptr<DB::ReadBuffer, std::default_delete<DB::ReadBuffer>>&, boost::intrusive_ptr<DB::IAST>&, std::shared_ptr<DB::ImplicitTransactionControlExecutor>, std::function<void ()>, DB::QueryResultDetails&) @ 0x0000000014165df4
14. src/Interpreters/executeQuery.cpp:2438:11: DB::executeQuery(std::basic_string_view<char, std::char_traits<char>>, std::shared_ptr<DB::Context>, DB::QueryFlags, DB::QueryProcessingStage::Enum) @ 0x0000000014161810
15. src/Server/TCPHandler.cpp:899:68: DB::TCPHandler::runImpl() @ 0x00000000196c8980
16. src/Server/TCPHandler.cpp:3354:9: DB::TCPHandler::run() @ 0x00000000196e6744
17. base/poco/Net/src/TCPServerConnection.cpp:40:3: Poco::Net::TCPServerConnection::start() @ 0x000000001e24b798
18. base/poco/Net/src/TCPServerDispatcher.cpp:115:42: Poco::Net::TCPServerDispatcher::run() @ 0x000000001e24bd58
19. base/poco/Foundation/src/ThreadPool.cpp:207:14: Poco::PooledThread::run() @ 0x000000001e20c498
20. base/poco/Foundation/src/Thread_POSIX.cpp:341:27: Poco::ThreadImpl::runnableEntry(void*) @ 0x000000001e20a7b4
21. ? @ 0x000000000008c248
22. ? @ 0x00000000000f6adc

2026.08.02 16:01:50.060974 [ 1080095 ] {} <Error> TCPHandler: Code: 48. DB::Exception: Only `hash` join supports multiple ORs for keys in JOIN ON section. (NOT_IMPLEMENTED), Stack trace (when copying this message, always include the lines below):

0. base/poco/Foundation/src/Exception.cpp:32:1: Poco::Exception::Exception(String&&, int) @ 0x000000001e1d1bb8
1. src/Common/Exception.cpp:158:7: DB::Exception::Exception(DB::Exception::MessageMasked&&, int, bool) @ 0x000000000eb8908c
2. src/Common/Exception.h:201:100: DB::Exception::Exception(String&&, int, String, bool) @ 0x0000000009979258
3. src/Common/Exception.h:57:54: DB::Exception::Exception(PreformattedMessage&&, int) @ 0x0000000009978c8c
4. src/Common/Exception.h:219:77: DB::Exception::Exception<>(int, FormatStringHelperImpl<>) @ 0x000000000eb87c14
5. src/Planner/PlannerJoins.cpp:1442:15: DB::chooseJoinAlgorithm(std::shared_ptr<DB::TableJoin>&, DB::PreparedJoinStorage const&, std::shared_ptr<DB::Block const>, std::shared_ptr<DB::Block const>, DB::JoinAlgorithmParams const&) @ 0x000000001356e13c
6. src/Processors/QueryPlan/JoinStepLogical.cpp:1411:31: DB::buildPhysicalJoinImpl(std::vector<DB::QueryPlan::Node*, std::allocator<DB::QueryPlan::Node*>>, DB::JoinOperator, DB::JoinExpressionActions, DB::JoinSettings, DB::JoinAlgorithmParams, DB::SortingStep::Settings, std::vector<DB::ActionsDAG::Node const*, std::allocator<DB::ActionsDAG::Node const*>> const&, DB::QueryPlanOptimizationSettings const&, std::list<DB::QueryPlan::Node, std::allocator<DB::QueryPlan::Node>>&, DB::LogicalJoinInfo&&) @ 0x0000000019d53290
7. src/Processors/QueryPlan/JoinStepLogical.cpp:1503:21: DB::JoinStepLogical::buildPhysicalJoin(DB::QueryPlan::Node&, DB::QueryPlanOptimizationSettings const&, std::list<DB::QueryPlan::Node, std::allocator<DB::QueryPlan::Node>>&) @ 0x0000000019d50630
8. src/Processors/QueryPlan/Optimizations/optimizeJoin.cpp:604:5: DB::QueryPlanOptimizations::convertLogicalJoinToPhysical(DB::QueryPlan::Node&, std::list<DB::QueryPlan::Node, std::allocator<DB::QueryPlan::Node>>&, DB::QueryPlanOptimizationSettings const&) @ 0x0000000019ee5ed8
9. src/Processors/QueryPlan/Optimizations/optimizeTree.cpp:284:13: DB::QueryPlanOptimizations::optimizeTreeSecondPass(DB::QueryPlanOptimizationSettings const&, DB::QueryPlan::Node&, std::list<DB::QueryPlan::Node, std::allocator<DB::QueryPlan::Node>>&, DB::QueryPlan&) @ 0x0000000019f286d4
10. src/Processors/QueryPlan/QueryPlan.cpp:803:5: DB::QueryPlan::optimize(DB::QueryPlanOptimizationSettings const&) @ 0x0000000019da1a24
11. src/Interpreters/InterpreterSelectQueryAnalyzer.cpp:413:16: DB::InterpreterSelectQueryAnalyzer::buildQueryPipeline() @ 0x0000000013d9e0b8
12. src/Interpreters/InterpreterSelectQueryAnalyzer.cpp:374:29: DB::InterpreterSelectQueryAnalyzer::execute() @ 0x0000000013d9dd90
13. src/Interpreters/executeQuery.cpp:1954:40: DB::executeQueryImpl(char const*, char const*, std::shared_ptr<DB::Context>, DB::QueryFlags, DB::QueryProcessingStage::Enum, std::unique_ptr<DB::ReadBuffer, std::default_delete<DB::ReadBuffer>>&, boost::intrusive_ptr<DB::IAST>&, std::shared_ptr<DB::ImplicitTransactionControlExecutor>, std::function<void ()>, DB::QueryResultDetails&) @ 0x0000000014165df4
14. src/Interpreters/executeQuery.cpp:2438:11: DB::executeQuery(std::basic_string_view<char, std::char_traits<char>>, std::shared_ptr<DB::Context>, DB::QueryFlags, DB::QueryProcessingStage::Enum) @ 0x0000000014161810
15. src/Server/TCPHandler.cpp:899:68: DB::TCPHandler::runImpl() @ 0x00000000196c8980
16. src/Server/TCPHandler.cpp:3354:9: DB::TCPHandler::run() @ 0x00000000196e6744
17. base/poco/Net/src/TCPServerConnection.cpp:40:3: Poco::Net::TCPServerConnection::start() @ 0x000000001e24b798
18. base/poco/Net/src/TCPServerDispatcher.cpp:115:42: Poco::Net::TCPServerDispatcher::run() @ 0x000000001e24bd58
19. base/poco/Foundation/src/ThreadPool.cpp:207:14: Poco::PooledThread::run() @ 0x000000001e20c498
20. base/poco/Foundation/src/Thread_POSIX.cpp:341:27: Poco::ThreadImpl::runnableEntry(void*) @ 0x000000001e20a7b4
21. ? @ 0x000000000008c248
22. ? @ 0x00000000000f6adc

2026.08.02 16:01:50.111751 [ 1080095 ] {30dcc96d-712c-493f-b862-3081d87ef710} <Error> executeQuery: Code: 48. DB::Exception: Only `hash` join supports multiple ORs for keys in JOIN ON section. (NOT_IMPLEMENTED) (version 26.8.1.1) (from 127.0.0.1:53634) (query 1, line 1) (in query: SELECT l.k1,l.k2,l.v,r.k1,r.k2,r.w FROM av2.orl AS l RIGHT JOIN av2.orr AS r ON l.k1=r.k1 OR l.k2=r.k2 ORDER BY r.k1,r.k2,r.w,l.k1,l.k2,l.v SETTINGS join_algorithm='parallel_hash'), Stack trace (when copying this message, always include the lines below):

0. base/poco/Foundation/src/Exception.cpp:32:1: Poco::Exception::Exception(String&&, int) @ 0x000000001e1d1bb8
1. src/Common/Exception.cpp:158:7: DB::Exception::Exception(DB::Exception::MessageMasked&&, int, bool) @ 0x000000000eb8908c
2. src/Common/Exception.h:201:100: DB::Exception::Exception(String&&, int, String, bool) @ 0x0000000009979258
3. src/Common/Exception.h:57:54: DB::Exception::Exception(PreformattedMessage&&, int) @ 0x0000000009978c8c
4. src/Common/Exception.h:219:77: DB::Exception::Exception<>(int, FormatStringHelperImpl<>) @ 0x000000000eb87c14
5. src/Planner/PlannerJoins.cpp:1442:15: DB::chooseJoinAlgorithm(std::shared_ptr<DB::TableJoin>&, DB::PreparedJoinStorage const&, std::shared_ptr<DB::Block const>, std::shared_ptr<DB::Block const>, DB::JoinAlgorithmParams const&) @ 0x000000001356e13c
6. src/Processors/QueryPlan/JoinStepLogical.cpp:1411:31: DB::buildPhysicalJoinImpl(std::vector<DB::QueryPlan::Node*, std::allocator<DB::QueryPlan::Node*>>, DB::JoinOperator, DB::JoinExpressionActions, DB::JoinSettings, DB::JoinAlgorithmParams, DB::SortingStep::Settings, std::vector<DB::ActionsDAG::Node const*, std::allocator<DB::ActionsDAG::Node const*>> const&, DB::QueryPlanOptimizationSettings const&, std::list<DB::QueryPlan::Node, std::allocator<DB::QueryPlan::Node>>&, DB::LogicalJoinInfo&&) @ 0x0000000019d53290
7. src/Processors/QueryPlan/JoinStepLogical.cpp:1503:21: DB::JoinStepLogical::buildPhysicalJoin(DB::QueryPlan::Node&, DB::QueryPlanOptimizationSettings const&, std::list<DB::QueryPlan::Node, std::allocator<DB::QueryPlan::Node>>&) @ 0x0000000019d50630
8. src/Processors/QueryPlan/Optimizations/optimizeJoin.cpp:604:5: DB::QueryPlanOptimizations::convertLogicalJoinToPhysical(DB::QueryPlan::Node&, std::list<DB::QueryPlan::Node, std::allocator<DB::QueryPlan::Node>>&, DB::QueryPlanOptimizationSettings const&) @ 0x0000000019ee5ed8
9. src/Processors/QueryPlan/Optimizations/optimizeTree.cpp:284:13: DB::QueryPlanOptimizations::optimizeTreeSecondPass(DB::QueryPlanOptimizationSettings const&, DB::QueryPlan::Node&, std::list<DB::QueryPlan::Node, std::allocator<DB::QueryPlan::Node>>&, DB::QueryPlan&) @ 0x0000000019f286d4
10. src/Processors/QueryPlan/QueryPlan.cpp:803:5: DB::QueryPlan::optimize(DB::QueryPlanOptimizationSettings const&) @ 0x0000000019da1a24
11. src/Interpreters/InterpreterSelectQueryAnalyzer.cpp:413:16: DB::InterpreterSelectQueryAnalyzer::buildQueryPipeline() @ 0x0000000013d9e0b8
12. src/Interpreters/InterpreterSelectQueryAnalyzer.cpp:374:29: DB::InterpreterSelectQueryAnalyzer::execute() @ 0x0000000013d9dd90
13. src/Interpreters/executeQuery.cpp:1954:40: DB::executeQueryImpl(char const*, char const*, std::shared_ptr<DB::Context>, DB::QueryFlags, DB::QueryProcessingStage::Enum, std::unique_ptr<DB::ReadBuffer, std::default_delete<DB::ReadBuffer>>&, boost::intrusive_ptr<DB::IAST>&, std::shared_ptr<DB::ImplicitTransactionControlExecutor>, std::function<void ()>, DB::QueryResultDetails&) @ 0x0000000014165df4
14. src/Interpreters/executeQuery.cpp:2438:11: DB::executeQuery(std::basic_string_view<char, std::char_traits<char>>, std::shared_ptr<DB::Context>, DB::QueryFlags, DB::QueryProcessingStage::Enum) @ 0x0000000014161810
15. src/Server/TCPHandler.cpp:899:68: DB::TCPHandler::runImpl() @ 0x00000000196c8980
16. src/Server/TCPHandler.cpp:3354:9: DB::TCPHandler::run() @ 0x00000000196e6744
17. base/poco/Net/src/TCPServerConnection.cpp:40:3: Poco::Net::TCPServerConnection::start() @ 0x000000001e24b798
18. base/poco/Net/src/TCPServerDispatcher.cpp:115:42: Poco::Net::TCPServerDispatcher::run() @ 0x000000001e24bd58
19. base/poco/Foundation/src/ThreadPool.cpp:207:14: Poco::PooledThread::run() @ 0x000000001e20c498
20. base/poco/Foundation/src/Thread_POSIX.cpp:341:27: Poco::ThreadImpl::runnableEntry(void*) @ 0x000000001e20a7b4
21. ? @ 0x000000000008c248
22. ? @ 0x00000000000f6adc

2026.08.02 16:01:50.111900 [ 1080095 ] {} <Error> TCPHandler: Code: 48. DB::Exception: Only `hash` join supports multiple ORs for keys in JOIN ON section. (NOT_IMPLEMENTED), Stack trace (when copying this message, always include the lines below):

0. base/poco/Foundation/src/Exception.cpp:32:1: Poco::Exception::Exception(String&&, int) @ 0x000000001e1d1bb8
1. src/Common/Exception.cpp:158:7: DB::Exception::Exception(DB::Exception::MessageMasked&&, int, bool) @ 0x000000000eb8908c
2. src/Common/Exception.h:201:100: DB::Exception::Exception(String&&, int, String, bool) @ 0x0000000009979258
3. src/Common/Exception.h:57:54: DB::Exception::Exception(PreformattedMessage&&, int) @ 0x0000000009978c8c
4. src/Common/Exception.h:219:77: DB::Exception::Exception<>(int, FormatStringHelperImpl<>) @ 0x000000000eb87c14
5. src/Planner/PlannerJoins.cpp:1442:15: DB::chooseJoinAlgorithm(std::shared_ptr<DB::TableJoin>&, DB::PreparedJoinStorage const&, std::shared_ptr<DB::Block const>, std::shared_ptr<DB::Block const>, DB::JoinAlgorithmParams const&) @ 0x000000001356e13c
6. src/Processors/QueryPlan/JoinStepLogical.cpp:1411:31: DB::buildPhysicalJoinImpl(std::vector<DB::QueryPlan::Node*, std::allocator<DB::QueryPlan::Node*>>, DB::JoinOperator, DB::JoinExpressionActions, DB::JoinSettings, DB::JoinAlgorithmParams, DB::SortingStep::Settings, std::vector<DB::ActionsDAG::Node const*, std::allocator<DB::ActionsDAG::Node const*>> const&, DB::QueryPlanOptimizationSettings const&, std::list<DB::QueryPlan::Node, std::allocator<DB::QueryPlan::Node>>&, DB::LogicalJoinInfo&&) @ 0x0000000019d53290
7. src/Processors/QueryPlan/JoinStepLogical.cpp:1503:21: DB::JoinStepLogical::buildPhysicalJoin(DB::QueryPlan::Node&, DB::QueryPlanOptimizationSettings const&, std::list<DB::QueryPlan::Node, std::allocator<DB::QueryPlan::Node>>&) @ 0x0000000019d50630
8. src/Processors/QueryPlan/Optimizations/optimizeJoin.cpp:604:5: DB::QueryPlanOptimizations::convertLogicalJoinToPhysical(DB::QueryPlan::Node&, std::list<DB::QueryPlan::Node, std::allocator<DB::QueryPlan::Node>>&, DB::QueryPlanOptimizationSettings const&) @ 0x0000000019ee5ed8
9. src/Processors/QueryPlan/Optimizations/optimizeTree.cpp:284:13: DB::QueryPlanOptimizations::optimizeTreeSecondPass(DB::QueryPlanOptimizationSettings const&, DB::QueryPlan::Node&, std::list<DB::QueryPlan::Node, std::allocator<DB::QueryPlan::Node>>&, DB::QueryPlan&) @ 0x0000000019f286d4
10. src/Processors/QueryPlan/QueryPlan.cpp:803:5: DB::QueryPlan::optimize(DB::QueryPlanOptimizationSettings const&) @ 0x0000000019da1a24
11. src/Interpreters/InterpreterSelectQueryAnalyzer.cpp:413:16: DB::InterpreterSelectQueryAnalyzer::buildQueryPipeline() @ 0x0000000013d9e0b8
12. src/Interpreters/InterpreterSelectQueryAnalyzer.cpp:374:29: DB::InterpreterSelectQueryAnalyzer::execute() @ 0x0000000013d9dd90
13. src/Interpreters/executeQuery.cpp:1954:40: DB::executeQueryImpl(char const*, char const*, std::shared_ptr<DB::Context>, DB::QueryFlags, DB::QueryProcessingStage::Enum, std::unique_ptr<DB::ReadBuffer, std::default_delete<DB::ReadBuffer>>&, boost::intrusive_ptr<DB::IAST>&, std::shared_ptr<DB::ImplicitTransactionControlExecutor>, std::function<void ()>, DB::QueryResultDetails&) @ 0x0000000014165df4
14. src/Interpreters/executeQuery.cpp:2438:11: DB::executeQuery(std::basic_string_view<char, std::char_traits<char>>, std::shared_ptr<DB::Context>, DB::QueryFlags, DB::QueryProcessingStage::Enum) @ 0x0000000014161810
15. src/Server/TCPHandler.cpp:899:68: DB::TCPHandler::runImpl() @ 0x00000000196c8980
16. src/Server/TCPHandler.cpp:3354:9: DB::TCPHandler::run() @ 0x00000000196e6744
17. base/poco/Net/src/TCPServerConnection.cpp:40:3: Poco::Net::TCPServerConnection::start() @ 0x000000001e24b798
18. base/poco/Net/src/TCPServerDispatcher.cpp:115:42: Poco::Net::TCPServerDispatcher::run() @ 0x000000001e24bd58
19. base/poco/Foundation/src/ThreadPool.cpp:207:14: Poco::PooledThread::run() @ 0x000000001e20c498
20. base/poco/Foundation/src/Thread_POSIX.cpp:341:27: Poco::ThreadImpl::runnableEntry(void*) @ 0x000000001e20a7b4
21. ? @ 0x000000000008c248
22. ? @ 0x00000000000f6adc

2026.08.02 16:01:50.161954 [ 1080095 ] {3b02d63b-9927-4f23-b2fa-d6967a18d075} <Error> executeQuery: Code: 48. DB::Exception: Only `hash` join supports multiple ORs for keys in JOIN ON section. (NOT_IMPLEMENTED) (version 26.8.1.1) (from 127.0.0.1:53638) (query 1, line 1) (in query: SELECT l.k1,l.k2,l.v,r.k1,r.k2,r.w FROM av2.orl AS l RIGHT JOIN av2.orr AS r ON l.k1=r.k1 OR l.k2=r.k2 ORDER BY r.k1,r.k2,r.w,l.k1,l.k2,l.v SETTINGS join_algorithm='parallel_hash'), Stack trace (when copying this message, always include the lines below):

0. base/poco/Foundation/src/Exception.cpp:32:1: Poco::Exception::Exception(String&&, int) @ 0x000000001e1d1bb8
1. src/Common/Exception.cpp:158:7: DB::Exception::Exception(DB::Exception::MessageMasked&&, int, bool) @ 0x000000000eb8908c
2. src/Common/Exception.h:201:100: DB::Exception::Exception(String&&, int, String, bool) @ 0x0000000009979258
3. src/Common/Exception.h:57:54: DB::Exception::Exception(PreformattedMessage&&, int) @ 0x0000000009978c8c
4. src/Common/Exception.h:219:77: DB::Exception::Exception<>(int, FormatStringHelperImpl<>) @ 0x000000000eb87c14
5. src/Planner/PlannerJoins.cpp:1442:15: DB::chooseJoinAlgorithm(std::shared_ptr<DB::TableJoin>&, DB::PreparedJoinStorage const&, std::shared_ptr<DB::Block const>, std::shared_ptr<DB::Block const>, DB::JoinAlgorithmParams const&) @ 0x000000001356e13c
6. src/Processors/QueryPlan/JoinStepLogical.cpp:1411:31: DB::buildPhysicalJoinImpl(std::vector<DB::QueryPlan::Node*, std::allocator<DB::QueryPlan::Node*>>, DB::JoinOperator, DB::JoinExpressionActions, DB::JoinSettings, DB::JoinAlgorithmParams, DB::SortingStep::Settings, std::vector<DB::ActionsDAG::Node const*, std::allocator<DB::ActionsDAG::Node const*>> const&, DB::QueryPlanOptimizationSettings const&, std::list<DB::QueryPlan::Node, std::allocator<DB::QueryPlan::Node>>&, DB::LogicalJoinInfo&&) @ 0x0000000019d53290
7. src/Processors/QueryPlan/JoinStepLogical.cpp:1503:21: DB::JoinStepLogical::buildPhysicalJoin(DB::QueryPlan::Node&, DB::QueryPlanOptimizationSettings const&, std::list<DB::QueryPlan::Node, std::allocator<DB::QueryPlan::Node>>&) @ 0x0000000019d50630
8. src/Processors/QueryPlan/Optimizations/optimizeJoin.cpp:604:5: DB::QueryPlanOptimizations::convertLogicalJoinToPhysical(DB::QueryPlan::Node&, std::list<DB::QueryPlan::Node, std::allocator<DB::QueryPlan::Node>>&, DB::QueryPlanOptimizationSettings const&) @ 0x0000000019ee5ed8
9. src/Processors/QueryPlan/Optimizations/optimizeTree.cpp:284:13: DB::QueryPlanOptimizations::optimizeTreeSecondPass(DB::QueryPlanOptimizationSettings const&, DB::QueryPlan::Node&, std::list<DB::QueryPlan::Node, std::allocator<DB::QueryPlan::Node>>&, DB::QueryPlan&) @ 0x0000000019f286d4
10. src/Processors/QueryPlan/QueryPlan.cpp:803:5: DB::QueryPlan::optimize(DB::QueryPlanOptimizationSettings const&) @ 0x0000000019da1a24
11. src/Interpreters/InterpreterSelectQueryAnalyzer.cpp:413:16: DB::InterpreterSelectQueryAnalyzer::buildQueryPipeline() @ 0x0000000013d9e0b8
12. src/Interpreters/InterpreterSelectQueryAnalyzer.cpp:374:29: DB::InterpreterSelectQueryAnalyzer::execute() @ 0x0000000013d9dd90
13. src/Interpreters/executeQuery.cpp:1954:40: DB::executeQueryImpl(char const*, char const*, std::shared_ptr<DB::Context>, DB::QueryFlags, DB::QueryProcessingStage::Enum, std::unique_ptr<DB::ReadBuffer, std::default_delete<DB::ReadBuffer>>&, boost::intrusive_ptr<DB::IAST>&, std::shared_ptr<DB::ImplicitTransactionControlExecutor>, std::function<void ()>, DB::QueryResultDetails&) @ 0x0000000014165df4
14. src/Interpreters/executeQuery.cpp:2438:11: DB::executeQuery(std::basic_string_view<char, std::char_traits<char>>, std::shared_ptr<DB::Context>, DB::QueryFlags, DB::QueryProcessingStage::Enum) @ 0x0000000014161810
15. src/Server/TCPHandler.cpp:899:68: DB::TCPHandler::runImpl() @ 0x00000000196c8980
16. src/Server/TCPHandler.cpp:3354:9: DB::TCPHandler::run() @ 0x00000000196e6744
17. base/poco/Net/src/TCPServerConnection.cpp:40:3: Poco::Net::TCPServerConnection::start() @ 0x000000001e24b798
18. base/poco/Net/src/TCPServerDispatcher.cpp:115:42: Poco::Net::TCPServerDispatcher::run() @ 0x000000001e24bd58
19. base/poco/Foundation/src/ThreadPool.cpp:207:14: Poco::PooledThread::run() @ 0x000000001e20c498
20. base/poco/Foundation/src/Thread_POSIX.cpp:341:27: Poco::ThreadImpl::runnableEntry(void*) @ 0x000000001e20a7b4
21. ? @ 0x000000000008c248
22. ? @ 0x00000000000f6adc

2026.08.02 16:01:50.162083 [ 1080095 ] {} <Error> TCPHandler: Code: 48. DB::Exception: Only `hash` join supports multiple ORs for keys in JOIN ON section. (NOT_IMPLEMENTED), Stack trace (when copying this message, always include the lines below):

0. base/poco/Foundation/src/Exception.cpp:32:1: Poco::Exception::Exception(String&&, int) @ 0x000000001e1d1bb8
1. src/Common/Exception.cpp:158:7: DB::Exception::Exception(DB::Exception::MessageMasked&&, int, bool) @ 0x000000000eb8908c
2. src/Common/Exception.h:201:100: DB::Exception::Exception(String&&, int, String, bool) @ 0x0000000009979258
3. src/Common/Exception.h:57:54: DB::Exception::Exception(PreformattedMessage&&, int) @ 0x0000000009978c8c
4. src/Common/Exception.h:219:77: DB::Exception::Exception<>(int, FormatStringHelperImpl<>) @ 0x000000000eb87c14
5. src/Planner/PlannerJoins.cpp:1442:15: DB::chooseJoinAlgorithm(std::shared_ptr<DB::TableJoin>&, DB::PreparedJoinStorage const&, std::shared_ptr<DB::Block const>, std::shared_ptr<DB::Block const>, DB::JoinAlgorithmParams const&) @ 0x000000001356e13c
6. src/Processors/QueryPlan/JoinStepLogical.cpp:1411:31: DB::buildPhysicalJoinImpl(std::vector<DB::QueryPlan::Node*, std::allocator<DB::QueryPlan::Node*>>, DB::JoinOperator, DB::JoinExpressionActions, DB::JoinSettings, DB::JoinAlgorithmParams, DB::SortingStep::Settings, std::vector<DB::ActionsDAG::Node const*, std::allocator<DB::ActionsDAG::Node const*>> const&, DB::QueryPlanOptimizationSettings const&, std::list<DB::QueryPlan::Node, std::allocator<DB::QueryPlan::Node>>&, DB::LogicalJoinInfo&&) @ 0x0000000019d53290
7. src/Processors/QueryPlan/JoinStepLogical.cpp:1503:21: DB::JoinStepLogical::buildPhysicalJoin(DB::QueryPlan::Node&, DB::QueryPlanOptimizationSettings const&, std::list<DB::QueryPlan::Node, std::allocator<DB::QueryPlan::Node>>&) @ 0x0000000019d50630
8. src/Processors/QueryPlan/Optimizations/optimizeJoin.cpp:604:5: DB::QueryPlanOptimizations::convertLogicalJoinToPhysical(DB::QueryPlan::Node&, std::list<DB::QueryPlan::Node, std::allocator<DB::QueryPlan::Node>>&, DB::QueryPlanOptimizationSettings const&) @ 0x0000000019ee5ed8
9. src/Processors/QueryPlan/Optimizations/optimizeTree.cpp:284:13: DB::QueryPlanOptimizations::optimizeTreeSecondPass(DB::QueryPlanOptimizationSettings const&, DB::QueryPlan::Node&, std::list<DB::QueryPlan::Node, std::allocator<DB::QueryPlan::Node>>&, DB::QueryPlan&) @ 0x0000000019f286d4
10. src/Processors/QueryPlan/QueryPlan.cpp:803:5: DB::QueryPlan::optimize(DB::QueryPlanOptimizationSettings const&) @ 0x0000000019da1a24
11. src/Interpreters/InterpreterSelectQueryAnalyzer.cpp:413:16: DB::InterpreterSelectQueryAnalyzer::buildQueryPipeline() @ 0x0000000013d9e0b8
12. src/Interpreters/InterpreterSelectQueryAnalyzer.cpp:374:29: DB::InterpreterSelectQueryAnalyzer::execute() @ 0x0000000013d9dd90
13. src/Interpreters/executeQuery.cpp:1954:40: DB::executeQueryImpl(char const*, char const*, std::shared_ptr<DB::Context>, DB::QueryFlags, DB::QueryProcessingStage::Enum, std::unique_ptr<DB::ReadBuffer, std::default_delete<DB::ReadBuffer>>&, boost::intrusive_ptr<DB::IAST>&, std::shared_ptr<DB::ImplicitTransactionControlExecutor>, std::function<void ()>, DB::QueryResultDetails&) @ 0x0000000014165df4
14. src/Interpreters/executeQuery.cpp:2438:11: DB::executeQuery(std::basic_string_view<char, std::char_traits<char>>, std::shared_ptr<DB::Context>, DB::QueryFlags, DB::QueryProcessingStage::Enum) @ 0x0000000014161810
15. src/Server/TCPHandler.cpp:899:68: DB::TCPHandler::runImpl() @ 0x00000000196c8980
16. src/Server/TCPHandler.cpp:3354:9: DB::TCPHandler::run() @ 0x00000000196e6744
17. base/poco/Net/src/TCPServerConnection.cpp:40:3: Poco::Net::TCPServerConnection::start() @ 0x000000001e24b798
18. base/poco/Net/src/TCPServerDispatcher.cpp:115:42: Poco::Net::TCPServerDispatcher::run() @ 0x000000001e24bd58
19. base/poco/Foundation/src/ThreadPool.cpp:207:14: Poco::PooledThread::run() @ 0x000000001e20c498
20. base/poco/Foundation/src/Thread_POSIX.cpp:341:27: Poco::ThreadImpl::runnableEntry(void*) @ 0x000000001e20a7b4
21. ? @ 0x000000000008c248
22. ? @ 0x00000000000f6adc

2026.08.02 16:01:50.212552 [ 1080095 ] {efda10df-ca55-4379-af32-79b2c29f9848} <Error> executeQuery: Code: 48. DB::Exception: Only `hash` join supports multiple ORs for keys in JOIN ON section. (NOT_IMPLEMENTED) (version 26.8.1.1) (from 127.0.0.1:53640) (query 1, line 1) (in query: SELECT l.k1,l.k2,l.v,r.k1,r.k2,r.w FROM av2.orl AS l RIGHT JOIN av2.orr AS r ON l.k1=r.k1 OR l.k2=r.k2 ORDER BY r.k1,r.k2,r.w,l.k1,l.k2,l.v SETTINGS join_algorithm='parallel_hash'), Stack trace (when copying this message, always include the lines below):

0. base/poco/Foundation/src/Exception.cpp:32:1: Poco::Exception::Exception(String&&, int) @ 0x000000001e1d1bb8
1. src/Common/Exception.cpp:158:7: DB::Exception::Exception(DB::Exception::MessageMasked&&, int, bool) @ 0x000000000eb8908c
2. src/Common/Exception.h:201:100: DB::Exception::Exception(String&&, int, String, bool) @ 0x0000000009979258
3. src/Common/Exception.h:57:54: DB::Exception::Exception(PreformattedMessage&&, int) @ 0x0000000009978c8c
4. src/Common/Exception.h:219:77: DB::Exception::Exception<>(int, FormatStringHelperImpl<>) @ 0x000000000eb87c14
5. src/Planner/PlannerJoins.cpp:1442:15: DB::chooseJoinAlgorithm(std::shared_ptr<DB::TableJoin>&, DB::PreparedJoinStorage const&, std::shared_ptr<DB::Block const>, std::shared_ptr<DB::Block const>, DB::JoinAlgorithmParams const&) @ 0x000000001356e13c
6. src/Processors/QueryPlan/JoinStepLogical.cpp:1411:31: DB::buildPhysicalJoinImpl(std::vector<DB::QueryPlan::Node*, std::allocator<DB::QueryPlan::Node*>>, DB::JoinOperator, DB::JoinExpressionActions, DB::JoinSettings, DB::JoinAlgorithmParams, DB::SortingStep::Settings, std::vector<DB::ActionsDAG::Node const*, std::allocator<DB::ActionsDAG::Node const*>> const&, DB::QueryPlanOptimizationSettings const&, std::list<DB::QueryPlan::Node, std::allocator<DB::QueryPlan::Node>>&, DB::LogicalJoinInfo&&) @ 0x0000000019d53290
7. src/Processors/QueryPlan/JoinStepLogical.cpp:1503:21: DB::JoinStepLogical::buildPhysicalJoin(DB::QueryPlan::Node&, DB::QueryPlanOptimizationSettings const&, std::list<DB::QueryPlan::Node, std::allocator<DB::QueryPlan::Node>>&) @ 0x0000000019d50630
8. src/Processors/QueryPlan/Optimizations/optimizeJoin.cpp:604:5: DB::QueryPlanOptimizations::convertLogicalJoinToPhysical(DB::QueryPlan::Node&, std::list<DB::QueryPlan::Node, std::allocator<DB::QueryPlan::Node>>&, DB::QueryPlanOptimizationSettings const&) @ 0x0000000019ee5ed8
9. src/Processors/QueryPlan/Optimizations/optimizeTree.cpp:284:13: DB::QueryPlanOptimizations::optimizeTreeSecondPass(DB::QueryPlanOptimizationSettings const&, DB::QueryPlan::Node&, std::list<DB::QueryPlan::Node, std::allocator<DB::QueryPlan::Node>>&, DB::QueryPlan&) @ 0x0000000019f286d4
10. src/Processors/QueryPlan/QueryPlan.cpp:803:5: DB::QueryPlan::optimize(DB::QueryPlanOptimizationSettings const&) @ 0x0000000019da1a24
11. src/Interpreters/InterpreterSelectQueryAnalyzer.cpp:413:16: DB::InterpreterSelectQueryAnalyzer::buildQueryPipeline() @ 0x0000000013d9e0b8
12. src/Interpreters/InterpreterSelectQueryAnalyzer.cpp:374:29: DB::InterpreterSelectQueryAnalyzer::execute() @ 0x0000000013d9dd90
13. src/Interpreters/executeQuery.cpp:1954:40: DB::executeQueryImpl(char const*, char const*, std::shared_ptr<DB::Context>, DB::QueryFlags, DB::QueryProcessingStage::Enum, std::unique_ptr<DB::ReadBuffer, std::default_delete<DB::ReadBuffer>>&, boost::intrusive_ptr<DB::IAST>&, std::shared_ptr<DB::ImplicitTransactionControlExecutor>, std::function<void ()>, DB::QueryResultDetails&) @ 0x0000000014165df4
14. src/Interpreters/executeQuery.cpp:2438:11: DB::executeQuery(std::basic_string_view<char, std::char_traits<char>>, std::shared_ptr<DB::Context>, DB::QueryFlags, DB::QueryProcessingStage::Enum) @ 0x0000000014161810
15. src/Server/TCPHandler.cpp:899:68: DB::TCPHandler::runImpl() @ 0x00000000196c8980
16. src/Server/TCPHandler.cpp:3354:9: DB::TCPHandler::run() @ 0x00000000196e6744
17. base/poco/Net/src/TCPServerConnection.cpp:40:3: Poco::Net::TCPServerConnection::start() @ 0x000000001e24b798
18. base/poco/Net/src/TCPServerDispatcher.cpp:115:42: Poco::Net::TCPServerDispatcher::run() @ 0x000000001e24bd58
19. base/poco/Foundation/src/ThreadPool.cpp:207:14: Poco::PooledThread::run() @ 0x000000001e20c498
20. base/poco/Foundation/src/Thread_POSIX.cpp:341:27: Poco::ThreadImpl::runnableEntry(void*) @ 0x000000001e20a7b4
21. ? @ 0x000000000008c248
22. ? @ 0x00000000000f6adc

2026.08.02 16:01:50.212686 [ 1080095 ] {} <Error> TCPHandler: Code: 48. DB::Exception: Only `hash` join supports multiple ORs for keys in JOIN ON section. (NOT_IMPLEMENTED), Stack trace (when copying this message, always include the lines below):

0. base/poco/Foundation/src/Exception.cpp:32:1: Poco::Exception::Exception(String&&, int) @ 0x000000001e1d1bb8
1. src/Common/Exception.cpp:158:7: DB::Exception::Exception(DB::Exception::MessageMasked&&, int, bool) @ 0x000000000eb8908c
2. src/Common/Exception.h:201:100: DB::Exception::Exception(String&&, int, String, bool) @ 0x0000000009979258
3. src/Common/Exception.h:57:54: DB::Exception::Exception(PreformattedMessage&&, int) @ 0x0000000009978c8c
4. src/Common/Exception.h:219:77: DB::Exception::Exception<>(int, FormatStringHelperImpl<>) @ 0x000000000eb87c14
5. src/Planner/PlannerJoins.cpp:1442:15: DB::chooseJoinAlgorithm(std::shared_ptr<DB::TableJoin>&, DB::PreparedJoinStorage const&, std::shared_ptr<DB::Block const>, std::shared_ptr<DB::Block const>, DB::JoinAlgorithmParams const&) @ 0x000000001356e13c
6. src/Processors/QueryPlan/JoinStepLogical.cpp:1411:31: DB::buildPhysicalJoinImpl(std::vector<DB::QueryPlan::Node*, std::allocator<DB::QueryPlan::Node*>>, DB::JoinOperator, DB::JoinExpressionActions, DB::JoinSettings, DB::JoinAlgorithmParams, DB::SortingStep::Settings, std::vector<DB::ActionsDAG::Node const*, std::allocator<DB::ActionsDAG::Node const*>> const&, DB::QueryPlanOptimizationSettings const&, std::list<DB::QueryPlan::Node, std::allocator<DB::QueryPlan::Node>>&, DB::LogicalJoinInfo&&) @ 0x0000000019d53290
7. src/Processors/QueryPlan/JoinStepLogical.cpp:1503:21: DB::JoinStepLogical::buildPhysicalJoin(DB::QueryPlan::Node&, DB::QueryPlanOptimizationSettings const&, std::list<DB::QueryPlan::Node, std::allocator<DB::QueryPlan::Node>>&) @ 0x0000000019d50630
8. src/Processors/QueryPlan/Optimizations/optimizeJoin.cpp:604:5: DB::QueryPlanOptimizations::convertLogicalJoinToPhysical(DB::QueryPlan::Node&, std::list<DB::QueryPlan::Node, std::allocator<DB::QueryPlan::Node>>&, DB::QueryPlanOptimizationSettings const&) @ 0x0000000019ee5ed8
9. src/Processors/QueryPlan/Optimizations/optimizeTree.cpp:284:13: DB::QueryPlanOptimizations::optimizeTreeSecondPass(DB::QueryPlanOptimizationSettings const&, DB::QueryPlan::Node&, std::list<DB::QueryPlan::Node, std::allocator<DB::QueryPlan::Node>>&, DB::QueryPlan&) @ 0x0000000019f286d4
10. src/Processors/QueryPlan/QueryPlan.cpp:803:5: DB::QueryPlan::optimize(DB::QueryPlanOptimizationSettings const&) @ 0x0000000019da1a24
11. src/Interpreters/InterpreterSelectQueryAnalyzer.cpp:413:16: DB::InterpreterSelectQueryAnalyzer::buildQueryPipeline() @ 0x0000000013d9e0b8
12. src/Interpreters/InterpreterSelectQueryAnalyzer.cpp:374:29: DB::InterpreterSelectQueryAnalyzer::execute() @ 0x0000000013d9dd90
13. src/Interpreters/executeQuery.cpp:1954:40: DB::executeQueryImpl(char const*, char const*, std::shared_ptr<DB::Context>, DB::QueryFlags, DB::QueryProcessingStage::Enum, std::unique_ptr<DB::ReadBuffer, std::default_delete<DB::ReadBuffer>>&, boost::intrusive_ptr<DB::IAST>&, std::shared_ptr<DB::ImplicitTransactionControlExecutor>, std::function<void ()>, DB::QueryResultDetails&) @ 0x0000000014165df4
14. src/Interpreters/executeQuery.cpp:2438:11: DB::executeQuery(std::basic_string_view<char, std::char_traits<char>>, std::shared_ptr<DB::Context>, DB::QueryFlags, DB::QueryProcessingStage::Enum) @ 0x0000000014161810
15. src/Server/TCPHandler.cpp:899:68: DB::TCPHandler::runImpl() @ 0x00000000196c8980
16. src/Server/TCPHandler.cpp:3354:9: DB::TCPHandler::run() @ 0x00000000196e6744
17. base/poco/Net/src/TCPServerConnection.cpp:40:3: Poco::Net::TCPServerConnection::start() @ 0x000000001e24b798
18. base/poco/Net/src/TCPServerDispatcher.cpp:115:42: Poco::Net::TCPServerDispatcher::run() @ 0x000000001e24bd58
19. base/poco/Foundation/src/ThreadPool.cpp:207:14: Poco::PooledThread::run() @ 0x000000001e20c498
20. base/poco/Foundation/src/Thread_POSIX.cpp:341:27: Poco::ThreadImpl::runnableEntry(void*) @ 0x000000001e20a7b4
21. ? @ 0x000000000008c248
22. ? @ 0x00000000000f6adc

2026.08.02 16:01:50.262729 [ 1080095 ] {000f9e15-83f5-40ce-bb3a-2102ae439ae1} <Error> executeQuery: Code: 48. DB::Exception: Only `hash` join supports multiple ORs for keys in JOIN ON section. (NOT_IMPLEMENTED) (version 26.8.1.1) (from 127.0.0.1:53652) (query 1, line 1) (in query: SELECT l.k1,l.k2,l.v,r.k1,r.k2,r.w FROM av2.orl AS l RIGHT JOIN av2.orr AS r ON l.k1=r.k1 OR l.k2=r.k2 ORDER BY r.k1,r.k2,r.w,l.k1,l.k2,l.v SETTINGS join_algorithm='parallel_hash'), Stack trace (when copying this message, always include the lines below):

0. base/poco/Foundation/src/Exception.cpp:32:1: Poco::Exception::Exception(String&&, int) @ 0x000000001e1d1bb8
1. src/Common/Exception.cpp:158:7: DB::Exception::Exception(DB::Exception::MessageMasked&&, int, bool) @ 0x000000000eb8908c
2. src/Common/Exception.h:201:100: DB::Exception::Exception(String&&, int, String, bool) @ 0x0000000009979258
3. src/Common/Exception.h:57:54: DB::Exception::Exception(PreformattedMessage&&, int) @ 0x0000000009978c8c
4. src/Common/Exception.h:219:77: DB::Exception::Exception<>(int, FormatStringHelperImpl<>) @ 0x000000000eb87c14
5. src/Planner/PlannerJoins.cpp:1442:15: DB::chooseJoinAlgorithm(std::shared_ptr<DB::TableJoin>&, DB::PreparedJoinStorage const&, std::shared_ptr<DB::Block const>, std::shared_ptr<DB::Block const>, DB::JoinAlgorithmParams const&) @ 0x000000001356e13c
6. src/Processors/QueryPlan/JoinStepLogical.cpp:1411:31: DB::buildPhysicalJoinImpl(std::vector<DB::QueryPlan::Node*, std::allocator<DB::QueryPlan::Node*>>, DB::JoinOperator, DB::JoinExpressionActions, DB::JoinSettings, DB::JoinAlgorithmParams, DB::SortingStep::Settings, std::vector<DB::ActionsDAG::Node const*, std::allocator<DB::ActionsDAG::Node const*>> const&, DB::QueryPlanOptimizationSettings const&, std::list<DB::QueryPlan::Node, std::allocator<DB::QueryPlan::Node>>&, DB::LogicalJoinInfo&&) @ 0x0000000019d53290
7. src/Processors/QueryPlan/JoinStepLogical.cpp:1503:21: DB::JoinStepLogical::buildPhysicalJoin(DB::QueryPlan::Node&, DB::QueryPlanOptimizationSettings const&, std::list<DB::QueryPlan::Node, std::allocator<DB::QueryPlan::Node>>&) @ 0x0000000019d50630
8. src/Processors/QueryPlan/Optimizations/optimizeJoin.cpp:604:5: DB::QueryPlanOptimizations::convertLogicalJoinToPhysical(DB::QueryPlan::Node&, std::list<DB::QueryPlan::Node, std::allocator<DB::QueryPlan::Node>>&, DB::QueryPlanOptimizationSettings const&) @ 0x0000000019ee5ed8
9. src/Processors/QueryPlan/Optimizations/optimizeTree.cpp:284:13: DB::QueryPlanOptimizations::optimizeTreeSecondPass(DB::QueryPlanOptimizationSettings const&, DB::QueryPlan::Node&, std::list<DB::QueryPlan::Node, std::allocator<DB::QueryPlan::Node>>&, DB::QueryPlan&) @ 0x0000000019f286d4
10. src/Processors/QueryPlan/QueryPlan.cpp:803:5: DB::QueryPlan::optimize(DB::QueryPlanOptimizationSettings const&) @ 0x0000000019da1a24
11. src/Interpreters/InterpreterSelectQueryAnalyzer.cpp:413:16: DB::InterpreterSelectQueryAnalyzer::buildQueryPipeline() @ 0x0000000013d9e0b8
12. src/Interpreters/InterpreterSelectQueryAnalyzer.cpp:374:29: DB::InterpreterSelectQueryAnalyzer::execute() @ 0x0000000013d9dd90
13. src/Interpreters/executeQuery.cpp:1954:40: DB::executeQueryImpl(char const*, char const*, std::shared_ptr<DB::Context>, DB::QueryFlags, DB::QueryProcessingStage::Enum, std::unique_ptr<DB::ReadBuffer, std::default_delete<DB::ReadBuffer>>&, boost::intrusive_ptr<DB::IAST>&, std::shared_ptr<DB::ImplicitTransactionControlExecutor>, std::function<void ()>, DB::QueryResultDetails&) @ 0x0000000014165df4
14. src/Interpreters/executeQuery.cpp:2438:11: DB::executeQuery(std::basic_string_view<char, std::char_traits<char>>, std::shared_ptr<DB::Context>, DB::QueryFlags, DB::QueryProcessingStage::Enum) @ 0x0000000014161810
15. src/Server/TCPHandler.cpp:899:68: DB::TCPHandler::runImpl() @ 0x00000000196c8980
16. src/Server/TCPHandler.cpp:3354:9: DB::TCPHandler::run() @ 0x00000000196e6744
17. base/poco/Net/src/TCPServerConnection.cpp:40:3: Poco::Net::TCPServerConnection::start() @ 0x000000001e24b798
18. base/poco/Net/src/TCPServerDispatcher.cpp:115:42: Poco::Net::TCPServerDispatcher::run() @ 0x000000001e24bd58
19. base/poco/Foundation/src/ThreadPool.cpp:207:14: Poco::PooledThread::run() @ 0x000000001e20c498
20. base/poco/Foundation/src/Thread_POSIX.cpp:341:27: Poco::ThreadImpl::runnableEntry(void*) @ 0x000000001e20a7b4
21. ? @ 0x000000000008c248
22. ? @ 0x00000000000f6adc

2026.08.02 16:01:50.262882 [ 1080095 ] {} <Error> TCPHandler: Code: 48. DB::Exception: Only `hash` join supports multiple ORs for keys in JOIN ON section. (NOT_IMPLEMENTED), Stack trace (when copying this message, always include the lines below):

0. base/poco/Foundation/src/Exception.cpp:32:1: Poco::Exception::Exception(String&&, int) @ 0x000000001e1d1bb8
1. src/Common/Exception.cpp:158:7: DB::Exception::Exception(DB::Exception::MessageMasked&&, int, bool) @ 0x000000000eb8908c
2. src/Common/Exception.h:201:100: DB::Exception::Exception(String&&, int, String, bool) @ 0x0000000009979258
3. src/Common/Exception.h:57:54: DB::Exception::Exception(PreformattedMessage&&, int) @ 0x0000000009978c8c
4. src/Common/Exception.h:219:77: DB::Exception::Exception<>(int, FormatStringHelperImpl<>) @ 0x000000000eb87c14
5. src/Planner/PlannerJoins.cpp:1442:15: DB::chooseJoinAlgorithm(std::shared_ptr<DB::TableJoin>&, DB::PreparedJoinStorage const&, std::shared_ptr<DB::Block const>, std::shared_ptr<DB::Block const>, DB::JoinAlgorithmParams const&) @ 0x000000001356e13c
6. src/Processors/QueryPlan/JoinStepLogical.cpp:1411:31: DB::buildPhysicalJoinImpl(std::vector<DB::QueryPlan::Node*, std::allocator<DB::QueryPlan::Node*>>, DB::JoinOperator, DB::JoinExpressionActions, DB::JoinSettings, DB::JoinAlgorithmParams, DB::SortingStep::Settings, std::vector<DB::ActionsDAG::Node const*, std::allocator<DB::ActionsDAG::Node const*>> const&, DB::QueryPlanOptimizationSettings const&, std::list<DB::QueryPlan::Node, std::allocator<DB::QueryPlan::Node>>&, DB::LogicalJoinInfo&&) @ 0x0000000019d53290
7. src/Processors/QueryPlan/JoinStepLogical.cpp:1503:21: DB::JoinStepLogical::buildPhysicalJoin(DB::QueryPlan::Node&, DB::QueryPlanOptimizationSettings const&, std::list<DB::QueryPlan::Node, std::allocator<DB::QueryPlan::Node>>&) @ 0x0000000019d50630
8. src/Processors/QueryPlan/Optimizations/optimizeJoin.cpp:604:5: DB::QueryPlanOptimizations::convertLogicalJoinToPhysical(DB::QueryPlan::Node&, std::list<DB::QueryPlan::Node, std::allocator<DB::QueryPlan::Node>>&, DB::QueryPlanOptimizationSettings const&) @ 0x0000000019ee5ed8
9. src/Processors/QueryPlan/Optimizations/optimizeTree.cpp:284:13: DB::QueryPlanOptimizations::optimizeTreeSecondPass(DB::QueryPlanOptimizationSettings const&, DB::QueryPlan::Node&, std::list<DB::QueryPlan::Node, std::allocator<DB::QueryPlan::Node>>&, DB::QueryPlan&) @ 0x0000000019f286d4
10. src/Processors/QueryPlan/QueryPlan.cpp:803:5: DB::QueryPlan::optimize(DB::QueryPlanOptimizationSettings const&) @ 0x0000000019da1a24
11. src/Interpreters/InterpreterSelectQueryAnalyzer.cpp:413:16: DB::InterpreterSelectQueryAnalyzer::buildQueryPipeline() @ 0x0000000013d9e0b8
12. src/Interpreters/InterpreterSelectQueryAnalyzer.cpp:374:29: DB::InterpreterSelectQueryAnalyzer::execute() @ 0x0000000013d9dd90
13. src/Interpreters/executeQuery.cpp:1954:40: DB::executeQueryImpl(char const*, char const*, std::shared_ptr<DB::Context>, DB::QueryFlags, DB::QueryProcessingStage::Enum, std::unique_ptr<DB::ReadBuffer, std::default_delete<DB::ReadBuffer>>&, boost::intrusive_ptr<DB::IAST>&, std::shared_ptr<DB::ImplicitTransactionControlExecutor>, std::function<void ()>, DB::QueryResultDetails&) @ 0x0000000014165df4
14. src/Interpreters/executeQuery.cpp:2438:11: DB::executeQuery(std::basic_string_view<char, std::char_traits<char>>, std::shared_ptr<DB::Context>, DB::QueryFlags, DB::QueryProcessingStage::Enum) @ 0x0000000014161810
15. src/Server/TCPHandler.cpp:899:68: DB::TCPHandler::runImpl() @ 0x00000000196c8980
16. src/Server/TCPHandler.cpp:3354:9: DB::TCPHandler::run() @ 0x00000000196e6744
17. base/poco/Net/src/TCPServerConnection.cpp:40:3: Poco::Net::TCPServerConnection::start() @ 0x000000001e24b798
18. base/poco/Net/src/TCPServerDispatcher.cpp:115:42: Poco::Net::TCPServerDispatcher::run() @ 0x000000001e24bd58
19. base/poco/Foundation/src/ThreadPool.cpp:207:14: Poco::PooledThread::run() @ 0x000000001e20c498
20. base/poco/Foundation/src/Thread_POSIX.cpp:341:27: Poco::ThreadImpl::runnableEntry(void*) @ 0x000000001e20a7b4
21. ? @ 0x000000000008c248
22. ? @ 0x00000000000f6adc

2026.08.02 16:01:51.292447 [ 1080095 ] {20e3a71f-dde1-4ad7-8ca3-aa0311b12616} <Error> executeQuery: Code: 48. DB::Exception: Only `hash` join supports multiple ORs for keys in JOIN ON section. (NOT_IMPLEMENTED) (version 26.8.1.1) (from 127.0.0.1:57736) (query 1, line 1) (in query: SELECT l.k1,l.k2,l.v,r.k1,r.k2,r.w FROM av2.orl AS l FULL JOIN av2.orr AS r ON l.k1=r.k1 OR l.k2=r.k2 ORDER BY r.k1,r.k2,r.w,l.k1,l.k2,l.v SETTINGS join_algorithm='parallel_hash'), Stack trace (when copying this message, always include the lines below):

0. base/poco/Foundation/src/Exception.cpp:32:1: Poco::Exception::Exception(String&&, int) @ 0x000000001e1d1bb8
1. src/Common/Exception.cpp:158:7: DB::Exception::Exception(DB::Exception::MessageMasked&&, int, bool) @ 0x000000000eb8908c
2. src/Common/Exception.h:201:100: DB::Exception::Exception(String&&, int, String, bool) @ 0x0000000009979258
3. src/Common/Exception.h:57:54: DB::Exception::Exception(PreformattedMessage&&, int) @ 0x0000000009978c8c
4. src/Common/Exception.h:219:77: DB::Exception::Exception<>(int, FormatStringHelperImpl<>) @ 0x000000000eb87c14
5. src/Planner/PlannerJoins.cpp:1442:15: DB::chooseJoinAlgorithm(std::shared_ptr<DB::TableJoin>&, DB::PreparedJoinStorage const&, std::shared_ptr<DB::Block const>, std::shared_ptr<DB::Block const>, DB::JoinAlgorithmParams const&) @ 0x000000001356e13c
6. src/Processors/QueryPlan/JoinStepLogical.cpp:1411:31: DB::buildPhysicalJoinImpl(std::vector<DB::QueryPlan::Node*, std::allocator<DB::QueryPlan::Node*>>, DB::JoinOperator, DB::JoinExpressionActions, DB::JoinSettings, DB::JoinAlgorithmParams, DB::SortingStep::Settings, std::vector<DB::ActionsDAG::Node const*, std::allocator<DB::ActionsDAG::Node const*>> const&, DB::QueryPlanOptimizationSettings const&, std::list<DB::QueryPlan::Node, std::allocator<DB::QueryPlan::Node>>&, DB::LogicalJoinInfo&&) @ 0x0000000019d53290
7. src/Processors/QueryPlan/JoinStepLogical.cpp:1503:21: DB::JoinStepLogical::buildPhysicalJoin(DB::QueryPlan::Node&, DB::QueryPlanOptimizationSettings const&, std::list<DB::QueryPlan::Node, std::allocator<DB::QueryPlan::Node>>&) @ 0x0000000019d50630
8. src/Processors/QueryPlan/Optimizations/optimizeJoin.cpp:604:5: DB::QueryPlanOptimizations::convertLogicalJoinToPhysical(DB::QueryPlan::Node&, std::list<DB::QueryPlan::Node, std::allocator<DB::QueryPlan::Node>>&, DB::QueryPlanOptimizationSettings const&) @ 0x0000000019ee5ed8
9. src/Processors/QueryPlan/Optimizations/optimizeTree.cpp:284:13: DB::QueryPlanOptimizations::optimizeTreeSecondPass(DB::QueryPlanOptimizationSettings const&, DB::QueryPlan::Node&, std::list<DB::QueryPlan::Node, std::allocator<DB::QueryPlan::Node>>&, DB::QueryPlan&) @ 0x0000000019f286d4
10. src/Processors/QueryPlan/QueryPlan.cpp:803:5: DB::QueryPlan::optimize(DB::QueryPlanOptimizationSettings const&) @ 0x0000000019da1a24
11. src/Interpreters/InterpreterSelectQueryAnalyzer.cpp:413:16: DB::InterpreterSelectQueryAnalyzer::buildQueryPipeline() @ 0x0000000013d9e0b8
12. src/Interpreters/InterpreterSelectQueryAnalyzer.cpp:374:29: DB::InterpreterSelectQueryAnalyzer::execute() @ 0x0000000013d9dd90
13. src/Interpreters/executeQuery.cpp:1954:40: DB::executeQueryImpl(char const*, char const*, std::shared_ptr<DB::Context>, DB::QueryFlags, DB::QueryProcessingStage::Enum, std::unique_ptr<DB::ReadBuffer, std::default_delete<DB::ReadBuffer>>&, boost::intrusive_ptr<DB::IAST>&, std::shared_ptr<DB::ImplicitTransactionControlExecutor>, std::function<void ()>, DB::QueryResultDetails&) @ 0x0000000014165df4
14. src/Interpreters/executeQuery.cpp:2438:11: DB::executeQuery(std::basic_string_view<char, std::char_traits<char>>, std::shared_ptr<DB::Context>, DB::QueryFlags, DB::QueryProcessingStage::Enum) @ 0x0000000014161810
15. src/Server/TCPHandler.cpp:899:68: DB::TCPHandler::runImpl() @ 0x00000000196c8980
16. src/Server/TCPHandler.cpp:3354:9: DB::TCPHandler::run() @ 0x00000000196e6744
17. base/poco/Net/src/TCPServerConnection.cpp:40:3: Poco::Net::TCPServerConnection::start() @ 0x000000001e24b798
18. base/poco/Net/src/TCPServerDispatcher.cpp:115:42: Poco::Net::TCPServerDispatcher::run() @ 0x000000001e24bd58
19. base/poco/Foundation/src/ThreadPool.cpp:207:14: Poco::PooledThread::run() @ 0x000000001e20c498
20. base/poco/Foundation/src/Thread_POSIX.cpp:341:27: Poco::ThreadImpl::runnableEntry(void*) @ 0x000000001e20a7b4
21. ? @ 0x000000000008c248
22. ? @ 0x00000000000f6adc

2026.08.02 16:01:51.292586 [ 1080095 ] {} <Error> TCPHandler: Code: 48. DB::Exception: Only `hash` join supports multiple ORs for keys in JOIN ON section. (NOT_IMPLEMENTED), Stack trace (when copying this message, always include the lines below):

0. base/poco/Foundation/src/Exception.cpp:32:1: Poco::Exception::Exception(String&&, int) @ 0x000000001e1d1bb8
1. src/Common/Exception.cpp:158:7: DB::Exception::Exception(DB::Exception::MessageMasked&&, int, bool) @ 0x000000000eb8908c
2. src/Common/Exception.h:201:100: DB::Exception::Exception(String&&, int, String, bool) @ 0x0000000009979258
3. src/Common/Exception.h:57:54: DB::Exception::Exception(PreformattedMessage&&, int) @ 0x0000000009978c8c
4. src/Common/Exception.h:219:77: DB::Exception::Exception<>(int, FormatStringHelperImpl<>) @ 0x000000000eb87c14
5. src/Planner/PlannerJoins.cpp:1442:15: DB::chooseJoinAlgorithm(std::shared_ptr<DB::TableJoin>&, DB::PreparedJoinStorage const&, std::shared_ptr<DB::Block const>, std::shared_ptr<DB::Block const>, DB::JoinAlgorithmParams const&) @ 0x000000001356e13c
6. src/Processors/QueryPlan/JoinStepLogical.cpp:1411:31: DB::buildPhysicalJoinImpl(std::vector<DB::QueryPlan::Node*, std::allocator<DB::QueryPlan::Node*>>, DB::JoinOperator, DB::JoinExpressionActions, DB::JoinSettings, DB::JoinAlgorithmParams, DB::SortingStep::Settings, std::vector<DB::ActionsDAG::Node const*, std::allocator<DB::ActionsDAG::Node const*>> const&, DB::QueryPlanOptimizationSettings const&, std::list<DB::QueryPlan::Node, std::allocator<DB::QueryPlan::Node>>&, DB::LogicalJoinInfo&&) @ 0x0000000019d53290
7. src/Processors/QueryPlan/JoinStepLogical.cpp:1503:21: DB::JoinStepLogical::buildPhysicalJoin(DB::QueryPlan::Node&, DB::QueryPlanOptimizationSettings const&, std::list<DB::QueryPlan::Node, std::allocator<DB::QueryPlan::Node>>&) @ 0x0000000019d50630
8. src/Processors/QueryPlan/Optimizations/optimizeJoin.cpp:604:5: DB::QueryPlanOptimizations::convertLogicalJoinToPhysical(DB::QueryPlan::Node&, std::list<DB::QueryPlan::Node, std::allocator<DB::QueryPlan::Node>>&, DB::QueryPlanOptimizationSettings const&) @ 0x0000000019ee5ed8
9. src/Processors/QueryPlan/Optimizations/optimizeTree.cpp:284:13: DB::QueryPlanOptimizations::optimizeTreeSecondPass(DB::QueryPlanOptimizationSettings const&, DB::QueryPlan::Node&, std::list<DB::QueryPlan::Node, std::allocator<DB::QueryPlan::Node>>&, DB::QueryPlan&) @ 0x0000000019f286d4
10. src/Processors/QueryPlan/QueryPlan.cpp:803:5: DB::QueryPlan::optimize(DB::QueryPlanOptimizationSettings const&) @ 0x0000000019da1a24
11. src/Interpreters/InterpreterSelectQueryAnalyzer.cpp:413:16: DB::InterpreterSelectQueryAnalyzer::buildQueryPipeline() @ 0x0000000013d9e0b8
12. src/Interpreters/InterpreterSelectQueryAnalyzer.cpp:374:29: DB::InterpreterSelectQueryAnalyzer::execute() @ 0x0000000013d9dd90
13. src/Interpreters/executeQuery.cpp:1954:40: DB::executeQueryImpl(char const*, char const*, std::shared_ptr<DB::Context>, DB::QueryFlags, DB::QueryProcessingStage::Enum, std::unique_ptr<DB::ReadBuffer, std::default_delete<DB::ReadBuffer>>&, boost::intrusive_ptr<DB::IAST>&, std::shared_ptr<DB::ImplicitTransactionControlExecutor>, std::function<void ()>, DB::QueryResultDetails&) @ 0x0000000014165df4
14. src/Interpreters/executeQuery.cpp:2438:11: DB::executeQuery(std::basic_string_view<char, std::char_traits<char>>, std::shared_ptr<DB::Context>, DB::QueryFlags, DB::QueryProcessingStage::Enum) @ 0x0000000014161810
15. src/Server/TCPHandler.cpp:899:68: DB::TCPHandler::runImpl() @ 0x00000000196c8980
16. src/Server/TCPHandler.cpp:3354:9: DB::TCPHandler::run() @ 0x00000000196e6744
17. base/poco/Net/src/TCPServerConnection.cpp:40:3: Poco::Net::TCPServerConnection::start() @ 0x000000001e24b798
18. base/poco/Net/src/TCPServerDispatcher.cpp:115:42: Poco::Net::TCPServerDispatcher::run() @ 0x000000001e24bd58
19. base/poco/Foundation/src/ThreadPool.cpp:207:14: Poco::PooledThread::run() @ 0x000000001e20c498
20. base/poco/Foundation/src/Thread_POSIX.cpp:341:27: Poco::ThreadImpl::runnableEntry(void*) @ 0x000000001e20a7b4
21. ? @ 0x000000000008c248
22. ? @ 0x00000000000f6adc

2026.08.02 16:01:51.343173 [ 1080095 ] {281870b2-0f4f-4d72-8c8e-129843ecd5e6} <Error> executeQuery: Code: 48. DB::Exception: Only `hash` join supports multiple ORs for keys in JOIN ON section. (NOT_IMPLEMENTED) (version 26.8.1.1) (from 127.0.0.1:57738) (query 1, line 1) (in query: SELECT l.k1,l.k2,l.v,r.k1,r.k2,r.w FROM av2.orl AS l FULL JOIN av2.orr AS r ON l.k1=r.k1 OR l.k2=r.k2 ORDER BY r.k1,r.k2,r.w,l.k1,l.k2,l.v SETTINGS join_algorithm='parallel_hash'), Stack trace (when copying this message, always include the lines below):

0. base/poco/Foundation/src/Exception.cpp:32:1: Poco::Exception::Exception(String&&, int) @ 0x000000001e1d1bb8
1. src/Common/Exception.cpp:158:7: DB::Exception::Exception(DB::Exception::MessageMasked&&, int, bool) @ 0x000000000eb8908c
2. src/Common/Exception.h:201:100: DB::Exception::Exception(String&&, int, String, bool) @ 0x0000000009979258
3. src/Common/Exception.h:57:54: DB::Exception::Exception(PreformattedMessage&&, int) @ 0x0000000009978c8c
4. src/Common/Exception.h:219:77: DB::Exception::Exception<>(int, FormatStringHelperImpl<>) @ 0x000000000eb87c14
5. src/Planner/PlannerJoins.cpp:1442:15: DB::chooseJoinAlgorithm(std::shared_ptr<DB::TableJoin>&, DB::PreparedJoinStorage const&, std::shared_ptr<DB::Block const>, std::shared_ptr<DB::Block const>, DB::JoinAlgorithmParams const&) @ 0x000000001356e13c
6. src/Processors/QueryPlan/JoinStepLogical.cpp:1411:31: DB::buildPhysicalJoinImpl(std::vector<DB::QueryPlan::Node*, std::allocator<DB::QueryPlan::Node*>>, DB::JoinOperator, DB::JoinExpressionActions, DB::JoinSettings, DB::JoinAlgorithmParams, DB::SortingStep::Settings, std::vector<DB::ActionsDAG::Node const*, std::allocator<DB::ActionsDAG::Node const*>> const&, DB::QueryPlanOptimizationSettings const&, std::list<DB::QueryPlan::Node, std::allocator<DB::QueryPlan::Node>>&, DB::LogicalJoinInfo&&) @ 0x0000000019d53290
7. src/Processors/QueryPlan/JoinStepLogical.cpp:1503:21: DB::JoinStepLogical::buildPhysicalJoin(DB::QueryPlan::Node&, DB::QueryPlanOptimizationSettings const&, std::list<DB::QueryPlan::Node, std::allocator<DB::QueryPlan::Node>>&) @ 0x0000000019d50630
8. src/Processors/QueryPlan/Optimizations/optimizeJoin.cpp:604:5: DB::QueryPlanOptimizations::convertLogicalJoinToPhysical(DB::QueryPlan::Node&, std::list<DB::QueryPlan::Node, std::allocator<DB::QueryPlan::Node>>&, DB::QueryPlanOptimizationSettings const&) @ 0x0000000019ee5ed8
9. src/Processors/QueryPlan/Optimizations/optimizeTree.cpp:284:13: DB::QueryPlanOptimizations::optimizeTreeSecondPass(DB::QueryPlanOptimizationSettings const&, DB::QueryPlan::Node&, std::list<DB::QueryPlan::Node, std::allocator<DB::QueryPlan::Node>>&, DB::QueryPlan&) @ 0x0000000019f286d4
10. src/Processors/QueryPlan/QueryPlan.cpp:803:5: DB::QueryPlan::optimize(DB::QueryPlanOptimizationSettings const&) @ 0x0000000019da1a24
11. src/Interpreters/InterpreterSelectQueryAnalyzer.cpp:413:16: DB::InterpreterSelectQueryAnalyzer::buildQueryPipeline() @ 0x0000000013d9e0b8
12. src/Interpreters/InterpreterSelectQueryAnalyzer.cpp:374:29: DB::InterpreterSelectQueryAnalyzer::execute() @ 0x0000000013d9dd90
13. src/Interpreters/executeQuery.cpp:1954:40: DB::executeQueryImpl(char const*, char const*, std::shared_ptr<DB::Context>, DB::QueryFlags, DB::QueryProcessingStage::Enum, std::unique_ptr<DB::ReadBuffer, std::default_delete<DB::ReadBuffer>>&, boost::intrusive_ptr<DB::IAST>&, std::shared_ptr<DB::ImplicitTransactionControlExecutor>, std::function<void ()>, DB::QueryResultDetails&) @ 0x0000000014165df4
14. src/Interpreters/executeQuery.cpp:2438:11: DB::executeQuery(std::basic_string_view<char, std::char_traits<char>>, std::shared_ptr<DB::Context>, DB::QueryFlags, DB::QueryProcessingStage::Enum) @ 0x0000000014161810
15. src/Server/TCPHandler.cpp:899:68: DB::TCPHandler::runImpl() @ 0x00000000196c8980
16. src/Server/TCPHandler.cpp:3354:9: DB::TCPHandler::run() @ 0x00000000196e6744
17. base/poco/Net/src/TCPServerConnection.cpp:40:3: Poco::Net::TCPServerConnection::start() @ 0x000000001e24b798
18. base/poco/Net/src/TCPServerDispatcher.cpp:115:42: Poco::Net::TCPServerDispatcher::run() @ 0x000000001e24bd58
19. base/poco/Foundation/src/ThreadPool.cpp:207:14: Poco::PooledThread::run() @ 0x000000001e20c498
20. base/poco/Foundation/src/Thread_POSIX.cpp:341:27: Poco::ThreadImpl::runnableEntry(void*) @ 0x000000001e20a7b4
21. ? @ 0x000000000008c248
22. ? @ 0x00000000000f6adc

2026.08.02 16:01:51.343309 [ 1080095 ] {} <Error> TCPHandler: Code: 48. DB::Exception: Only `hash` join supports multiple ORs for keys in JOIN ON section. (NOT_IMPLEMENTED), Stack trace (when copying this message, always include the lines below):

0. base/poco/Foundation/src/Exception.cpp:32:1: Poco::Exception::Exception(String&&, int) @ 0x000000001e1d1bb8
1. src/Common/Exception.cpp:158:7: DB::Exception::Exception(DB::Exception::MessageMasked&&, int, bool) @ 0x000000000eb8908c
2. src/Common/Exception.h:201:100: DB::Exception::Exception(String&&, int, String, bool) @ 0x0000000009979258
3. src/Common/Exception.h:57:54: DB::Exception::Exception(PreformattedMessage&&, int) @ 0x0000000009978c8c
4. src/Common/Exception.h:219:77: DB::Exception::Exception<>(int, FormatStringHelperImpl<>) @ 0x000000000eb87c14
5. src/Planner/PlannerJoins.cpp:1442:15: DB::chooseJoinAlgorithm(std::shared_ptr<DB::TableJoin>&, DB::PreparedJoinStorage const&, std::shared_ptr<DB::Block const>, std::shared_ptr<DB::Block const>, DB::JoinAlgorithmParams const&) @ 0x000000001356e13c
6. src/Processors/QueryPlan/JoinStepLogical.cpp:1411:31: DB::buildPhysicalJoinImpl(std::vector<DB::QueryPlan::Node*, std::allocator<DB::QueryPlan::Node*>>, DB::JoinOperator, DB::JoinExpressionActions, DB::JoinSettings, DB::JoinAlgorithmParams, DB::SortingStep::Settings, std::vector<DB::ActionsDAG::Node const*, std::allocator<DB::ActionsDAG::Node const*>> const&, DB::QueryPlanOptimizationSettings const&, std::list<DB::QueryPlan::Node, std::allocator<DB::QueryPlan::Node>>&, DB::LogicalJoinInfo&&) @ 0x0000000019d53290
7. src/Processors/QueryPlan/JoinStepLogical.cpp:1503:21: DB::JoinStepLogical::buildPhysicalJoin(DB::QueryPlan::Node&, DB::QueryPlanOptimizationSettings const&, std::list<DB::QueryPlan::Node, std::allocator<DB::QueryPlan::Node>>&) @ 0x0000000019d50630
8. src/Processors/QueryPlan/Optimizations/optimizeJoin.cpp:604:5: DB::QueryPlanOptimizations::convertLogicalJoinToPhysical(DB::QueryPlan::Node&, std::list<DB::QueryPlan::Node, std::allocator<DB::QueryPlan::Node>>&, DB::QueryPlanOptimizationSettings const&) @ 0x0000000019ee5ed8
9. src/Processors/QueryPlan/Optimizations/optimizeTree.cpp:284:13: DB::QueryPlanOptimizations::optimizeTreeSecondPass(DB::QueryPlanOptimizationSettings const&, DB::QueryPlan::Node&, std::list<DB::QueryPlan::Node, std::allocator<DB::QueryPlan::Node>>&, DB::QueryPlan&) @ 0x0000000019f286d4
10. src/Processors/QueryPlan/QueryPlan.cpp:803:5: DB::QueryPlan::optimize(DB::QueryPlanOptimizationSettings const&) @ 0x0000000019da1a24
11. src/Interpreters/InterpreterSelectQueryAnalyzer.cpp:413:16: DB::InterpreterSelectQueryAnalyzer::buildQueryPipeline() @ 0x0000000013d9e0b8
12. src/Interpreters/InterpreterSelectQueryAnalyzer.cpp:374:29: DB::InterpreterSelectQueryAnalyzer::execute() @ 0x0000000013d9dd90
13. src/Interpreters/executeQuery.cpp:1954:40: DB::executeQueryImpl(char const*, char const*, std::shared_ptr<DB::Context>, DB::QueryFlags, DB::QueryProcessingStage::Enum, std::unique_ptr<DB::ReadBuffer, std::default_delete<DB::ReadBuffer>>&, boost::intrusive_ptr<DB::IAST>&, std::shared_ptr<DB::ImplicitTransactionControlExecutor>, std::function<void ()>, DB::QueryResultDetails&) @ 0x0000000014165df4
14. src/Interpreters/executeQuery.cpp:2438:11: DB::executeQuery(std::basic_string_view<char, std::char_traits<char>>, std::shared_ptr<DB::Context>, DB::QueryFlags, DB::QueryProcessingStage::Enum) @ 0x0000000014161810
15. src/Server/TCPHandler.cpp:899:68: DB::TCPHandler::runImpl() @ 0x00000000196c8980
16. src/Server/TCPHandler.cpp:3354:9: DB::TCPHandler::run() @ 0x00000000196e6744
17. base/poco/Net/src/TCPServerConnection.cpp:40:3: Poco::Net::TCPServerConnection::start() @ 0x000000001e24b798
18. base/poco/Net/src/TCPServerDispatcher.cpp:115:42: Poco::Net::TCPServerDispatcher::run() @ 0x000000001e24bd58
19. base/poco/Foundation/src/ThreadPool.cpp:207:14: Poco::PooledThread::run() @ 0x000000001e20c498
20. base/poco/Foundation/src/Thread_POSIX.cpp:341:27: Poco::ThreadImpl::runnableEntry(void*) @ 0x000000001e20a7b4
21. ? @ 0x000000000008c248
22. ? @ 0x00000000000f6adc

2026.08.02 16:01:51.395006 [ 1080095 ] {7c4e34f4-978e-4fa7-86b7-6dad91a5ccaf} <Error> executeQuery: Code: 48. DB::Exception: Only `hash` join supports multiple ORs for keys in JOIN ON section. (NOT_IMPLEMENTED) (version 26.8.1.1) (from 127.0.0.1:57744) (query 1, line 1) (in query: SELECT l.k1,l.k2,l.v,r.k1,r.k2,r.w FROM av2.orl AS l FULL JOIN av2.orr AS r ON l.k1=r.k1 OR l.k2=r.k2 ORDER BY r.k1,r.k2,r.w,l.k1,l.k2,l.v SETTINGS join_algorithm='parallel_hash'), Stack trace (when copying this message, always include the lines below):

0. base/poco/Foundation/src/Exception.cpp:32:1: Poco::Exception::Exception(String&&, int) @ 0x000000001e1d1bb8
1. src/Common/Exception.cpp:158:7: DB::Exception::Exception(DB::Exception::MessageMasked&&, int, bool) @ 0x000000000eb8908c
2. src/Common/Exception.h:201:100: DB::Exception::Exception(String&&, int, String, bool) @ 0x0000000009979258
3. src/Common/Exception.h:57:54: DB::Exception::Exception(PreformattedMessage&&, int) @ 0x0000000009978c8c
4. src/Common/Exception.h:219:77: DB::Exception::Exception<>(int, FormatStringHelperImpl<>) @ 0x000000000eb87c14
5. src/Planner/PlannerJoins.cpp:1442:15: DB::chooseJoinAlgorithm(std::shared_ptr<DB::TableJoin>&, DB::PreparedJoinStorage const&, std::shared_ptr<DB::Block const>, std::shared_ptr<DB::Block const>, DB::JoinAlgorithmParams const&) @ 0x000000001356e13c
6. src/Processors/QueryPlan/JoinStepLogical.cpp:1411:31: DB::buildPhysicalJoinImpl(std::vector<DB::QueryPlan::Node*, std::allocator<DB::QueryPlan::Node*>>, DB::JoinOperator, DB::JoinExpressionActions, DB::JoinSettings, DB::JoinAlgorithmParams, DB::SortingStep::Settings, std::vector<DB::ActionsDAG::Node const*, std::allocator<DB::ActionsDAG::Node const*>> const&, DB::QueryPlanOptimizationSettings const&, std::list<DB::QueryPlan::Node, std::allocator<DB::QueryPlan::Node>>&, DB::LogicalJoinInfo&&) @ 0x0000000019d53290
7. src/Processors/QueryPlan/JoinStepLogical.cpp:1503:21: DB::JoinStepLogical::buildPhysicalJoin(DB::QueryPlan::Node&, DB::QueryPlanOptimizationSettings const&, std::list<DB::QueryPlan::Node, std::allocator<DB::QueryPlan::Node>>&) @ 0x0000000019d50630
8. src/Processors/QueryPlan/Optimizations/optimizeJoin.cpp:604:5: DB::QueryPlanOptimizations::convertLogicalJoinToPhysical(DB::QueryPlan::Node&, std::list<DB::QueryPlan::Node, std::allocator<DB::QueryPlan::Node>>&, DB::QueryPlanOptimizationSettings const&) @ 0x0000000019ee5ed8
9. src/Processors/QueryPlan/Optimizations/optimizeTree.cpp:284:13: DB::QueryPlanOptimizations::optimizeTreeSecondPass(DB::QueryPlanOptimizationSettings const&, DB::QueryPlan::Node&, std::list<DB::QueryPlan::Node, std::allocator<DB::QueryPlan::Node>>&, DB::QueryPlan&) @ 0x0000000019f286d4
10. src/Processors/QueryPlan/QueryPlan.cpp:803:5: DB::QueryPlan::optimize(DB::QueryPlanOptimizationSettings const&) @ 0x0000000019da1a24
11. src/Interpreters/InterpreterSelectQueryAnalyzer.cpp:413:16: DB::InterpreterSelectQueryAnalyzer::buildQueryPipeline() @ 0x0000000013d9e0b8
12. src/Interpreters/InterpreterSelectQueryAnalyzer.cpp:374:29: DB::InterpreterSelectQueryAnalyzer::execute() @ 0x0000000013d9dd90
13. src/Interpreters/executeQuery.cpp:1954:40: DB::executeQueryImpl(char const*, char const*, std::shared_ptr<DB::Context>, DB::QueryFlags, DB::QueryProcessingStage::Enum, std::unique_ptr<DB::ReadBuffer, std::default_delete<DB::ReadBuffer>>&, boost::intrusive_ptr<DB::IAST>&, std::shared_ptr<DB::ImplicitTransactionControlExecutor>, std::function<void ()>, DB::QueryResultDetails&) @ 0x0000000014165df4
14. src/Interpreters/executeQuery.cpp:2438:11: DB::executeQuery(std::basic_string_view<char, std::char_traits<char>>, std::shared_ptr<DB::Context>, DB::QueryFlags, DB::QueryProcessingStage::Enum) @ 0x0000000014161810
15. src/Server/TCPHandler.cpp:899:68: DB::TCPHandler::runImpl() @ 0x00000000196c8980
16. src/Server/TCPHandler.cpp:3354:9: DB::TCPHandler::run() @ 0x00000000196e6744
17. base/poco/Net/src/TCPServerConnection.cpp:40:3: Poco::Net::TCPServerConnection::start() @ 0x000000001e24b798
18. base/poco/Net/src/TCPServerDispatcher.cpp:115:42: Poco::Net::TCPServerDispatcher::run() @ 0x000000001e24bd58
19. base/poco/Foundation/src/ThreadPool.cpp:207:14: Poco::PooledThread::run() @ 0x000000001e20c498
20. base/poco/Foundation/src/Thread_POSIX.cpp:341:27: Poco::ThreadImpl::runnableEntry(void*) @ 0x000000001e20a7b4
21. ? @ 0x000000000008c248
22. ? @ 0x00000000000f6adc

2026.08.02 16:01:51.395141 [ 1080095 ] {} <Error> TCPHandler: Code: 48. DB::Exception: Only `hash` join supports multiple ORs for keys in JOIN ON section. (NOT_IMPLEMENTED), Stack trace (when copying this message, always include the lines below):

0. base/poco/Foundation/src/Exception.cpp:32:1: Poco::Exception::Exception(String&&, int) @ 0x000000001e1d1bb8
1. src/Common/Exception.cpp:158:7: DB::Exception::Exception(DB::Exception::MessageMasked&&, int, bool) @ 0x000000000eb8908c
2. src/Common/Exception.h:201:100: DB::Exception::Exception(String&&, int, String, bool) @ 0x0000000009979258
3. src/Common/Exception.h:57:54: DB::Exception::Exception(PreformattedMessage&&, int) @ 0x0000000009978c8c
4. src/Common/Exception.h:219:77: DB::Exception::Exception<>(int, FormatStringHelperImpl<>) @ 0x000000000eb87c14
5. src/Planner/PlannerJoins.cpp:1442:15: DB::chooseJoinAlgorithm(std::shared_ptr<DB::TableJoin>&, DB::PreparedJoinStorage const&, std::shared_ptr<DB::Block const>, std::shared_ptr<DB::Block const>, DB::JoinAlgorithmParams const&) @ 0x000000001356e13c
6. src/Processors/QueryPlan/JoinStepLogical.cpp:1411:31: DB::buildPhysicalJoinImpl(std::vector<DB::QueryPlan::Node*, std::allocator<DB::QueryPlan::Node*>>, DB::JoinOperator, DB::JoinExpressionActions, DB::JoinSettings, DB::JoinAlgorithmParams, DB::SortingStep::Settings, std::vector<DB::ActionsDAG::Node const*, std::allocator<DB::ActionsDAG::Node const*>> const&, DB::QueryPlanOptimizationSettings const&, std::list<DB::QueryPlan::Node, std::allocator<DB::QueryPlan::Node>>&, DB::LogicalJoinInfo&&) @ 0x0000000019d53290
7. src/Processors/QueryPlan/JoinStepLogical.cpp:1503:21: DB::JoinStepLogical::buildPhysicalJoin(DB::QueryPlan::Node&, DB::QueryPlanOptimizationSettings const&, std::list<DB::QueryPlan::Node, std::allocator<DB::QueryPlan::Node>>&) @ 0x0000000019d50630
8. src/Processors/QueryPlan/Optimizations/optimizeJoin.cpp:604:5: DB::QueryPlanOptimizations::convertLogicalJoinToPhysical(DB::QueryPlan::Node&, std::list<DB::QueryPlan::Node, std::allocator<DB::QueryPlan::Node>>&, DB::QueryPlanOptimizationSettings const&) @ 0x0000000019ee5ed8
9. src/Processors/QueryPlan/Optimizations/optimizeTree.cpp:284:13: DB::QueryPlanOptimizations::optimizeTreeSecondPass(DB::QueryPlanOptimizationSettings const&, DB::QueryPlan::Node&, std::list<DB::QueryPlan::Node, std::allocator<DB::QueryPlan::Node>>&, DB::QueryPlan&) @ 0x0000000019f286d4
10. src/Processors/QueryPlan/QueryPlan.cpp:803:5: DB::QueryPlan::optimize(DB::QueryPlanOptimizationSettings const&) @ 0x0000000019da1a24
11. src/Interpreters/InterpreterSelectQueryAnalyzer.cpp:413:16: DB::InterpreterSelectQueryAnalyzer::buildQueryPipeline() @ 0x0000000013d9e0b8
12. src/Interpreters/InterpreterSelectQueryAnalyzer.cpp:374:29: DB::InterpreterSelectQueryAnalyzer::execute() @ 0x0000000013d9dd90
13. src/Interpreters/executeQuery.cpp:1954:40: DB::executeQueryImpl(char const*, char const*, std::shared_ptr<DB::Context>, DB::QueryFlags, DB::QueryProcessingStage::Enum, std::unique_ptr<DB::ReadBuffer, std::default_delete<DB::ReadBuffer>>&, boost::intrusive_ptr<DB::IAST>&, std::shared_ptr<DB::ImplicitTransactionControlExecutor>, std::function<void ()>, DB::QueryResultDetails&) @ 0x0000000014165df4
14. src/Interpreters/executeQuery.cpp:2438:11: DB::executeQuery(std::basic_string_view<char, std::char_traits<char>>, std::shared_ptr<DB::Context>, DB::QueryFlags, DB::QueryProcessingStage::Enum) @ 0x0000000014161810
15. src/Server/TCPHandler.cpp:899:68: DB::TCPHandler::runImpl() @ 0x00000000196c8980
16. src/Server/TCPHandler.cpp:3354:9: DB::TCPHandler::run() @ 0x00000000196e6744
17. base/poco/Net/src/TCPServerConnection.cpp:40:3: Poco::Net::TCPServerConnection::start() @ 0x000000001e24b798
18. base/poco/Net/src/TCPServerDispatcher.cpp:115:42: Poco::Net::TCPServerDispatcher::run() @ 0x000000001e24bd58
19. base/poco/Foundation/src/ThreadPool.cpp:207:14: Poco::PooledThread::run() @ 0x000000001e20c498
20. base/poco/Foundation/src/Thread_POSIX.cpp:341:27: Poco::ThreadImpl::runnableEntry(void*) @ 0x000000001e20a7b4
21. ? @ 0x000000000008c248
22. ? @ 0x00000000000f6adc

2026.08.02 16:01:51.446321 [ 1080095 ] {ce117bf1-c1ee-4ca4-97cc-89066d2f40e3} <Error> executeQuery: Code: 48. DB::Exception: Only `hash` join supports multiple ORs for keys in JOIN ON section. (NOT_IMPLEMENTED) (version 26.8.1.1) (from 127.0.0.1:57758) (query 1, line 1) (in query: SELECT l.k1,l.k2,l.v,r.k1,r.k2,r.w FROM av2.orl AS l FULL JOIN av2.orr AS r ON l.k1=r.k1 OR l.k2=r.k2 ORDER BY r.k1,r.k2,r.w,l.k1,l.k2,l.v SETTINGS join_algorithm='parallel_hash'), Stack trace (when copying this message, always include the lines below):

0. base/poco/Foundation/src/Exception.cpp:32:1: Poco::Exception::Exception(String&&, int) @ 0x000000001e1d1bb8
1. src/Common/Exception.cpp:158:7: DB::Exception::Exception(DB::Exception::MessageMasked&&, int, bool) @ 0x000000000eb8908c
2. src/Common/Exception.h:201:100: DB::Exception::Exception(String&&, int, String, bool) @ 0x0000000009979258
3. src/Common/Exception.h:57:54: DB::Exception::Exception(PreformattedMessage&&, int) @ 0x0000000009978c8c
4. src/Common/Exception.h:219:77: DB::Exception::Exception<>(int, FormatStringHelperImpl<>) @ 0x000000000eb87c14
5. src/Planner/PlannerJoins.cpp:1442:15: DB::chooseJoinAlgorithm(std::shared_ptr<DB::TableJoin>&, DB::PreparedJoinStorage const&, std::shared_ptr<DB::Block const>, std::shared_ptr<DB::Block const>, DB::JoinAlgorithmParams const&) @ 0x000000001356e13c
6. src/Processors/QueryPlan/JoinStepLogical.cpp:1411:31: DB::buildPhysicalJoinImpl(std::vector<DB::QueryPlan::Node*, std::allocator<DB::QueryPlan::Node*>>, DB::JoinOperator, DB::JoinExpressionActions, DB::JoinSettings, DB::JoinAlgorithmParams, DB::SortingStep::Settings, std::vector<DB::ActionsDAG::Node const*, std::allocator<DB::ActionsDAG::Node const*>> const&, DB::QueryPlanOptimizationSettings const&, std::list<DB::QueryPlan::Node, std::allocator<DB::QueryPlan::Node>>&, DB::LogicalJoinInfo&&) @ 0x0000000019d53290
7. src/Processors/QueryPlan/JoinStepLogical.cpp:1503:21: DB::JoinStepLogical::buildPhysicalJoin(DB::QueryPlan::Node&, DB::QueryPlanOptimizationSettings const&, std::list<DB::QueryPlan::Node, std::allocator<DB::QueryPlan::Node>>&) @ 0x0000000019d50630
8. src/Processors/QueryPlan/Optimizations/optimizeJoin.cpp:604:5: DB::QueryPlanOptimizations::convertLogicalJoinToPhysical(DB::QueryPlan::Node&, std::list<DB::QueryPlan::Node, std::allocator<DB::QueryPlan::Node>>&, DB::QueryPlanOptimizationSettings const&) @ 0x0000000019ee5ed8
9. src/Processors/QueryPlan/Optimizations/optimizeTree.cpp:284:13: DB::QueryPlanOptimizations::optimizeTreeSecondPass(DB::QueryPlanOptimizationSettings const&, DB::QueryPlan::Node&, std::list<DB::QueryPlan::Node, std::allocator<DB::QueryPlan::Node>>&, DB::QueryPlan&) @ 0x0000000019f286d4
10. src/Processors/QueryPlan/QueryPlan.cpp:803:5: DB::QueryPlan::optimize(DB::QueryPlanOptimizationSettings const&) @ 0x0000000019da1a24
11. src/Interpreters/InterpreterSelectQueryAnalyzer.cpp:413:16: DB::InterpreterSelectQueryAnalyzer::buildQueryPipeline() @ 0x0000000013d9e0b8
12. src/Interpreters/InterpreterSelectQueryAnalyzer.cpp:374:29: DB::InterpreterSelectQueryAnalyzer::execute() @ 0x0000000013d9dd90
13. src/Interpreters/executeQuery.cpp:1954:40: DB::executeQueryImpl(char const*, char const*, std::shared_ptr<DB::Context>, DB::QueryFlags, DB::QueryProcessingStage::Enum, std::unique_ptr<DB::ReadBuffer, std::default_delete<DB::ReadBuffer>>&, boost::intrusive_ptr<DB::IAST>&, std::shared_ptr<DB::ImplicitTransactionControlExecutor>, std::function<void ()>, DB::QueryResultDetails&) @ 0x0000000014165df4
14. src/Interpreters/executeQuery.cpp:2438:11: DB::executeQuery(std::basic_string_view<char, std::char_traits<char>>, std::shared_ptr<DB::Context>, DB::QueryFlags, DB::QueryProcessingStage::Enum) @ 0x0000000014161810
15. src/Server/TCPHandler.cpp:899:68: DB::TCPHandler::runImpl() @ 0x00000000196c8980
16. src/Server/TCPHandler.cpp:3354:9: DB::TCPHandler::run() @ 0x00000000196e6744
17. base/poco/Net/src/TCPServerConnection.cpp:40:3: Poco::Net::TCPServerConnection::start() @ 0x000000001e24b798
18. base/poco/Net/src/TCPServerDispatcher.cpp:115:42: Poco::Net::TCPServerDispatcher::run() @ 0x000000001e24bd58
19. base/poco/Foundation/src/ThreadPool.cpp:207:14: Poco::PooledThread::run() @ 0x000000001e20c498
20. base/poco/Foundation/src/Thread_POSIX.cpp:341:27: Poco::ThreadImpl::runnableEntry(void*) @ 0x000000001e20a7b4
21. ? @ 0x000000000008c248
22. ? @ 0x00000000000f6adc

2026.08.02 16:01:51.446454 [ 1080095 ] {} <Error> TCPHandler: Code: 48. DB::Exception: Only `hash` join supports multiple ORs for keys in JOIN ON section. (NOT_IMPLEMENTED), Stack trace (when copying this message, always include the lines below):

0. base/poco/Foundation/src/Exception.cpp:32:1: Poco::Exception::Exception(String&&, int) @ 0x000000001e1d1bb8
1. src/Common/Exception.cpp:158:7: DB::Exception::Exception(DB::Exception::MessageMasked&&, int, bool) @ 0x000000000eb8908c
2. src/Common/Exception.h:201:100: DB::Exception::Exception(String&&, int, String, bool) @ 0x0000000009979258
3. src/Common/Exception.h:57:54: DB::Exception::Exception(PreformattedMessage&&, int) @ 0x0000000009978c8c
4. src/Common/Exception.h:219:77: DB::Exception::Exception<>(int, FormatStringHelperImpl<>) @ 0x000000000eb87c14
5. src/Planner/PlannerJoins.cpp:1442:15: DB::chooseJoinAlgorithm(std::shared_ptr<DB::TableJoin>&, DB::PreparedJoinStorage const&, std::shared_ptr<DB::Block const>, std::shared_ptr<DB::Block const>, DB::JoinAlgorithmParams const&) @ 0x000000001356e13c
6. src/Processors/QueryPlan/JoinStepLogical.cpp:1411:31: DB::buildPhysicalJoinImpl(std::vector<DB::QueryPlan::Node*, std::allocator<DB::QueryPlan::Node*>>, DB::JoinOperator, DB::JoinExpressionActions, DB::JoinSettings, DB::JoinAlgorithmParams, DB::SortingStep::Settings, std::vector<DB::ActionsDAG::Node const*, std::allocator<DB::ActionsDAG::Node const*>> const&, DB::QueryPlanOptimizationSettings const&, std::list<DB::QueryPlan::Node, std::allocator<DB::QueryPlan::Node>>&, DB::LogicalJoinInfo&&) @ 0x0000000019d53290
7. src/Processors/QueryPlan/JoinStepLogical.cpp:1503:21: DB::JoinStepLogical::buildPhysicalJoin(DB::QueryPlan::Node&, DB::QueryPlanOptimizationSettings const&, std::list<DB::QueryPlan::Node, std::allocator<DB::QueryPlan::Node>>&) @ 0x0000000019d50630
8. src/Processors/QueryPlan/Optimizations/optimizeJoin.cpp:604:5: DB::QueryPlanOptimizations::convertLogicalJoinToPhysical(DB::QueryPlan::Node&, std::list<DB::QueryPlan::Node, std::allocator<DB::QueryPlan::Node>>&, DB::QueryPlanOptimizationSettings const&) @ 0x0000000019ee5ed8
9. src/Processors/QueryPlan/Optimizations/optimizeTree.cpp:284:13: DB::QueryPlanOptimizations::optimizeTreeSecondPass(DB::QueryPlanOptimizationSettings const&, DB::QueryPlan::Node&, std::list<DB::QueryPlan::Node, std::allocator<DB::QueryPlan::Node>>&, DB::QueryPlan&) @ 0x0000000019f286d4
10. src/Processors/QueryPlan/QueryPlan.cpp:803:5: DB::QueryPlan::optimize(DB::QueryPlanOptimizationSettings const&) @ 0x0000000019da1a24
11. src/Interpreters/InterpreterSelectQueryAnalyzer.cpp:413:16: DB::InterpreterSelectQueryAnalyzer::buildQueryPipeline() @ 0x0000000013d9e0b8
12. src/Interpreters/InterpreterSelectQueryAnalyzer.cpp:374:29: DB::InterpreterSelectQueryAnalyzer::execute() @ 0x0000000013d9dd90
13. src/Interpreters/executeQuery.cpp:1954:40: DB::executeQueryImpl(char const*, char const*, std::shared_ptr<DB::Context>, DB::QueryFlags, DB::QueryProcessingStage::Enum, std::unique_ptr<DB::ReadBuffer, std::default_delete<DB::ReadBuffer>>&, boost::intrusive_ptr<DB::IAST>&, std::shared_ptr<DB::ImplicitTransactionControlExecutor>, std::function<void ()>, DB::QueryResultDetails&) @ 0x0000000014165df4
14. src/Interpreters/executeQuery.cpp:2438:11: DB::executeQuery(std::basic_string_view<char, std::char_traits<char>>, std::shared_ptr<DB::Context>, DB::QueryFlags, DB::QueryProcessingStage::Enum) @ 0x0000000014161810
15. src/Server/TCPHandler.cpp:899:68: DB::TCPHandler::runImpl() @ 0x00000000196c8980
16. src/Server/TCPHandler.cpp:3354:9: DB::TCPHandler::run() @ 0x00000000196e6744
17. base/poco/Net/src/TCPServerConnection.cpp:40:3: Poco::Net::TCPServerConnection::start() @ 0x000000001e24b798
18. base/poco/Net/src/TCPServerDispatcher.cpp:115:42: Poco::Net::TCPServerDispatcher::run() @ 0x000000001e24bd58
19. base/poco/Foundation/src/ThreadPool.cpp:207:14: Poco::PooledThread::run() @ 0x000000001e20c498
20. base/poco/Foundation/src/Thread_POSIX.cpp:341:27: Poco::ThreadImpl::runnableEntry(void*) @ 0x000000001e20a7b4
21. ? @ 0x000000000008c248
22. ? @ 0x00000000000f6adc

2026.08.02 16:01:51.498053 [ 1080095 ] {f1d1c3bf-d894-4e8e-bbae-4510eefcb835} <Error> executeQuery: Code: 48. DB::Exception: Only `hash` join supports multiple ORs for keys in JOIN ON section. (NOT_IMPLEMENTED) (version 26.8.1.1) (from 127.0.0.1:57774) (query 1, line 1) (in query: SELECT l.k1,l.k2,l.v,r.k1,r.k2,r.w FROM av2.orl AS l FULL JOIN av2.orr AS r ON l.k1=r.k1 OR l.k2=r.k2 ORDER BY r.k1,r.k2,r.w,l.k1,l.k2,l.v SETTINGS join_algorithm='parallel_hash'), Stack trace (when copying this message, always include the lines below):

0. base/poco/Foundation/src/Exception.cpp:32:1: Poco::Exception::Exception(String&&, int) @ 0x000000001e1d1bb8
1. src/Common/Exception.cpp:158:7: DB::Exception::Exception(DB::Exception::MessageMasked&&, int, bool) @ 0x000000000eb8908c
2. src/Common/Exception.h:201:100: DB::Exception::Exception(String&&, int, String, bool) @ 0x0000000009979258
3. src/Common/Exception.h:57:54: DB::Exception::Exception(PreformattedMessage&&, int) @ 0x0000000009978c8c
4. src/Common/Exception.h:219:77: DB::Exception::Exception<>(int, FormatStringHelperImpl<>) @ 0x000000000eb87c14
5. src/Planner/PlannerJoins.cpp:1442:15: DB::chooseJoinAlgorithm(std::shared_ptr<DB::TableJoin>&, DB::PreparedJoinStorage const&, std::shared_ptr<DB::Block const>, std::shared_ptr<DB::Block const>, DB::JoinAlgorithmParams const&) @ 0x000000001356e13c
6. src/Processors/QueryPlan/JoinStepLogical.cpp:1411:31: DB::buildPhysicalJoinImpl(std::vector<DB::QueryPlan::Node*, std::allocator<DB::QueryPlan::Node*>>, DB::JoinOperator, DB::JoinExpressionActions, DB::JoinSettings, DB::JoinAlgorithmParams, DB::SortingStep::Settings, std::vector<DB::ActionsDAG::Node const*, std::allocator<DB::ActionsDAG::Node const*>> const&, DB::QueryPlanOptimizationSettings const&, std::list<DB::QueryPlan::Node, std::allocator<DB::QueryPlan::Node>>&, DB::LogicalJoinInfo&&) @ 0x0000000019d53290
7. src/Processors/QueryPlan/JoinStepLogical.cpp:1503:21: DB::JoinStepLogical::buildPhysicalJoin(DB::QueryPlan::Node&, DB::QueryPlanOptimizationSettings const&, std::list<DB::QueryPlan::Node, std::allocator<DB::QueryPlan::Node>>&) @ 0x0000000019d50630
8. src/Processors/QueryPlan/Optimizations/optimizeJoin.cpp:604:5: DB::QueryPlanOptimizations::convertLogicalJoinToPhysical(DB::QueryPlan::Node&, std::list<DB::QueryPlan::Node, std::allocator<DB::QueryPlan::Node>>&, DB::QueryPlanOptimizationSettings const&) @ 0x0000000019ee5ed8
9. src/Processors/QueryPlan/Optimizations/optimizeTree.cpp:284:13: DB::QueryPlanOptimizations::optimizeTreeSecondPass(DB::QueryPlanOptimizationSettings const&, DB::QueryPlan::Node&, std::list<DB::QueryPlan::Node, std::allocator<DB::QueryPlan::Node>>&, DB::QueryPlan&) @ 0x0000000019f286d4
10. src/Processors/QueryPlan/QueryPlan.cpp:803:5: DB::QueryPlan::optimize(DB::QueryPlanOptimizationSettings const&) @ 0x0000000019da1a24
11. src/Interpreters/InterpreterSelectQueryAnalyzer.cpp:413:16: DB::InterpreterSelectQueryAnalyzer::buildQueryPipeline() @ 0x0000000013d9e0b8
12. src/Interpreters/InterpreterSelectQueryAnalyzer.cpp:374:29: DB::InterpreterSelectQueryAnalyzer::execute() @ 0x0000000013d9dd90
13. src/Interpreters/executeQuery.cpp:1954:40: DB::executeQueryImpl(char const*, char const*, std::shared_ptr<DB::Context>, DB::QueryFlags, DB::QueryProcessingStage::Enum, std::unique_ptr<DB::ReadBuffer, std::default_delete<DB::ReadBuffer>>&, boost::intrusive_ptr<DB::IAST>&, std::shared_ptr<DB::ImplicitTransactionControlExecutor>, std::function<void ()>, DB::QueryResultDetails&) @ 0x0000000014165df4
14. src/Interpreters/executeQuery.cpp:2438:11: DB::executeQuery(std::basic_string_view<char, std::char_traits<char>>, std::shared_ptr<DB::Context>, DB::QueryFlags, DB::QueryProcessingStage::Enum) @ 0x0000000014161810
15. src/Server/TCPHandler.cpp:899:68: DB::TCPHandler::runImpl() @ 0x00000000196c8980
16. src/Server/TCPHandler.cpp:3354:9: DB::TCPHandler::run() @ 0x00000000196e6744
17. base/poco/Net/src/TCPServerConnection.cpp:40:3: Poco::Net::TCPServerConnection::start() @ 0x000000001e24b798
18. base/poco/Net/src/TCPServerDispatcher.cpp:115:42: Poco::Net::TCPServerDispatcher::run() @ 0x000000001e24bd58
19. base/poco/Foundation/src/ThreadPool.cpp:207:14: Poco::PooledThread::run() @ 0x000000001e20c498
20. base/poco/Foundation/src/Thread_POSIX.cpp:341:27: Poco::ThreadImpl::runnableEntry(void*) @ 0x000000001e20a7b4
21. ? @ 0x000000000008c248
22. ? @ 0x00000000000f6adc

2026.08.02 16:01:51.498185 [ 1080095 ] {} <Error> TCPHandler: Code: 48. DB::Exception: Only `hash` join supports multiple ORs for keys in JOIN ON section. (NOT_IMPLEMENTED), Stack trace (when copying this message, always include the lines below):

0. base/poco/Foundation/src/Exception.cpp:32:1: Poco::Exception::Exception(String&&, int) @ 0x000000001e1d1bb8
1. src/Common/Exception.cpp:158:7: DB::Exception::Exception(DB::Exception::MessageMasked&&, int, bool) @ 0x000000000eb8908c
2. src/Common/Exception.h:201:100: DB::Exception::Exception(String&&, int, String, bool) @ 0x0000000009979258
3. src/Common/Exception.h:57:54: DB::Exception::Exception(PreformattedMessage&&, int) @ 0x0000000009978c8c
4. src/Common/Exception.h:219:77: DB::Exception::Exception<>(int, FormatStringHelperImpl<>) @ 0x000000000eb87c14
5. src/Planner/PlannerJoins.cpp:1442:15: DB::chooseJoinAlgorithm(std::shared_ptr<DB::TableJoin>&, DB::PreparedJoinStorage const&, std::shared_ptr<DB::Block const>, std::shared_ptr<DB::Block const>, DB::JoinAlgorithmParams const&) @ 0x000000001356e13c
6. src/Processors/QueryPlan/JoinStepLogical.cpp:1411:31: DB::buildPhysicalJoinImpl(std::vector<DB::QueryPlan::Node*, std::allocator<DB::QueryPlan::Node*>>, DB::JoinOperator, DB::JoinExpressionActions, DB::JoinSettings, DB::JoinAlgorithmParams, DB::SortingStep::Settings, std::vector<DB::ActionsDAG::Node const*, std::allocator<DB::ActionsDAG::Node const*>> const&, DB::QueryPlanOptimizationSettings const&, std::list<DB::QueryPlan::Node, std::allocator<DB::QueryPlan::Node>>&, DB::LogicalJoinInfo&&) @ 0x0000000019d53290
7. src/Processors/QueryPlan/JoinStepLogical.cpp:1503:21: DB::JoinStepLogical::buildPhysicalJoin(DB::QueryPlan::Node&, DB::QueryPlanOptimizationSettings const&, std::list<DB::QueryPlan::Node, std::allocator<DB::QueryPlan::Node>>&) @ 0x0000000019d50630
8. src/Processors/QueryPlan/Optimizations/optimizeJoin.cpp:604:5: DB::QueryPlanOptimizations::convertLogicalJoinToPhysical(DB::QueryPlan::Node&, std::list<DB::QueryPlan::Node, std::allocator<DB::QueryPlan::Node>>&, DB::QueryPlanOptimizationSettings const&) @ 0x0000000019ee5ed8
9. src/Processors/QueryPlan/Optimizations/optimizeTree.cpp:284:13: DB::QueryPlanOptimizations::optimizeTreeSecondPass(DB::QueryPlanOptimizationSettings const&, DB::QueryPlan::Node&, std::list<DB::QueryPlan::Node, std::allocator<DB::QueryPlan::Node>>&, DB::QueryPlan&) @ 0x0000000019f286d4
10. src/Processors/QueryPlan/QueryPlan.cpp:803:5: DB::QueryPlan::optimize(DB::QueryPlanOptimizationSettings const&) @ 0x0000000019da1a24
11. src/Interpreters/InterpreterSelectQueryAnalyzer.cpp:413:16: DB::InterpreterSelectQueryAnalyzer::buildQueryPipeline() @ 0x0000000013d9e0b8
12. src/Interpreters/InterpreterSelectQueryAnalyzer.cpp:374:29: DB::InterpreterSelectQueryAnalyzer::execute() @ 0x0000000013d9dd90
13. src/Interpreters/executeQuery.cpp:1954:40: DB::executeQueryImpl(char const*, char const*, std::shared_ptr<DB::Context>, DB::QueryFlags, DB::QueryProcessingStage::Enum, std::unique_ptr<DB::ReadBuffer, std::default_delete<DB::ReadBuffer>>&, boost::intrusive_ptr<DB::IAST>&, std::shared_ptr<DB::ImplicitTransactionControlExecutor>, std::function<void ()>, DB::QueryResultDetails&) @ 0x0000000014165df4
14. src/Interpreters/executeQuery.cpp:2438:11: DB::executeQuery(std::basic_string_view<char, std::char_traits<char>>, std::shared_ptr<DB::Context>, DB::QueryFlags, DB::QueryProcessingStage::Enum) @ 0x0000000014161810
15. src/Server/TCPHandler.cpp:899:68: DB::TCPHandler::runImpl() @ 0x00000000196c8980
16. src/Server/TCPHandler.cpp:3354:9: DB::TCPHandler::run() @ 0x00000000196e6744
17. base/poco/Net/src/TCPServerConnection.cpp:40:3: Poco::Net::TCPServerConnection::start() @ 0x000000001e24b798
18. base/poco/Net/src/TCPServerDispatcher.cpp:115:42: Poco::Net::TCPServerDispatcher::run() @ 0x000000001e24bd58
19. base/poco/Foundation/src/ThreadPool.cpp:207:14: Poco::PooledThread::run() @ 0x000000001e20c498
20. base/poco/Foundation/src/Thread_POSIX.cpp:341:27: Poco::ThreadImpl::runnableEntry(void*) @ 0x000000001e20a7b4
21. ? @ 0x000000000008c248
22. ? @ 0x00000000000f6adc

2026.08.02 16:01:51.551167 [ 1080095 ] {9f9efa95-75d8-4c7c-8595-bb6c17420fed} <Error> executeQuery: Code: 48. DB::Exception: Only `hash` join supports multiple ORs for keys in JOIN ON section. (NOT_IMPLEMENTED) (version 26.8.1.1) (from 127.0.0.1:57790) (query 1, line 1) (in query: SELECT l.k1,l.k2,l.v,r.k1,r.k2,r.w FROM av2.orl AS l FULL JOIN av2.orr AS r ON l.k1=r.k1 OR l.k2=r.k2 ORDER BY r.k1,r.k2,r.w,l.k1,l.k2,l.v SETTINGS join_algorithm='parallel_hash'), Stack trace (when copying this message, always include the lines below):

0. base/poco/Foundation/src/Exception.cpp:32:1: Poco::Exception::Exception(String&&, int) @ 0x000000001e1d1bb8
1. src/Common/Exception.cpp:158:7: DB::Exception::Exception(DB::Exception::MessageMasked&&, int, bool) @ 0x000000000eb8908c
2. src/Common/Exception.h:201:100: DB::Exception::Exception(String&&, int, String, bool) @ 0x0000000009979258
3. src/Common/Exception.h:57:54: DB::Exception::Exception(PreformattedMessage&&, int) @ 0x0000000009978c8c
4. src/Common/Exception.h:219:77: DB::Exception::Exception<>(int, FormatStringHelperImpl<>) @ 0x000000000eb87c14
5. src/Planner/PlannerJoins.cpp:1442:15: DB::chooseJoinAlgorithm(std::shared_ptr<DB::TableJoin>&, DB::PreparedJoinStorage const&, std::shared_ptr<DB::Block const>, std::shared_ptr<DB::Block const>, DB::JoinAlgorithmParams const&) @ 0x000000001356e13c
6. src/Processors/QueryPlan/JoinStepLogical.cpp:1411:31: DB::buildPhysicalJoinImpl(std::vector<DB::QueryPlan::Node*, std::allocator<DB::QueryPlan::Node*>>, DB::JoinOperator, DB::JoinExpressionActions, DB::JoinSettings, DB::JoinAlgorithmParams, DB::SortingStep::Settings, std::vector<DB::ActionsDAG::Node const*, std::allocator<DB::ActionsDAG::Node const*>> const&, DB::QueryPlanOptimizationSettings const&, std::list<DB::QueryPlan::Node, std::allocator<DB::QueryPlan::Node>>&, DB::LogicalJoinInfo&&) @ 0x0000000019d53290
7. src/Processors/QueryPlan/JoinStepLogical.cpp:1503:21: DB::JoinStepLogical::buildPhysicalJoin(DB::QueryPlan::Node&, DB::QueryPlanOptimizationSettings const&, std::list<DB::QueryPlan::Node, std::allocator<DB::QueryPlan::Node>>&) @ 0x0000000019d50630
8. src/Processors/QueryPlan/Optimizations/optimizeJoin.cpp:604:5: DB::QueryPlanOptimizations::convertLogicalJoinToPhysical(DB::QueryPlan::Node&, std::list<DB::QueryPlan::Node, std::allocator<DB::QueryPlan::Node>>&, DB::QueryPlanOptimizationSettings const&) @ 0x0000000019ee5ed8
9. src/Processors/QueryPlan/Optimizations/optimizeTree.cpp:284:13: DB::QueryPlanOptimizations::optimizeTreeSecondPass(DB::QueryPlanOptimizationSettings const&, DB::QueryPlan::Node&, std::list<DB::QueryPlan::Node, std::allocator<DB::QueryPlan::Node>>&, DB::QueryPlan&) @ 0x0000000019f286d4
10. src/Processors/QueryPlan/QueryPlan.cpp:803:5: DB::QueryPlan::optimize(DB::QueryPlanOptimizationSettings const&) @ 0x0000000019da1a24
11. src/Interpreters/InterpreterSelectQueryAnalyzer.cpp:413:16: DB::InterpreterSelectQueryAnalyzer::buildQueryPipeline() @ 0x0000000013d9e0b8
12. src/Interpreters/InterpreterSelectQueryAnalyzer.cpp:374:29: DB::InterpreterSelectQueryAnalyzer::execute() @ 0x0000000013d9dd90
13. src/Interpreters/executeQuery.cpp:1954:40: DB::executeQueryImpl(char const*, char const*, std::shared_ptr<DB::Context>, DB::QueryFlags, DB::QueryProcessingStage::Enum, std::unique_ptr<DB::ReadBuffer, std::default_delete<DB::ReadBuffer>>&, boost::intrusive_ptr<DB::IAST>&, std::shared_ptr<DB::ImplicitTransactionControlExecutor>, std::function<void ()>, DB::QueryResultDetails&) @ 0x0000000014165df4
14. src/Interpreters/executeQuery.cpp:2438:11: DB::executeQuery(std::basic_string_view<char, std::char_traits<char>>, std::shared_ptr<DB::Context>, DB::QueryFlags, DB::QueryProcessingStage::Enum) @ 0x0000000014161810
15. src/Server/TCPHandler.cpp:899:68: DB::TCPHandler::runImpl() @ 0x00000000196c8980
16. src/Server/TCPHandler.cpp:3354:9: DB::TCPHandler::run() @ 0x00000000196e6744
17. base/poco/Net/src/TCPServerConnection.cpp:40:3: Poco::Net::TCPServerConnection::start() @ 0x000000001e24b798
18. base/poco/Net/src/TCPServerDispatcher.cpp:115:42: Poco::Net::TCPServerDispatcher::run() @ 0x000000001e24bd58
19. base/poco/Foundation/src/ThreadPool.cpp:207:14: Poco::PooledThread::run() @ 0x000000001e20c498
20. base/poco/Foundation/src/Thread_POSIX.cpp:341:27: Poco::ThreadImpl::runnableEntry(void*) @ 0x000000001e20a7b4
21. ? @ 0x000000000008c248
22. ? @ 0x00000000000f6adc

2026.08.02 16:01:51.551302 [ 1080095 ] {} <Error> TCPHandler: Code: 48. DB::Exception: Only `hash` join supports multiple ORs for keys in JOIN ON section. (NOT_IMPLEMENTED), Stack trace (when copying this message, always include the lines below):

0. base/poco/Foundation/src/Exception.cpp:32:1: Poco::Exception::Exception(String&&, int) @ 0x000000001e1d1bb8
1. src/Common/Exception.cpp:158:7: DB::Exception::Exception(DB::Exception::MessageMasked&&, int, bool) @ 0x000000000eb8908c
2. src/Common/Exception.h:201:100: DB::Exception::Exception(String&&, int, String, bool) @ 0x0000000009979258
3. src/Common/Exception.h:57:54: DB::Exception::Exception(PreformattedMessage&&, int) @ 0x0000000009978c8c
4. src/Common/Exception.h:219:77: DB::Exception::Exception<>(int, FormatStringHelperImpl<>) @ 0x000000000eb87c14
5. src/Planner/PlannerJoins.cpp:1442:15: DB::chooseJoinAlgorithm(std::shared_ptr<DB::TableJoin>&, DB::PreparedJoinStorage const&, std::shared_ptr<DB::Block const>, std::shared_ptr<DB::Block const>, DB::JoinAlgorithmParams const&) @ 0x000000001356e13c
6. src/Processors/QueryPlan/JoinStepLogical.cpp:1411:31: DB::buildPhysicalJoinImpl(std::vector<DB::QueryPlan::Node*, std::allocator<DB::QueryPlan::Node*>>, DB::JoinOperator, DB::JoinExpressionActions, DB::JoinSettings, DB::JoinAlgorithmParams, DB::SortingStep::Settings, std::vector<DB::ActionsDAG::Node const*, std::allocator<DB::ActionsDAG::Node const*>> const&, DB::QueryPlanOptimizationSettings const&, std::list<DB::QueryPlan::Node, std::allocator<DB::QueryPlan::Node>>&, DB::LogicalJoinInfo&&) @ 0x0000000019d53290
7. src/Processors/QueryPlan/JoinStepLogical.cpp:1503:21: DB::JoinStepLogical::buildPhysicalJoin(DB::QueryPlan::Node&, DB::QueryPlanOptimizationSettings const&, std::list<DB::QueryPlan::Node, std::allocator<DB::QueryPlan::Node>>&) @ 0x0000000019d50630
8. src/Processors/QueryPlan/Optimizations/optimizeJoin.cpp:604:5: DB::QueryPlanOptimizations::convertLogicalJoinToPhysical(DB::QueryPlan::Node&, std::list<DB::QueryPlan::Node, std::allocator<DB::QueryPlan::Node>>&, DB::QueryPlanOptimizationSettings const&) @ 0x0000000019ee5ed8
9. src/Processors/QueryPlan/Optimizations/optimizeTree.cpp:284:13: DB::QueryPlanOptimizations::optimizeTreeSecondPass(DB::QueryPlanOptimizationSettings const&, DB::QueryPlan::Node&, std::list<DB::QueryPlan::Node, std::allocator<DB::QueryPlan::Node>>&, DB::QueryPlan&) @ 0x0000000019f286d4
10. src/Processors/QueryPlan/QueryPlan.cpp:803:5: DB::QueryPlan::optimize(DB::QueryPlanOptimizationSettings const&) @ 0x0000000019da1a24
11. src/Interpreters/InterpreterSelectQueryAnalyzer.cpp:413:16: DB::InterpreterSelectQueryAnalyzer::buildQueryPipeline() @ 0x0000000013d9e0b8
12. src/Interpreters/InterpreterSelectQueryAnalyzer.cpp:374:29: DB::InterpreterSelectQueryAnalyzer::execute() @ 0x0000000013d9dd90
13. src/Interpreters/executeQuery.cpp:1954:40: DB::executeQueryImpl(char const*, char const*, std::shared_ptr<DB::Context>, DB::QueryFlags, DB::QueryProcessingStage::Enum, std::unique_ptr<DB::ReadBuffer, std::default_delete<DB::ReadBuffer>>&, boost::intrusive_ptr<DB::IAST>&, std::shared_ptr<DB::ImplicitTransactionControlExecutor>, std::function<void ()>, DB::QueryResultDetails&) @ 0x0000000014165df4
14. src/Interpreters/executeQuery.cpp:2438:11: DB::executeQuery(std::basic_string_view<char, std::char_traits<char>>, std::shared_ptr<DB::Context>, DB::QueryFlags, DB::QueryProcessingStage::Enum) @ 0x0000000014161810
15. src/Server/TCPHandler.cpp:899:68: DB::TCPHandler::runImpl() @ 0x00000000196c8980
16. src/Server/TCPHandler.cpp:3354:9: DB::TCPHandler::run() @ 0x00000000196e6744
17. base/poco/Net/src/TCPServerConnection.cpp:40:3: Poco::Net::TCPServerConnection::start() @ 0x000000001e24b798
18. base/poco/Net/src/TCPServerDispatcher.cpp:115:42: Poco::Net::TCPServerDispatcher::run() @ 0x000000001e24bd58
19. base/poco/Foundation/src/ThreadPool.cpp:207:14: Poco::PooledThread::run() @ 0x000000001e20c498
20. base/poco/Foundation/src/Thread_POSIX.cpp:341:27: Poco::ThreadImpl::runnableEntry(void*) @ 0x000000001e20a7b4
21. ? @ 0x000000000008c248
22. ? @ 0x00000000000f6adc

2026.08.02 16:01:51.602786 [ 1080095 ] {84829ed8-c673-4ab2-be8c-fac4e25c961c} <Error> executeQuery: Code: 48. DB::Exception: Only `hash` join supports multiple ORs for keys in JOIN ON section. (NOT_IMPLEMENTED) (version 26.8.1.1) (from 127.0.0.1:57804) (query 1, line 1) (in query: SELECT l.k1,l.k2,l.v,r.k1,r.k2,r.w FROM av2.orl AS l FULL JOIN av2.orr AS r ON l.k1=r.k1 OR l.k2=r.k2 ORDER BY r.k1,r.k2,r.w,l.k1,l.k2,l.v SETTINGS join_algorithm='parallel_hash'), Stack trace (when copying this message, always include the lines below):

0. base/poco/Foundation/src/Exception.cpp:32:1: Poco::Exception::Exception(String&&, int) @ 0x000000001e1d1bb8
1. src/Common/Exception.cpp:158:7: DB::Exception::Exception(DB::Exception::MessageMasked&&, int, bool) @ 0x000000000eb8908c
2. src/Common/Exception.h:201:100: DB::Exception::Exception(String&&, int, String, bool) @ 0x0000000009979258
3. src/Common/Exception.h:57:54: DB::Exception::Exception(PreformattedMessage&&, int) @ 0x0000000009978c8c
4. src/Common/Exception.h:219:77: DB::Exception::Exception<>(int, FormatStringHelperImpl<>) @ 0x000000000eb87c14
5. src/Planner/PlannerJoins.cpp:1442:15: DB::chooseJoinAlgorithm(std::shared_ptr<DB::TableJoin>&, DB::PreparedJoinStorage const&, std::shared_ptr<DB::Block const>, std::shared_ptr<DB::Block const>, DB::JoinAlgorithmParams const&) @ 0x000000001356e13c
6. src/Processors/QueryPlan/JoinStepLogical.cpp:1411:31: DB::buildPhysicalJoinImpl(std::vector<DB::QueryPlan::Node*, std::allocator<DB::QueryPlan::Node*>>, DB::JoinOperator, DB::JoinExpressionActions, DB::JoinSettings, DB::JoinAlgorithmParams, DB::SortingStep::Settings, std::vector<DB::ActionsDAG::Node const*, std::allocator<DB::ActionsDAG::Node const*>> const&, DB::QueryPlanOptimizationSettings const&, std::list<DB::QueryPlan::Node, std::allocator<DB::QueryPlan::Node>>&, DB::LogicalJoinInfo&&) @ 0x0000000019d53290
7. src/Processors/QueryPlan/JoinStepLogical.cpp:1503:21: DB::JoinStepLogical::buildPhysicalJoin(DB::QueryPlan::Node&, DB::QueryPlanOptimizationSettings const&, std::list<DB::QueryPlan::Node, std::allocator<DB::QueryPlan::Node>>&) @ 0x0000000019d50630
8. src/Processors/QueryPlan/Optimizations/optimizeJoin.cpp:604:5: DB::QueryPlanOptimizations::convertLogicalJoinToPhysical(DB::QueryPlan::Node&, std::list<DB::QueryPlan::Node, std::allocator<DB::QueryPlan::Node>>&, DB::QueryPlanOptimizationSettings const&) @ 0x0000000019ee5ed8
9. src/Processors/QueryPlan/Optimizations/optimizeTree.cpp:284:13: DB::QueryPlanOptimizations::optimizeTreeSecondPass(DB::QueryPlanOptimizationSettings const&, DB::QueryPlan::Node&, std::list<DB::QueryPlan::Node, std::allocator<DB::QueryPlan::Node>>&, DB::QueryPlan&) @ 0x0000000019f286d4
10. src/Processors/QueryPlan/QueryPlan.cpp:803:5: DB::QueryPlan::optimize(DB::QueryPlanOptimizationSettings const&) @ 0x0000000019da1a24
11. src/Interpreters/InterpreterSelectQueryAnalyzer.cpp:413:16: DB::InterpreterSelectQueryAnalyzer::buildQueryPipeline() @ 0x0000000013d9e0b8
12. src/Interpreters/InterpreterSelectQueryAnalyzer.cpp:374:29: DB::InterpreterSelectQueryAnalyzer::execute() @ 0x0000000013d9dd90
13. src/Interpreters/executeQuery.cpp:1954:40: DB::executeQueryImpl(char const*, char const*, std::shared_ptr<DB::Context>, DB::QueryFlags, DB::QueryProcessingStage::Enum, std::unique_ptr<DB::ReadBuffer, std::default_delete<DB::ReadBuffer>>&, boost::intrusive_ptr<DB::IAST>&, std::shared_ptr<DB::ImplicitTransactionControlExecutor>, std::function<void ()>, DB::QueryResultDetails&) @ 0x0000000014165df4
14. src/Interpreters/executeQuery.cpp:2438:11: DB::executeQuery(std::basic_string_view<char, std::char_traits<char>>, std::shared_ptr<DB::Context>, DB::QueryFlags, DB::QueryProcessingStage::Enum) @ 0x0000000014161810
15. src/Server/TCPHandler.cpp:899:68: DB::TCPHandler::runImpl() @ 0x00000000196c8980
16. src/Server/TCPHandler.cpp:3354:9: DB::TCPHandler::run() @ 0x00000000196e6744
17. base/poco/Net/src/TCPServerConnection.cpp:40:3: Poco::Net::TCPServerConnection::start() @ 0x000000001e24b798
18. base/poco/Net/src/TCPServerDispatcher.cpp:115:42: Poco::Net::TCPServerDispatcher::run() @ 0x000000001e24bd58
19. base/poco/Foundation/src/ThreadPool.cpp:207:14: Poco::PooledThread::run() @ 0x000000001e20c498
20. base/poco/Foundation/src/Thread_POSIX.cpp:341:27: Poco::ThreadImpl::runnableEntry(void*) @ 0x000000001e20a7b4
21. ? @ 0x000000000008c248
22. ? @ 0x00000000000f6adc

2026.08.02 16:01:51.602938 [ 1080095 ] {} <Error> TCPHandler: Code: 48. DB::Exception: Only `hash` join supports multiple ORs for keys in JOIN ON section. (NOT_IMPLEMENTED), Stack trace (when copying this message, always include the lines below):

0. base/poco/Foundation/src/Exception.cpp:32:1: Poco::Exception::Exception(String&&, int) @ 0x000000001e1d1bb8
1. src/Common/Exception.cpp:158:7: DB::Exception::Exception(DB::Exception::MessageMasked&&, int, bool) @ 0x000000000eb8908c
2. src/Common/Exception.h:201:100: DB::Exception::Exception(String&&, int, String, bool) @ 0x0000000009979258
3. src/Common/Exception.h:57:54: DB::Exception::Exception(PreformattedMessage&&, int) @ 0x0000000009978c8c
4. src/Common/Exception.h:219:77: DB::Exception::Exception<>(int, FormatStringHelperImpl<>) @ 0x000000000eb87c14
5. src/Planner/PlannerJoins.cpp:1442:15: DB::chooseJoinAlgorithm(std::shared_ptr<DB::TableJoin>&, DB::PreparedJoinStorage const&, std::shared_ptr<DB::Block const>, std::shared_ptr<DB::Block const>, DB::JoinAlgorithmParams const&) @ 0x000000001356e13c
6. src/Processors/QueryPlan/JoinStepLogical.cpp:1411:31: DB::buildPhysicalJoinImpl(std::vector<DB::QueryPlan::Node*, std::allocator<DB::QueryPlan::Node*>>, DB::JoinOperator, DB::JoinExpressionActions, DB::JoinSettings, DB::JoinAlgorithmParams, DB::SortingStep::Settings, std::vector<DB::ActionsDAG::Node const*, std::allocator<DB::ActionsDAG::Node const*>> const&, DB::QueryPlanOptimizationSettings const&, std::list<DB::QueryPlan::Node, std::allocator<DB::QueryPlan::Node>>&, DB::LogicalJoinInfo&&) @ 0x0000000019d53290
7. src/Processors/QueryPlan/JoinStepLogical.cpp:1503:21: DB::JoinStepLogical::buildPhysicalJoin(DB::QueryPlan::Node&, DB::QueryPlanOptimizationSettings const&, std::list<DB::QueryPlan::Node, std::allocator<DB::QueryPlan::Node>>&) @ 0x0000000019d50630
8. src/Processors/QueryPlan/Optimizations/optimizeJoin.cpp:604:5: DB::QueryPlanOptimizations::convertLogicalJoinToPhysical(DB::QueryPlan::Node&, std::list<DB::QueryPlan::Node, std::allocator<DB::QueryPlan::Node>>&, DB::QueryPlanOptimizationSettings const&) @ 0x0000000019ee5ed8
9. src/Processors/QueryPlan/Optimizations/optimizeTree.cpp:284:13: DB::QueryPlanOptimizations::optimizeTreeSecondPass(DB::QueryPlanOptimizationSettings const&, DB::QueryPlan::Node&, std::list<DB::QueryPlan::Node, std::allocator<DB::QueryPlan::Node>>&, DB::QueryPlan&) @ 0x0000000019f286d4
10. src/Processors/QueryPlan/QueryPlan.cpp:803:5: DB::QueryPlan::optimize(DB::QueryPlanOptimizationSettings const&) @ 0x0000000019da1a24
11. src/Interpreters/InterpreterSelectQueryAnalyzer.cpp:413:16: DB::InterpreterSelectQueryAnalyzer::buildQueryPipeline() @ 0x0000000013d9e0b8
12. src/Interpreters/InterpreterSelectQueryAnalyzer.cpp:374:29: DB::InterpreterSelectQueryAnalyzer::execute() @ 0x0000000013d9dd90
13. src/Interpreters/executeQuery.cpp:1954:40: DB::executeQueryImpl(char const*, char const*, std::shared_ptr<DB::Context>, DB::QueryFlags, DB::QueryProcessingStage::Enum, std::unique_ptr<DB::ReadBuffer, std::default_delete<DB::ReadBuffer>>&, boost::intrusive_ptr<DB::IAST>&, std::shared_ptr<DB::ImplicitTransactionControlExecutor>, std::function<void ()>, DB::QueryResultDetails&) @ 0x0000000014165df4
14. src/Interpreters/executeQuery.cpp:2438:11: DB::executeQuery(std::basic_string_view<char, std::char_traits<char>>, std::shared_ptr<DB::Context>, DB::QueryFlags, DB::QueryProcessingStage::Enum) @ 0x0000000014161810
15. src/Server/TCPHandler.cpp:899:68: DB::TCPHandler::runImpl() @ 0x00000000196c8980
16. src/Server/TCPHandler.cpp:3354:9: DB::TCPHandler::run() @ 0x00000000196e6744
17. base/poco/Net/src/TCPServerConnection.cpp:40:3: Poco::Net::TCPServerConnection::start() @ 0x000000001e24b798
18. base/poco/Net/src/TCPServerDispatcher.cpp:115:42: Poco::Net::TCPServerDispatcher::run() @ 0x000000001e24bd58
19. base/poco/Foundation/src/ThreadPool.cpp:207:14: Poco::PooledThread::run() @ 0x000000001e20c498
20. base/poco/Foundation/src/Thread_POSIX.cpp:341:27: Poco::ThreadImpl::runnableEntry(void*) @ 0x000000001e20a7b4
21. ? @ 0x000000000008c248
22. ? @ 0x00000000000f6adc

2026.08.02 16:01:51.654494 [ 1080095 ] {1b78d47a-4c25-4f21-b093-e2c53ae63729} <Error> executeQuery: Code: 48. DB::Exception: Only `hash` join supports multiple ORs for keys in JOIN ON section. (NOT_IMPLEMENTED) (version 26.8.1.1) (from 127.0.0.1:57812) (query 1, line 1) (in query: SELECT l.k1,l.k2,l.v,r.k1,r.k2,r.w FROM av2.orl AS l FULL JOIN av2.orr AS r ON l.k1=r.k1 OR l.k2=r.k2 ORDER BY r.k1,r.k2,r.w,l.k1,l.k2,l.v SETTINGS join_algorithm='parallel_hash'), Stack trace (when copying this message, always include the lines below):

0. base/poco/Foundation/src/Exception.cpp:32:1: Poco::Exception::Exception(String&&, int) @ 0x000000001e1d1bb8
1. src/Common/Exception.cpp:158:7: DB::Exception::Exception(DB::Exception::MessageMasked&&, int, bool) @ 0x000000000eb8908c
2. src/Common/Exception.h:201:100: DB::Exception::Exception(String&&, int, String, bool) @ 0x0000000009979258
3. src/Common/Exception.h:57:54: DB::Exception::Exception(PreformattedMessage&&, int) @ 0x0000000009978c8c
4. src/Common/Exception.h:219:77: DB::Exception::Exception<>(int, FormatStringHelperImpl<>) @ 0x000000000eb87c14
5. src/Planner/PlannerJoins.cpp:1442:15: DB::chooseJoinAlgorithm(std::shared_ptr<DB::TableJoin>&, DB::PreparedJoinStorage const&, std::shared_ptr<DB::Block const>, std::shared_ptr<DB::Block const>, DB::JoinAlgorithmParams const&) @ 0x000000001356e13c
6. src/Processors/QueryPlan/JoinStepLogical.cpp:1411:31: DB::buildPhysicalJoinImpl(std::vector<DB::QueryPlan::Node*, std::allocator<DB::QueryPlan::Node*>>, DB::JoinOperator, DB::JoinExpressionActions, DB::JoinSettings, DB::JoinAlgorithmParams, DB::SortingStep::Settings, std::vector<DB::ActionsDAG::Node const*, std::allocator<DB::ActionsDAG::Node const*>> const&, DB::QueryPlanOptimizationSettings const&, std::list<DB::QueryPlan::Node, std::allocator<DB::QueryPlan::Node>>&, DB::LogicalJoinInfo&&) @ 0x0000000019d53290
7. src/Processors/QueryPlan/JoinStepLogical.cpp:1503:21: DB::JoinStepLogical::buildPhysicalJoin(DB::QueryPlan::Node&, DB::QueryPlanOptimizationSettings const&, std::list<DB::QueryPlan::Node, std::allocator<DB::QueryPlan::Node>>&) @ 0x0000000019d50630
8. src/Processors/QueryPlan/Optimizations/optimizeJoin.cpp:604:5: DB::QueryPlanOptimizations::convertLogicalJoinToPhysical(DB::QueryPlan::Node&, std::list<DB::QueryPlan::Node, std::allocator<DB::QueryPlan::Node>>&, DB::QueryPlanOptimizationSettings const&) @ 0x0000000019ee5ed8
9. src/Processors/QueryPlan/Optimizations/optimizeTree.cpp:284:13: DB::QueryPlanOptimizations::optimizeTreeSecondPass(DB::QueryPlanOptimizationSettings const&, DB::QueryPlan::Node&, std::list<DB::QueryPlan::Node, std::allocator<DB::QueryPlan::Node>>&, DB::QueryPlan&) @ 0x0000000019f286d4
10. src/Processors/QueryPlan/QueryPlan.cpp:803:5: DB::QueryPlan::optimize(DB::QueryPlanOptimizationSettings const&) @ 0x0000000019da1a24
11. src/Interpreters/InterpreterSelectQueryAnalyzer.cpp:413:16: DB::InterpreterSelectQueryAnalyzer::buildQueryPipeline() @ 0x0000000013d9e0b8
12. src/Interpreters/InterpreterSelectQueryAnalyzer.cpp:374:29: DB::InterpreterSelectQueryAnalyzer::execute() @ 0x0000000013d9dd90
13. src/Interpreters/executeQuery.cpp:1954:40: DB::executeQueryImpl(char const*, char const*, std::shared_ptr<DB::Context>, DB::QueryFlags, DB::QueryProcessingStage::Enum, std::unique_ptr<DB::ReadBuffer, std::default_delete<DB::ReadBuffer>>&, boost::intrusive_ptr<DB::IAST>&, std::shared_ptr<DB::ImplicitTransactionControlExecutor>, std::function<void ()>, DB::QueryResultDetails&) @ 0x0000000014165df4
14. src/Interpreters/executeQuery.cpp:2438:11: DB::executeQuery(std::basic_string_view<char, std::char_traits<char>>, std::shared_ptr<DB::Context>, DB::QueryFlags, DB::QueryProcessingStage::Enum) @ 0x0000000014161810
15. src/Server/TCPHandler.cpp:899:68: DB::TCPHandler::runImpl() @ 0x00000000196c8980
16. src/Server/TCPHandler.cpp:3354:9: DB::TCPHandler::run() @ 0x00000000196e6744
17. base/poco/Net/src/TCPServerConnection.cpp:40:3: Poco::Net::TCPServerConnection::start() @ 0x000000001e24b798
18. base/poco/Net/src/TCPServerDispatcher.cpp:115:42: Poco::Net::TCPServerDispatcher::run() @ 0x000000001e24bd58
19. base/poco/Foundation/src/ThreadPool.cpp:207:14: Poco::PooledThread::run() @ 0x000000001e20c498
20. base/poco/Foundation/src/Thread_POSIX.cpp:341:27: Poco::ThreadImpl::runnableEntry(void*) @ 0x000000001e20a7b4
21. ? @ 0x000000000008c248
22. ? @ 0x00000000000f6adc

2026.08.02 16:01:51.654632 [ 1080095 ] {} <Error> TCPHandler: Code: 48. DB::Exception: Only `hash` join supports multiple ORs for keys in JOIN ON section. (NOT_IMPLEMENTED), Stack trace (when copying this message, always include the lines below):

0. base/poco/Foundation/src/Exception.cpp:32:1: Poco::Exception::Exception(String&&, int) @ 0x000000001e1d1bb8
1. src/Common/Exception.cpp:158:7: DB::Exception::Exception(DB::Exception::MessageMasked&&, int, bool) @ 0x000000000eb8908c
2. src/Common/Exception.h:201:100: DB::Exception::Exception(String&&, int, String, bool) @ 0x0000000009979258
3. src/Common/Exception.h:57:54: DB::Exception::Exception(PreformattedMessage&&, int) @ 0x0000000009978c8c
4. src/Common/Exception.h:219:77: DB::Exception::Exception<>(int, FormatStringHelperImpl<>) @ 0x000000000eb87c14
5. src/Planner/PlannerJoins.cpp:1442:15: DB::chooseJoinAlgorithm(std::shared_ptr<DB::TableJoin>&, DB::PreparedJoinStorage const&, std::shared_ptr<DB::Block const>, std::shared_ptr<DB::Block const>, DB::JoinAlgorithmParams const&) @ 0x000000001356e13c
6. src/Processors/QueryPlan/JoinStepLogical.cpp:1411:31: DB::buildPhysicalJoinImpl(std::vector<DB::QueryPlan::Node*, std::allocator<DB::QueryPlan::Node*>>, DB::JoinOperator, DB::JoinExpressionActions, DB::JoinSettings, DB::JoinAlgorithmParams, DB::SortingStep::Settings, std::vector<DB::ActionsDAG::Node const*, std::allocator<DB::ActionsDAG::Node const*>> const&, DB::QueryPlanOptimizationSettings const&, std::list<DB::QueryPlan::Node, std::allocator<DB::QueryPlan::Node>>&, DB::LogicalJoinInfo&&) @ 0x0000000019d53290
7. src/Processors/QueryPlan/JoinStepLogical.cpp:1503:21: DB::JoinStepLogical::buildPhysicalJoin(DB::QueryPlan::Node&, DB::QueryPlanOptimizationSettings const&, std::list<DB::QueryPlan::Node, std::allocator<DB::QueryPlan::Node>>&) @ 0x0000000019d50630
8. src/Processors/QueryPlan/Optimizations/optimizeJoin.cpp:604:5: DB::QueryPlanOptimizations::convertLogicalJoinToPhysical(DB::QueryPlan::Node&, std::list<DB::QueryPlan::Node, std::allocator<DB::QueryPlan::Node>>&, DB::QueryPlanOptimizationSettings const&) @ 0x0000000019ee5ed8
9. src/Processors/QueryPlan/Optimizations/optimizeTree.cpp:284:13: DB::QueryPlanOptimizations::optimizeTreeSecondPass(DB::QueryPlanOptimizationSettings const&, DB::QueryPlan::Node&, std::list<DB::QueryPlan::Node, std::allocator<DB::QueryPlan::Node>>&, DB::QueryPlan&) @ 0x0000000019f286d4
10. src/Processors/QueryPlan/QueryPlan.cpp:803:5: DB::QueryPlan::optimize(DB::QueryPlanOptimizationSettings const&) @ 0x0000000019da1a24
11. src/Interpreters/InterpreterSelectQueryAnalyzer.cpp:413:16: DB::InterpreterSelectQueryAnalyzer::buildQueryPipeline() @ 0x0000000013d9e0b8
12. src/Interpreters/InterpreterSelectQueryAnalyzer.cpp:374:29: DB::InterpreterSelectQueryAnalyzer::execute() @ 0x0000000013d9dd90
13. src/Interpreters/executeQuery.cpp:1954:40: DB::executeQueryImpl(char const*, char const*, std::shared_ptr<DB::Context>, DB::QueryFlags, DB::QueryProcessingStage::Enum, std::unique_ptr<DB::ReadBuffer, std::default_delete<DB::ReadBuffer>>&, boost::intrusive_ptr<DB::IAST>&, std::shared_ptr<DB::ImplicitTransactionControlExecutor>, std::function<void ()>, DB::QueryResultDetails&) @ 0x0000000014165df4
14. src/Interpreters/executeQuery.cpp:2438:11: DB::executeQuery(std::basic_string_view<char, std::char_traits<char>>, std::shared_ptr<DB::Context>, DB::QueryFlags, DB::QueryProcessingStage::Enum) @ 0x0000000014161810
15. src/Server/TCPHandler.cpp:899:68: DB::TCPHandler::runImpl() @ 0x00000000196c8980
16. src/Server/TCPHandler.cpp:3354:9: DB::TCPHandler::run() @ 0x00000000196e6744
17. base/poco/Net/src/TCPServerConnection.cpp:40:3: Poco::Net::TCPServerConnection::start() @ 0x000000001e24b798
18. base/poco/Net/src/TCPServerDispatcher.cpp:115:42: Poco::Net::TCPServerDispatcher::run() @ 0x000000001e24bd58
19. base/poco/Foundation/src/ThreadPool.cpp:207:14: Poco::PooledThread::run() @ 0x000000001e20c498
20. base/poco/Foundation/src/Thread_POSIX.cpp:341:27: Poco::ThreadImpl::runnableEntry(void*) @ 0x000000001e20a7b4
21. ? @ 0x000000000008c248
22. ? @ 0x00000000000f6adc

2026.08.02 16:01:51.725500 [ 1080095 ] {42bce614-9732-4563-b137-c989743d8d3a} <Error> executeQuery: Code: 49. DB::Exception: Expected to have only one join clause, got 2: [Left keys: [__table2.k1] Right keys [__table1.k1] Condition columns: '', '' | Left keys: [__table2.k2] Right keys [__table1.k2] Condition columns: '', ''], query: ' INNER JOIN ...'. (LOGICAL_ERROR) (version 26.8.1.1) (from 127.0.0.1:57828) (query 1, line 1) (in query: SELECT l.k1,l.k2,l.v,r.k1,r.k2,r.w FROM av2.orl AS l FULL JOIN av2.orr AS r ON l.k1=r.k1 OR l.k2=r.k2 ORDER BY r.k1,r.k2,r.w,l.k1,l.k2,l.v SETTINGS join_algorithm='unified_hash'), Stack trace (when copying this message, always include the lines below):

0. base/poco/Foundation/src/Exception.cpp:32:1: Poco::Exception::Exception(String&&, int) @ 0x000000001e1d1bb8
1. src/Common/Exception.cpp:158:7: DB::Exception::Exception(DB::Exception::MessageMasked&&, int, bool) @ 0x000000000eb8908c
2. src/Common/Exception.h:201:100: DB::Exception::Exception(String&&, int, String, bool) @ 0x0000000009979258
3. src/Common/Exception.h:57:54: DB::Exception::Exception(PreformattedMessage&&, int) @ 0x0000000009978c8c
4. src/Common/Exception.h:219:77: DB::Exception::Exception<unsigned long, fmt::v12::join_view<std::__wrap_iter<String*>, std::__wrap_iter<String*>, char>, String>(int, FormatStringHelperImpl<std::type_identity<unsigned long>::type, std::type_identity<fmt::v12::join_view<std::__wrap_iter<String*>, std::__wrap_iter<String*>, char>>::type, std::type_identity<String>::type>, unsigned long&&, fmt::v12::join_view<std::__wrap_iter<String*>, std::__wrap_iter<String*>, char>&&, String&&) @ 0x0000000014097ee0
5. src/Interpreters/TableJoin.cpp:1216:15: DB::TableJoin::assertHasOneOnExpr() const @ 0x0000000014097cf8
6. src/Interpreters/TableJoin.h:363:38: DB::Unified::HashJoin::supportParallelNonJoinedBlocksProcessing() const @ 0x00000000165d9af4
7. src/QueryPipeline/QueryPipelineBuilder.cpp:578:42: DB::QueryPipelineBuilder::joinPipelinesRightLeft(std::unique_ptr<DB::QueryPipelineBuilder, std::default_delete<DB::QueryPipelineBuilder>>, std::unique_ptr<DB::QueryPipelineBuilder, std::default_delete<DB::QueryPipelineBuilder>>, std::shared_ptr<DB::IJoin>, std::shared_ptr<DB::Block const>&, unsigned long, unsigned long, unsigned long, unsigned long, DB::IQueryPlanStep*, bool, std::list<std::shared_ptr<DB::IProcessor>, std::allocator<std::shared_ptr<DB::IProcessor>>>*) @ 0x0000000012cf9f04
8. src/Processors/QueryPlan/JoinStep.cpp:160:31: DB::JoinStep::updatePipeline(std::vector<std::unique_ptr<DB::QueryPipelineBuilder, std::default_delete<DB::QueryPipelineBuilder>>, AllocatorWithMemoryTracking<std::unique_ptr<DB::QueryPipelineBuilder, std::default_delete<DB::QueryPipelineBuilder>>>>, DB::BuildQueryPipelineSettings const&) @ 0x0000000019d44500
9. src/Processors/QueryPlan/QueryPlan.cpp:260:47: DB::QueryPlan::buildQueryPipeline(DB::QueryPlanOptimizationSettings const&, DB::BuildQueryPipelineSettings const&, bool) @ 0x0000000019da12c8
10. src/Interpreters/InterpreterSelectQueryAnalyzer.cpp:416:34: DB::InterpreterSelectQueryAnalyzer::buildQueryPipeline() @ 0x0000000013d9e0e0
11. src/Interpreters/InterpreterSelectQueryAnalyzer.cpp:374:29: DB::InterpreterSelectQueryAnalyzer::execute() @ 0x0000000013d9dd90
12. src/Interpreters/executeQuery.cpp:1954:40: DB::executeQueryImpl(char const*, char const*, std::shared_ptr<DB::Context>, DB::QueryFlags, DB::QueryProcessingStage::Enum, std::unique_ptr<DB::ReadBuffer, std::default_delete<DB::ReadBuffer>>&, boost::intrusive_ptr<DB::IAST>&, std::shared_ptr<DB::ImplicitTransactionControlExecutor>, std::function<void ()>, DB::QueryResultDetails&) @ 0x0000000014165df4
13. src/Interpreters/executeQuery.cpp:2438:11: DB::executeQuery(std::basic_string_view<char, std::char_traits<char>>, std::shared_ptr<DB::Context>, DB::QueryFlags, DB::QueryProcessingStage::Enum) @ 0x0000000014161810
14. src/Server/TCPHandler.cpp:899:68: DB::TCPHandler::runImpl() @ 0x00000000196c8980
15. src/Server/TCPHandler.cpp:3354:9: DB::TCPHandler::run() @ 0x00000000196e6744
16. base/poco/Net/src/TCPServerConnection.cpp:40:3: Poco::Net::TCPServerConnection::start() @ 0x000000001e24b798
17. base/poco/Net/src/TCPServerDispatcher.cpp:115:42: Poco::Net::TCPServerDispatcher::run() @ 0x000000001e24bd58
18. base/poco/Foundation/src/ThreadPool.cpp:207:14: Poco::PooledThread::run() @ 0x000000001e20c498
19. base/poco/Foundation/src/Thread_POSIX.cpp:341:27: Poco::ThreadImpl::runnableEntry(void*) @ 0x000000001e20a7b4
20. ? @ 0x000000000008c248
21. ? @ 0x00000000000f6adc

2026.08.02 16:01:51.725604 [ 1080095 ] {42bce614-9732-4563-b137-c989743d8d3a} <Error> ForcedCriticalErrorsLogger: Code: 49. DB::Exception: Expected to have only one join clause, got 2: [Left keys: [__table2.k1] Right keys [__table1.k1] Condition columns: '', '' | Left keys: [__table2.k2] Right keys [__table1.k2] Condition columns: '', ''], query: ' INNER JOIN ...'. (LOGICAL_ERROR), Stack trace (when copying this message, always include the lines below):

0. base/poco/Foundation/src/Exception.cpp:32:1: Poco::Exception::Exception(String&&, int) @ 0x000000001e1d1bb8
1. src/Common/Exception.cpp:158:7: DB::Exception::Exception(DB::Exception::MessageMasked&&, int, bool) @ 0x000000000eb8908c
2. src/Common/Exception.h:201:100: DB::Exception::Exception(String&&, int, String, bool) @ 0x0000000009979258
3. src/Common/Exception.h:57:54: DB::Exception::Exception(PreformattedMessage&&, int) @ 0x0000000009978c8c
4. src/Common/Exception.h:219:77: DB::Exception::Exception<unsigned long, fmt::v12::join_view<std::__wrap_iter<String*>, std::__wrap_iter<String*>, char>, String>(int, FormatStringHelperImpl<std::type_identity<unsigned long>::type, std::type_identity<fmt::v12::join_view<std::__wrap_iter<String*>, std::__wrap_iter<String*>, char>>::type, std::type_identity<String>::type>, unsigned long&&, fmt::v12::join_view<std::__wrap_iter<String*>, std::__wrap_iter<String*>, char>&&, String&&) @ 0x0000000014097ee0
5. src/Interpreters/TableJoin.cpp:1216:15: DB::TableJoin::assertHasOneOnExpr() const @ 0x0000000014097cf8
6. src/Interpreters/TableJoin.h:363:38: DB::Unified::HashJoin::supportParallelNonJoinedBlocksProcessing() const @ 0x00000000165d9af4
7. src/QueryPipeline/QueryPipelineBuilder.cpp:578:42: DB::QueryPipelineBuilder::joinPipelinesRightLeft(std::unique_ptr<DB::QueryPipelineBuilder, std::default_delete<DB::QueryPipelineBuilder>>, std::unique_ptr<DB::QueryPipelineBuilder, std::default_delete<DB::QueryPipelineBuilder>>, std::shared_ptr<DB::IJoin>, std::shared_ptr<DB::Block const>&, unsigned long, unsigned long, unsigned long, unsigned long, DB::IQueryPlanStep*, bool, std::list<std::shared_ptr<DB::IProcessor>, std::allocator<std::shared_ptr<DB::IProcessor>>>*) @ 0x0000000012cf9f04
8. src/Processors/QueryPlan/JoinStep.cpp:160:31: DB::JoinStep::updatePipeline(std::vector<std::unique_ptr<DB::QueryPipelineBuilder, std::default_delete<DB::QueryPipelineBuilder>>, AllocatorWithMemoryTracking<std::unique_ptr<DB::QueryPipelineBuilder, std::default_delete<DB::QueryPipelineBuilder>>>>, DB::BuildQueryPipelineSettings const&) @ 0x0000000019d44500
9. src/Processors/QueryPlan/QueryPlan.cpp:260:47: DB::QueryPlan::buildQueryPipeline(DB::QueryPlanOptimizationSettings const&, DB::BuildQueryPipelineSettings const&, bool) @ 0x0000000019da12c8
10. src/Interpreters/InterpreterSelectQueryAnalyzer.cpp:416:34: DB::InterpreterSelectQueryAnalyzer::buildQueryPipeline() @ 0x0000000013d9e0e0
11. src/Interpreters/InterpreterSelectQueryAnalyzer.cpp:374:29: DB::InterpreterSelectQueryAnalyzer::execute() @ 0x0000000013d9dd90
12. src/Interpreters/executeQuery.cpp:1954:40: DB::executeQueryImpl(char const*, char const*, std::shared_ptr<DB::Context>, DB::QueryFlags, DB::QueryProcessingStage::Enum, std::unique_ptr<DB::ReadBuffer, std::default_delete<DB::ReadBuffer>>&, boost::intrusive_ptr<DB::IAST>&, std::shared_ptr<DB::ImplicitTransactionControlExecutor>, std::function<void ()>, DB::QueryResultDetails&) @ 0x0000000014165df4
13. src/Interpreters/executeQuery.cpp:2438:11: DB::executeQuery(std::basic_string_view<char, std::char_traits<char>>, std::shared_ptr<DB::Context>, DB::QueryFlags, DB::QueryProcessingStage::Enum) @ 0x0000000014161810
14. src/Server/TCPHandler.cpp:899:68: DB::TCPHandler::runImpl() @ 0x00000000196c8980
15. src/Server/TCPHandler.cpp:3354:9: DB::TCPHandler::run() @ 0x00000000196e6744
16. base/poco/Net/src/TCPServerConnection.cpp:40:3: Poco::Net::TCPServerConnection::start() @ 0x000000001e24b798
17. base/poco/Net/src/TCPServerDispatcher.cpp:115:42: Poco::Net::TCPServerDispatcher::run() @ 0x000000001e24bd58
18. base/poco/Foundation/src/ThreadPool.cpp:207:14: Poco::PooledThread::run() @ 0x000000001e20c498
19. base/poco/Foundation/src/Thread_POSIX.cpp:341:27: Poco::ThreadImpl::runnableEntry(void*) @ 0x000000001e20a7b4
20. ? @ 0x000000000008c248
21. ? @ 0x00000000000f6adc

2026.08.02 16:01:51.725621 [ 1080095 ] {42bce614-9732-4563-b137-c989743d8d3a} <Error> ForcedCriticalErrorsLogger: Code: 49. DB::Exception: Expected to have only one join clause, got 2: [Left keys: [__table2.k1] Right keys [__table1.k1] Condition columns: '', '' | Left keys: [__table2.k2] Right keys [__table1.k2] Condition columns: '', ''], query: ' INNER JOIN ...'. (LOGICAL_ERROR), Stack trace (when copying this message, always include the lines below):

0. base/poco/Foundation/src/Exception.cpp:32:1: Poco::Exception::Exception(String&&, int) @ 0x000000001e1d1bb8
1. src/Common/Exception.cpp:158:7: DB::Exception::Exception(DB::Exception::MessageMasked&&, int, bool) @ 0x000000000eb8908c
2. src/Common/Exception.h:201:100: DB::Exception::Exception(String&&, int, String, bool) @ 0x0000000009979258
3. src/Common/Exception.h:57:54: DB::Exception::Exception(PreformattedMessage&&, int) @ 0x0000000009978c8c
4. src/Common/Exception.h:219:77: DB::Exception::Exception<unsigned long, fmt::v12::join_view<std::__wrap_iter<String*>, std::__wrap_iter<String*>, char>, String>(int, FormatStringHelperImpl<std::type_identity<unsigned long>::type, std::type_identity<fmt::v12::join_view<std::__wrap_iter<String*>, std::__wrap_iter<String*>, char>>::type, std::type_identity<String>::type>, unsigned long&&, fmt::v12::join_view<std::__wrap_iter<String*>, std::__wrap_iter<String*>, char>&&, String&&) @ 0x0000000014097ee0
5. src/Interpreters/TableJoin.cpp:1216:15: DB::TableJoin::assertHasOneOnExpr() const @ 0x0000000014097cf8
6. src/Interpreters/TableJoin.h:363:38: DB::Unified::HashJoin::supportParallelNonJoinedBlocksProcessing() const @ 0x00000000165d9af4
7. src/QueryPipeline/QueryPipelineBuilder.cpp:578:42: DB::QueryPipelineBuilder::joinPipelinesRightLeft(std::unique_ptr<DB::QueryPipelineBuilder, std::default_delete<DB::QueryPipelineBuilder>>, std::unique_ptr<DB::QueryPipelineBuilder, std::default_delete<DB::QueryPipelineBuilder>>, std::shared_ptr<DB::IJoin>, std::shared_ptr<DB::Block const>&, unsigned long, unsigned long, unsigned long, unsigned long, DB::IQueryPlanStep*, bool, std::list<std::shared_ptr<DB::IProcessor>, std::allocator<std::shared_ptr<DB::IProcessor>>>*) @ 0x0000000012cf9f04
8. src/Processors/QueryPlan/JoinStep.cpp:160:31: DB::JoinStep::updatePipeline(std::vector<std::unique_ptr<DB::QueryPipelineBuilder, std::default_delete<DB::QueryPipelineBuilder>>, AllocatorWithMemoryTracking<std::unique_ptr<DB::QueryPipelineBuilder, std::default_delete<DB::QueryPipelineBuilder>>>>, DB::BuildQueryPipelineSettings const&) @ 0x0000000019d44500
9. src/Processors/QueryPlan/QueryPlan.cpp:260:47: DB::QueryPlan::buildQueryPipeline(DB::QueryPlanOptimizationSettings const&, DB::BuildQueryPipelineSettings const&, bool) @ 0x0000000019da12c8
10. src/Interpreters/InterpreterSelectQueryAnalyzer.cpp:416:34: DB::InterpreterSelectQueryAnalyzer::buildQueryPipeline() @ 0x0000000013d9e0e0
11. src/Interpreters/InterpreterSelectQueryAnalyzer.cpp:374:29: DB::InterpreterSelectQueryAnalyzer::execute() @ 0x0000000013d9dd90
12. src/Interpreters/executeQuery.cpp:1954:40: DB::executeQueryImpl(char const*, char const*, std::shared_ptr<DB::Context>, DB::QueryFlags, DB::QueryProcessingStage::Enum, std::unique_ptr<DB::ReadBuffer, std::default_delete<DB::ReadBuffer>>&, boost::intrusive_ptr<DB::IAST>&, std::shared_ptr<DB::ImplicitTransactionControlExecutor>, std::function<void ()>, DB::QueryResultDetails&) @ 0x0000000014165df4
13. src/Interpreters/executeQuery.cpp:2438:11: DB::executeQuery(std::basic_string_view<char, std::char_traits<char>>, std::shared_ptr<DB::Context>, DB::QueryFlags, DB::QueryProcessingStage::Enum) @ 0x0000000014161810
14. src/Server/TCPHandler.cpp:899:68: DB::TCPHandler::runImpl() @ 0x00000000196c8980
15. src/Server/TCPHandler.cpp:3354:9: DB::TCPHandler::run() @ 0x00000000196e6744
16. base/poco/Net/src/TCPServerConnection.cpp:40:3: Poco::Net::TCPServerConnection::start() @ 0x000000001e24b798
17. base/poco/Net/src/TCPServerDispatcher.cpp:115:42: Poco::Net::TCPServerDispatcher::run() @ 0x000000001e24bd58
18. base/poco/Foundation/src/ThreadPool.cpp:207:14: Poco::PooledThread::run() @ 0x000000001e20c498
19. base/poco/Foundation/src/Thread_POSIX.cpp:341:27: Poco::ThreadImpl::runnableEntry(void*) @ 0x000000001e20a7b4
20. ? @ 0x000000000008c248
21. ? @ 0x00000000000f6adc

2026.08.02 16:01:51.725689 [ 1080095 ] {} <Error> TCPHandler: Code: 49. DB::Exception: Expected to have only one join clause, got 2: [Left keys: [__table2.k1] Right keys [__table1.k1] Condition columns: '', '' | Left keys: [__table2.k2] Right keys [__table1.k2] Condition columns: '', ''], query: ' INNER JOIN ...'. (LOGICAL_ERROR), Stack trace (when copying this message, always include the lines below):

0. base/poco/Foundation/src/Exception.cpp:32:1: Poco::Exception::Exception(String&&, int) @ 0x000000001e1d1bb8
1. src/Common/Exception.cpp:158:7: DB::Exception::Exception(DB::Exception::MessageMasked&&, int, bool) @ 0x000000000eb8908c
2. src/Common/Exception.h:201:100: DB::Exception::Exception(String&&, int, String, bool) @ 0x0000000009979258
3. src/Common/Exception.h:57:54: DB::Exception::Exception(PreformattedMessage&&, int) @ 0x0000000009978c8c
4. src/Common/Exception.h:219:77: DB::Exception::Exception<unsigned long, fmt::v12::join_view<std::__wrap_iter<String*>, std::__wrap_iter<String*>, char>, String>(int, FormatStringHelperImpl<std::type_identity<unsigned long>::type, std::type_identity<fmt::v12::join_view<std::__wrap_iter<String*>, std::__wrap_iter<String*>, char>>::type, std::type_identity<String>::type>, unsigned long&&, fmt::v12::join_view<std::__wrap_iter<String*>, std::__wrap_iter<String*>, char>&&, String&&) @ 0x0000000014097ee0
5. src/Interpreters/TableJoin.cpp:1216:15: DB::TableJoin::assertHasOneOnExpr() const @ 0x0000000014097cf8
6. src/Interpreters/TableJoin.h:363:38: DB::Unified::HashJoin::supportParallelNonJoinedBlocksProcessing() const @ 0x00000000165d9af4
7. src/QueryPipeline/QueryPipelineBuilder.cpp:578:42: DB::QueryPipelineBuilder::joinPipelinesRightLeft(std::unique_ptr<DB::QueryPipelineBuilder, std::default_delete<DB::QueryPipelineBuilder>>, std::unique_ptr<DB::QueryPipelineBuilder, std::default_delete<DB::QueryPipelineBuilder>>, std::shared_ptr<DB::IJoin>, std::shared_ptr<DB::Block const>&, unsigned long, unsigned long, unsigned long, unsigned long, DB::IQueryPlanStep*, bool, std::list<std::shared_ptr<DB::IProcessor>, std::allocator<std::shared_ptr<DB::IProcessor>>>*) @ 0x0000000012cf9f04
8. src/Processors/QueryPlan/JoinStep.cpp:160:31: DB::JoinStep::updatePipeline(std::vector<std::unique_ptr<DB::QueryPipelineBuilder, std::default_delete<DB::QueryPipelineBuilder>>, AllocatorWithMemoryTracking<std::unique_ptr<DB::QueryPipelineBuilder, std::default_delete<DB::QueryPipelineBuilder>>>>, DB::BuildQueryPipelineSettings const&) @ 0x0000000019d44500
9. src/Processors/QueryPlan/QueryPlan.cpp:260:47: DB::QueryPlan::buildQueryPipeline(DB::QueryPlanOptimizationSettings const&, DB::BuildQueryPipelineSettings const&, bool) @ 0x0000000019da12c8
10. src/Interpreters/InterpreterSelectQueryAnalyzer.cpp:416:34: DB::InterpreterSelectQueryAnalyzer::buildQueryPipeline() @ 0x0000000013d9e0e0
11. src/Interpreters/InterpreterSelectQueryAnalyzer.cpp:374:29: DB::InterpreterSelectQueryAnalyzer::execute() @ 0x0000000013d9dd90
12. src/Interpreters/executeQuery.cpp:1954:40: DB::executeQueryImpl(char const*, char const*, std::shared_ptr<DB::Context>, DB::QueryFlags, DB::QueryProcessingStage::Enum, std::unique_ptr<DB::ReadBuffer, std::default_delete<DB::ReadBuffer>>&, boost::intrusive_ptr<DB::IAST>&, std::shared_ptr<DB::ImplicitTransactionControlExecutor>, std::function<void ()>, DB::QueryResultDetails&) @ 0x0000000014165df4
13. src/Interpreters/executeQuery.cpp:2438:11: DB::executeQuery(std::basic_string_view<char, std::char_traits<char>>, std::shared_ptr<DB::Context>, DB::QueryFlags, DB::QueryProcessingStage::Enum) @ 0x0000000014161810
14. src/Server/TCPHandler.cpp:899:68: DB::TCPHandler::runImpl() @ 0x00000000196c8980
15. src/Server/TCPHandler.cpp:3354:9: DB::TCPHandler::run() @ 0x00000000196e6744
16. base/poco/Net/src/TCPServerConnection.cpp:40:3: Poco::Net::TCPServerConnection::start() @ 0x000000001e24b798
17. base/poco/Net/src/TCPServerDispatcher.cpp:115:42: Poco::Net::TCPServerDispatcher::run() @ 0x000000001e24bd58
18. base/poco/Foundation/src/ThreadPool.cpp:207:14: Poco::PooledThread::run() @ 0x000000001e20c498
19. base/poco/Foundation/src/Thread_POSIX.cpp:341:27: Poco::ThreadImpl::runnableEntry(void*) @ 0x000000001e20a7b4
20. ? @ 0x000000000008c248
21. ? @ 0x00000000000f6adc

2026.08.02 16:01:51.725704 [ 1080095 ] {} <Error> ForcedCriticalErrorsLogger: Code: 49. DB::Exception: Expected to have only one join clause, got 2: [Left keys: [__table2.k1] Right keys [__table1.k1] Condition columns: '', '' | Left keys: [__table2.k2] Right keys [__table1.k2] Condition columns: '', ''], query: ' INNER JOIN ...'. (LOGICAL_ERROR), Stack trace (when copying this message, always include the lines below):

0. base/poco/Foundation/src/Exception.cpp:32:1: Poco::Exception::Exception(String&&, int) @ 0x000000001e1d1bb8
1. src/Common/Exception.cpp:158:7: DB::Exception::Exception(DB::Exception::MessageMasked&&, int, bool) @ 0x000000000eb8908c
2. src/Common/Exception.h:201:100: DB::Exception::Exception(String&&, int, String, bool) @ 0x0000000009979258
3. src/Common/Exception.h:57:54: DB::Exception::Exception(PreformattedMessage&&, int) @ 0x0000000009978c8c
4. src/Common/Exception.h:219:77: DB::Exception::Exception<unsigned long, fmt::v12::join_view<std::__wrap_iter<String*>, std::__wrap_iter<String*>, char>, String>(int, FormatStringHelperImpl<std::type_identity<unsigned long>::type, std::type_identity<fmt::v12::join_view<std::__wrap_iter<String*>, std::__wrap_iter<String*>, char>>::type, std::type_identity<String>::type>, unsigned long&&, fmt::v12::join_view<std::__wrap_iter<String*>, std::__wrap_iter<String*>, char>&&, String&&) @ 0x0000000014097ee0
5. src/Interpreters/TableJoin.cpp:1216:15: DB::TableJoin::assertHasOneOnExpr() const @ 0x0000000014097cf8
6. src/Interpreters/TableJoin.h:363:38: DB::Unified::HashJoin::supportParallelNonJoinedBlocksProcessing() const @ 0x00000000165d9af4
7. src/QueryPipeline/QueryPipelineBuilder.cpp:578:42: DB::QueryPipelineBuilder::joinPipelinesRightLeft(std::unique_ptr<DB::QueryPipelineBuilder, std::default_delete<DB::QueryPipelineBuilder>>, std::unique_ptr<DB::QueryPipelineBuilder, std::default_delete<DB::QueryPipelineBuilder>>, std::shared_ptr<DB::IJoin>, std::shared_ptr<DB::Block const>&, unsigned long, unsigned long, unsigned long, unsigned long, DB::IQueryPlanStep*, bool, std::list<std::shared_ptr<DB::IProcessor>, std::allocator<std::shared_ptr<DB::IProcessor>>>*) @ 0x0000000012cf9f04
8. src/Processors/QueryPlan/JoinStep.cpp:160:31: DB::JoinStep::updatePipeline(std::vector<std::unique_ptr<DB::QueryPipelineBuilder, std::default_delete<DB::QueryPipelineBuilder>>, AllocatorWithMemoryTracking<std::unique_ptr<DB::QueryPipelineBuilder, std::default_delete<DB::QueryPipelineBuilder>>>>, DB::BuildQueryPipelineSettings const&) @ 0x0000000019d44500
9. src/Processors/QueryPlan/QueryPlan.cpp:260:47: DB::QueryPlan::buildQueryPipeline(DB::QueryPlanOptimizationSettings const&, DB::BuildQueryPipelineSettings const&, bool) @ 0x0000000019da12c8
10. src/Interpreters/InterpreterSelectQueryAnalyzer.cpp:416:34: DB::InterpreterSelectQueryAnalyzer::buildQueryPipeline() @ 0x0000000013d9e0e0
11. src/Interpreters/InterpreterSelectQueryAnalyzer.cpp:374:29: DB::InterpreterSelectQueryAnalyzer::execute() @ 0x0000000013d9dd90
12. src/Interpreters/executeQuery.cpp:1954:40: DB::executeQueryImpl(char const*, char const*, std::shared_ptr<DB::Context>, DB::QueryFlags, DB::QueryProcessingStage::Enum, std::unique_ptr<DB::ReadBuffer, std::default_delete<DB::ReadBuffer>>&, boost::intrusive_ptr<DB::IAST>&, std::shared_ptr<DB::ImplicitTransactionControlExecutor>, std::function<void ()>, DB::QueryResultDetails&) @ 0x0000000014165df4
13. src/Interpreters/executeQuery.cpp:2438:11: DB::executeQuery(std::basic_string_view<char, std::char_traits<char>>, std::shared_ptr<DB::Context>, DB::QueryFlags, DB::QueryProcessingStage::Enum) @ 0x0000000014161810
14. src/Server/TCPHandler.cpp:899:68: DB::TCPHandler::runImpl() @ 0x00000000196c8980
15. src/Server/TCPHandler.cpp:3354:9: DB::TCPHandler::run() @ 0x00000000196e6744
16. base/poco/Net/src/TCPServerConnection.cpp:40:3: Poco::Net::TCPServerConnection::start() @ 0x000000001e24b798
17. base/poco/Net/src/TCPServerDispatcher.cpp:115:42: Poco::Net::TCPServerDispatcher::run() @ 0x000000001e24bd58
18. base/poco/Foundation/src/ThreadPool.cpp:207:14: Poco::PooledThread::run() @ 0x000000001e20c498
19. base/poco/Foundation/src/Thread_POSIX.cpp:341:27: Poco::ThreadImpl::runnableEntry(void*) @ 0x000000001e20a7b4
20. ? @ 0x000000000008c248
21. ? @ 0x00000000000f6adc

2026.08.02 16:01:51.853466 [ 1080095 ] {dd74bd68-c180-4ef7-a365-56aef658020b} <Error> executeQuery: Code: 49. DB::Exception: Expected to have only one join clause, got 2: [Left keys: [__table2.k1] Right keys [__table1.k1] Condition columns: '', '' | Left keys: [__table2.k2] Right keys [__table1.k2] Condition columns: '', ''], query: ' INNER JOIN ...'. (LOGICAL_ERROR) (version 26.8.1.1) (from 127.0.0.1:57834) (query 1, line 1) (in query: SELECT l.k1,l.k2,l.v,r.k1,r.k2,r.w FROM av2.orl AS l FULL JOIN av2.orr AS r ON l.k1=r.k1 OR l.k2=r.k2 ORDER BY r.k1,r.k2,r.w,l.k1,l.k2,l.v SETTINGS join_algorithm='unified_hash'), Stack trace (when copying this message, always include the lines below):

0. base/poco/Foundation/src/Exception.cpp:32:1: Poco::Exception::Exception(String&&, int) @ 0x000000001e1d1bb8
1. src/Common/Exception.cpp:158:7: DB::Exception::Exception(DB::Exception::MessageMasked&&, int, bool) @ 0x000000000eb8908c
2. src/Common/Exception.h:201:100: DB::Exception::Exception(String&&, int, String, bool) @ 0x0000000009979258
3. src/Common/Exception.h:57:54: DB::Exception::Exception(PreformattedMessage&&, int) @ 0x0000000009978c8c
4. src/Common/Exception.h:219:77: DB::Exception::Exception<unsigned long, fmt::v12::join_view<std::__wrap_iter<String*>, std::__wrap_iter<String*>, char>, String>(int, FormatStringHelperImpl<std::type_identity<unsigned long>::type, std::type_identity<fmt::v12::join_view<std::__wrap_iter<String*>, std::__wrap_iter<String*>, char>>::type, std::type_identity<String>::type>, unsigned long&&, fmt::v12::join_view<std::__wrap_iter<String*>, std::__wrap_iter<String*>, char>&&, String&&) @ 0x0000000014097ee0
5. src/Interpreters/TableJoin.cpp:1216:15: DB::TableJoin::assertHasOneOnExpr() const @ 0x0000000014097cf8
6. src/Interpreters/TableJoin.h:363:38: DB::Unified::HashJoin::supportParallelNonJoinedBlocksProcessing() const @ 0x00000000165d9af4
7. src/QueryPipeline/QueryPipelineBuilder.cpp:578:42: DB::QueryPipelineBuilder::joinPipelinesRightLeft(std::unique_ptr<DB::QueryPipelineBuilder, std::default_delete<DB::QueryPipelineBuilder>>, std::unique_ptr<DB::QueryPipelineBuilder, std::default_delete<DB::QueryPipelineBuilder>>, std::shared_ptr<DB::IJoin>, std::shared_ptr<DB::Block const>&, unsigned long, unsigned long, unsigned long, unsigned long, DB::IQueryPlanStep*, bool, std::list<std::shared_ptr<DB::IProcessor>, std::allocator<std::shared_ptr<DB::IProcessor>>>*) @ 0x0000000012cf9f04
8. src/Processors/QueryPlan/JoinStep.cpp:160:31: DB::JoinStep::updatePipeline(std::vector<std::unique_ptr<DB::QueryPipelineBuilder, std::default_delete<DB::QueryPipelineBuilder>>, AllocatorWithMemoryTracking<std::unique_ptr<DB::QueryPipelineBuilder, std::default_delete<DB::QueryPipelineBuilder>>>>, DB::BuildQueryPipelineSettings const&) @ 0x0000000019d44500
9. src/Processors/QueryPlan/QueryPlan.cpp:260:47: DB::QueryPlan::buildQueryPipeline(DB::QueryPlanOptimizationSettings const&, DB::BuildQueryPipelineSettings const&, bool) @ 0x0000000019da12c8
10. src/Interpreters/InterpreterSelectQueryAnalyzer.cpp:416:34: DB::InterpreterSelectQueryAnalyzer::buildQueryPipeline() @ 0x0000000013d9e0e0
11. src/Interpreters/InterpreterSelectQueryAnalyzer.cpp:374:29: DB::InterpreterSelectQueryAnalyzer::execute() @ 0x0000000013d9dd90
12. src/Interpreters/executeQuery.cpp:1954:40: DB::executeQueryImpl(char const*, char const*, std::shared_ptr<DB::Context>, DB::QueryFlags, DB::QueryProcessingStage::Enum, std::unique_ptr<DB::ReadBuffer, std::default_delete<DB::ReadBuffer>>&, boost::intrusive_ptr<DB::IAST>&, std::shared_ptr<DB::ImplicitTransactionControlExecutor>, std::function<void ()>, DB::QueryResultDetails&) @ 0x0000000014165df4
13. src/Interpreters/executeQuery.cpp:2438:11: DB::executeQuery(std::basic_string_view<char, std::char_traits<char>>, std::shared_ptr<DB::Context>, DB::QueryFlags, DB::QueryProcessingStage::Enum) @ 0x0000000014161810
14. src/Server/TCPHandler.cpp:899:68: DB::TCPHandler::runImpl() @ 0x00000000196c8980
15. src/Server/TCPHandler.cpp:3354:9: DB::TCPHandler::run() @ 0x00000000196e6744
16. base/poco/Net/src/TCPServerConnection.cpp:40:3: Poco::Net::TCPServerConnection::start() @ 0x000000001e24b798
17. base/poco/Net/src/TCPServerDispatcher.cpp:115:42: Poco::Net::TCPServerDispatcher::run() @ 0x000000001e24bd58
18. base/poco/Foundation/src/ThreadPool.cpp:207:14: Poco::PooledThread::run() @ 0x000000001e20c498
19. base/poco/Foundation/src/Thread_POSIX.cpp:341:27: Poco::ThreadImpl::runnableEntry(void*) @ 0x000000001e20a7b4
20. ? @ 0x000000000008c248
21. ? @ 0x00000000000f6adc

2026.08.02 16:01:51.853555 [ 1080095 ] {dd74bd68-c180-4ef7-a365-56aef658020b} <Error> ForcedCriticalErrorsLogger: Code: 49. DB::Exception: Expected to have only one join clause, got 2: [Left keys: [__table2.k1] Right keys [__table1.k1] Condition columns: '', '' | Left keys: [__table2.k2] Right keys [__table1.k2] Condition columns: '', ''], query: ' INNER JOIN ...'. (LOGICAL_ERROR), Stack trace (when copying this message, always include the lines below):

0. base/poco/Foundation/src/Exception.cpp:32:1: Poco::Exception::Exception(String&&, int) @ 0x000000001e1d1bb8
1. src/Common/Exception.cpp:158:7: DB::Exception::Exception(DB::Exception::MessageMasked&&, int, bool) @ 0x000000000eb8908c
2. src/Common/Exception.h:201:100: DB::Exception::Exception(String&&, int, String, bool) @ 0x0000000009979258
3. src/Common/Exception.h:57:54: DB::Exception::Exception(PreformattedMessage&&, int) @ 0x0000000009978c8c
4. src/Common/Exception.h:219:77: DB::Exception::Exception<unsigned long, fmt::v12::join_view<std::__wrap_iter<String*>, std::__wrap_iter<String*>, char>, String>(int, FormatStringHelperImpl<std::type_identity<unsigned long>::type, std::type_identity<fmt::v12::join_view<std::__wrap_iter<String*>, std::__wrap_iter<String*>, char>>::type, std::type_identity<String>::type>, unsigned long&&, fmt::v12::join_view<std::__wrap_iter<String*>, std::__wrap_iter<String*>, char>&&, String&&) @ 0x0000000014097ee0
5. src/Interpreters/TableJoin.cpp:1216:15: DB::TableJoin::assertHasOneOnExpr() const @ 0x0000000014097cf8
6. src/Interpreters/TableJoin.h:363:38: DB::Unified::HashJoin::supportParallelNonJoinedBlocksProcessing() const @ 0x00000000165d9af4
7. src/QueryPipeline/QueryPipelineBuilder.cpp:578:42: DB::QueryPipelineBuilder::joinPipelinesRightLeft(std::unique_ptr<DB::QueryPipelineBuilder, std::default_delete<DB::QueryPipelineBuilder>>, std::unique_ptr<DB::QueryPipelineBuilder, std::default_delete<DB::QueryPipelineBuilder>>, std::shared_ptr<DB::IJoin>, std::shared_ptr<DB::Block const>&, unsigned long, unsigned long, unsigned long, unsigned long, DB::IQueryPlanStep*, bool, std::list<std::shared_ptr<DB::IProcessor>, std::allocator<std::shared_ptr<DB::IProcessor>>>*) @ 0x0000000012cf9f04
8. src/Processors/QueryPlan/JoinStep.cpp:160:31: DB::JoinStep::updatePipeline(std::vector<std::unique_ptr<DB::QueryPipelineBuilder, std::default_delete<DB::QueryPipelineBuilder>>, AllocatorWithMemoryTracking<std::unique_ptr<DB::QueryPipelineBuilder, std::default_delete<DB::QueryPipelineBuilder>>>>, DB::BuildQueryPipelineSettings const&) @ 0x0000000019d44500
9. src/Processors/QueryPlan/QueryPlan.cpp:260:47: DB::QueryPlan::buildQueryPipeline(DB::QueryPlanOptimizationSettings const&, DB::BuildQueryPipelineSettings const&, bool) @ 0x0000000019da12c8
10. src/Interpreters/InterpreterSelectQueryAnalyzer.cpp:416:34: DB::InterpreterSelectQueryAnalyzer::buildQueryPipeline() @ 0x0000000013d9e0e0
11. src/Interpreters/InterpreterSelectQueryAnalyzer.cpp:374:29: DB::InterpreterSelectQueryAnalyzer::execute() @ 0x0000000013d9dd90
12. src/Interpreters/executeQuery.cpp:1954:40: DB::executeQueryImpl(char const*, char const*, std::shared_ptr<DB::Context>, DB::QueryFlags, DB::QueryProcessingStage::Enum, std::unique_ptr<DB::ReadBuffer, std::default_delete<DB::ReadBuffer>>&, boost::intrusive_ptr<DB::IAST>&, std::shared_ptr<DB::ImplicitTransactionControlExecutor>, std::function<void ()>, DB::QueryResultDetails&) @ 0x0000000014165df4
13. src/Interpreters/executeQuery.cpp:2438:11: DB::executeQuery(std::basic_string_view<char, std::char_traits<char>>, std::shared_ptr<DB::Context>, DB::QueryFlags, DB::QueryProcessingStage::Enum) @ 0x0000000014161810
14. src/Server/TCPHandler.cpp:899:68: DB::TCPHandler::runImpl() @ 0x00000000196c8980
15. src/Server/TCPHandler.cpp:3354:9: DB::TCPHandler::run() @ 0x00000000196e6744
16. base/poco/Net/src/TCPServerConnection.cpp:40:3: Poco::Net::TCPServerConnection::start() @ 0x000000001e24b798
17. base/poco/Net/src/TCPServerDispatcher.cpp:115:42: Poco::Net::TCPServerDispatcher::run() @ 0x000000001e24bd58
18. base/poco/Foundation/src/ThreadPool.cpp:207:14: Poco::PooledThread::run() @ 0x000000001e20c498
19. base/poco/Foundation/src/Thread_POSIX.cpp:341:27: Poco::ThreadImpl::runnableEntry(void*) @ 0x000000001e20a7b4
20. ? @ 0x000000000008c248
21. ? @ 0x00000000000f6adc

2026.08.02 16:01:51.853573 [ 1080095 ] {dd74bd68-c180-4ef7-a365-56aef658020b} <Error> ForcedCriticalErrorsLogger: Code: 49. DB::Exception: Expected to have only one join clause, got 2: [Left keys: [__table2.k1] Right keys [__table1.k1] Condition columns: '', '' | Left keys: [__table2.k2] Right keys [__table1.k2] Condition columns: '', ''], query: ' INNER JOIN ...'. (LOGICAL_ERROR), Stack trace (when copying this message, always include the lines below):

0. base/poco/Foundation/src/Exception.cpp:32:1: Poco::Exception::Exception(String&&, int) @ 0x000000001e1d1bb8
1. src/Common/Exception.cpp:158:7: DB::Exception::Exception(DB::Exception::MessageMasked&&, int, bool) @ 0x000000000eb8908c
2. src/Common/Exception.h:201:100: DB::Exception::Exception(String&&, int, String, bool) @ 0x0000000009979258
3. src/Common/Exception.h:57:54: DB::Exception::Exception(PreformattedMessage&&, int) @ 0x0000000009978c8c
4. src/Common/Exception.h:219:77: DB::Exception::Exception<unsigned long, fmt::v12::join_view<std::__wrap_iter<String*>, std::__wrap_iter<String*>, char>, String>(int, FormatStringHelperImpl<std::type_identity<unsigned long>::type, std::type_identity<fmt::v12::join_view<std::__wrap_iter<String*>, std::__wrap_iter<String*>, char>>::type, std::type_identity<String>::type>, unsigned long&&, fmt::v12::join_view<std::__wrap_iter<String*>, std::__wrap_iter<String*>, char>&&, String&&) @ 0x0000000014097ee0
5. src/Interpreters/TableJoin.cpp:1216:15: DB::TableJoin::assertHasOneOnExpr() const @ 0x0000000014097cf8
6. src/Interpreters/TableJoin.h:363:38: DB::Unified::HashJoin::supportParallelNonJoinedBlocksProcessing() const @ 0x00000000165d9af4
7. src/QueryPipeline/QueryPipelineBuilder.cpp:578:42: DB::QueryPipelineBuilder::joinPipelinesRightLeft(std::unique_ptr<DB::QueryPipelineBuilder, std::default_delete<DB::QueryPipelineBuilder>>, std::unique_ptr<DB::QueryPipelineBuilder, std::default_delete<DB::QueryPipelineBuilder>>, std::shared_ptr<DB::IJoin>, std::shared_ptr<DB::Block const>&, unsigned long, unsigned long, unsigned long, unsigned long, DB::IQueryPlanStep*, bool, std::list<std::shared_ptr<DB::IProcessor>, std::allocator<std::shared_ptr<DB::IProcessor>>>*) @ 0x0000000012cf9f04
8. src/Processors/QueryPlan/JoinStep.cpp:160:31: DB::JoinStep::updatePipeline(std::vector<std::unique_ptr<DB::QueryPipelineBuilder, std::default_delete<DB::QueryPipelineBuilder>>, AllocatorWithMemoryTracking<std::unique_ptr<DB::QueryPipelineBuilder, std::default_delete<DB::QueryPipelineBuilder>>>>, DB::BuildQueryPipelineSettings const&) @ 0x0000000019d44500
9. src/Processors/QueryPlan/QueryPlan.cpp:260:47: DB::QueryPlan::buildQueryPipeline(DB::QueryPlanOptimizationSettings const&, DB::BuildQueryPipelineSettings const&, bool) @ 0x0000000019da12c8
10. src/Interpreters/InterpreterSelectQueryAnalyzer.cpp:416:34: DB::InterpreterSelectQueryAnalyzer::buildQueryPipeline() @ 0x0000000013d9e0e0
11. src/Interpreters/InterpreterSelectQueryAnalyzer.cpp:374:29: DB::InterpreterSelectQueryAnalyzer::execute() @ 0x0000000013d9dd90
12. src/Interpreters/executeQuery.cpp:1954:40: DB::executeQueryImpl(char const*, char const*, std::shared_ptr<DB::Context>, DB::QueryFlags, DB::QueryProcessingStage::Enum, std::unique_ptr<DB::ReadBuffer, std::default_delete<DB::ReadBuffer>>&, boost::intrusive_ptr<DB::IAST>&, std::shared_ptr<DB::ImplicitTransactionControlExecutor>, std::function<void ()>, DB::QueryResultDetails&) @ 0x0000000014165df4
13. src/Interpreters/executeQuery.cpp:2438:11: DB::executeQuery(std::basic_string_view<char, std::char_traits<char>>, std::shared_ptr<DB::Context>, DB::QueryFlags, DB::QueryProcessingStage::Enum) @ 0x0000000014161810
14. src/Server/TCPHandler.cpp:899:68: DB::TCPHandler::runImpl() @ 0x00000000196c8980
15. src/Server/TCPHandler.cpp:3354:9: DB::TCPHandler::run() @ 0x00000000196e6744
16. base/poco/Net/src/TCPServerConnection.cpp:40:3: Poco::Net::TCPServerConnection::start() @ 0x000000001e24b798
17. base/poco/Net/src/TCPServerDispatcher.cpp:115:42: Poco::Net::TCPServerDispatcher::run() @ 0x000000001e24bd58
18. base/poco/Foundation/src/ThreadPool.cpp:207:14: Poco::PooledThread::run() @ 0x000000001e20c498
19. base/poco/Foundation/src/Thread_POSIX.cpp:341:27: Poco::ThreadImpl::runnableEntry(void*) @ 0x000000001e20a7b4
20. ? @ 0x000000000008c248
21. ? @ 0x00000000000f6adc

2026.08.02 16:01:51.853629 [ 1080095 ] {} <Error> TCPHandler: Code: 49. DB::Exception: Expected to have only one join clause, got 2: [Left keys: [__table2.k1] Right keys [__table1.k1] Condition columns: '', '' | Left keys: [__table2.k2] Right keys [__table1.k2] Condition columns: '', ''], query: ' INNER JOIN ...'. (LOGICAL_ERROR), Stack trace (when copying this message, always include the lines below):

0. base/poco/Foundation/src/Exception.cpp:32:1: Poco::Exception::Exception(String&&, int) @ 0x000000001e1d1bb8
1. src/Common/Exception.cpp:158:7: DB::Exception::Exception(DB::Exception::MessageMasked&&, int, bool) @ 0x000000000eb8908c
2. src/Common/Exception.h:201:100: DB::Exception::Exception(String&&, int, String, bool) @ 0x0000000009979258
3. src/Common/Exception.h:57:54: DB::Exception::Exception(PreformattedMessage&&, int) @ 0x0000000009978c8c
4. src/Common/Exception.h:219:77: DB::Exception::Exception<unsigned long, fmt::v12::join_view<std::__wrap_iter<String*>, std::__wrap_iter<String*>, char>, String>(int, FormatStringHelperImpl<std::type_identity<unsigned long>::type, std::type_identity<fmt::v12::join_view<std::__wrap_iter<String*>, std::__wrap_iter<String*>, char>>::type, std::type_identity<String>::type>, unsigned long&&, fmt::v12::join_view<std::__wrap_iter<String*>, std::__wrap_iter<String*>, char>&&, String&&) @ 0x0000000014097ee0
5. src/Interpreters/TableJoin.cpp:1216:15: DB::TableJoin::assertHasOneOnExpr() const @ 0x0000000014097cf8
6. src/Interpreters/TableJoin.h:363:38: DB::Unified::HashJoin::supportParallelNonJoinedBlocksProcessing() const @ 0x00000000165d9af4
7. src/QueryPipeline/QueryPipelineBuilder.cpp:578:42: DB::QueryPipelineBuilder::joinPipelinesRightLeft(std::unique_ptr<DB::QueryPipelineBuilder, std::default_delete<DB::QueryPipelineBuilder>>, std::unique_ptr<DB::QueryPipelineBuilder, std::default_delete<DB::QueryPipelineBuilder>>, std::shared_ptr<DB::IJoin>, std::shared_ptr<DB::Block const>&, unsigned long, unsigned long, unsigned long, unsigned long, DB::IQueryPlanStep*, bool, std::list<std::shared_ptr<DB::IProcessor>, std::allocator<std::shared_ptr<DB::IProcessor>>>*) @ 0x0000000012cf9f04
8. src/Processors/QueryPlan/JoinStep.cpp:160:31: DB::JoinStep::updatePipeline(std::vector<std::unique_ptr<DB::QueryPipelineBuilder, std::default_delete<DB::QueryPipelineBuilder>>, AllocatorWithMemoryTracking<std::unique_ptr<DB::QueryPipelineBuilder, std::default_delete<DB::QueryPipelineBuilder>>>>, DB::BuildQueryPipelineSettings const&) @ 0x0000000019d44500
9. src/Processors/QueryPlan/QueryPlan.cpp:260:47: DB::QueryPlan::buildQueryPipeline(DB::QueryPlanOptimizationSettings const&, DB::BuildQueryPipelineSettings const&, bool) @ 0x0000000019da12c8
10. src/Interpreters/InterpreterSelectQueryAnalyzer.cpp:416:34: DB::InterpreterSelectQueryAnalyzer::buildQueryPipeline() @ 0x0000000013d9e0e0
11. src/Interpreters/InterpreterSelectQueryAnalyzer.cpp:374:29: DB::InterpreterSelectQueryAnalyzer::execute() @ 0x0000000013d9dd90
12. src/Interpreters/executeQuery.cpp:1954:40: DB::executeQueryImpl(char const*, char const*, std::shared_ptr<DB::Context>, DB::QueryFlags, DB::QueryProcessingStage::Enum, std::unique_ptr<DB::ReadBuffer, std::default_delete<DB::ReadBuffer>>&, boost::intrusive_ptr<DB::IAST>&, std::shared_ptr<DB::ImplicitTransactionControlExecutor>, std::function<void ()>, DB::QueryResultDetails&) @ 0x0000000014165df4
13. src/Interpreters/executeQuery.cpp:2438:11: DB::executeQuery(std::basic_string_view<char, std::char_traits<char>>, std::shared_ptr<DB::Context>, DB::QueryFlags, DB::QueryProcessingStage::Enum) @ 0x0000000014161810
14. src/Server/TCPHandler.cpp:899:68: DB::TCPHandler::runImpl() @ 0x00000000196c8980
15. src/Server/TCPHandler.cpp:3354:9: DB::TCPHandler::run() @ 0x00000000196e6744
16. base/poco/Net/src/TCPServerConnection.cpp:40:3: Poco::Net::TCPServerConnection::start() @ 0x000000001e24b798
17. base/poco/Net/src/TCPServerDispatcher.cpp:115:42: Poco::Net::TCPServerDispatcher::run() @ 0x000000001e24bd58
18. base/poco/Foundation/src/ThreadPool.cpp:207:14: Poco::PooledThread::run() @ 0x000000001e20c498
19. base/poco/Foundation/src/Thread_POSIX.cpp:341:27: Poco::ThreadImpl::runnableEntry(void*) @ 0x000000001e20a7b4
20. ? @ 0x000000000008c248
21. ? @ 0x00000000000f6adc

2026.08.02 16:01:51.853642 [ 1080095 ] {} <Error> ForcedCriticalErrorsLogger: Code: 49. DB::Exception: Expected to have only one join clause, got 2: [Left keys: [__table2.k1] Right keys [__table1.k1] Condition columns: '', '' | Left keys: [__table2.k2] Right keys [__table1.k2] Condition columns: '', ''], query: ' INNER JOIN ...'. (LOGICAL_ERROR), Stack trace (when copying this message, always include the lines below):

0. base/poco/Foundation/src/Exception.cpp:32:1: Poco::Exception::Exception(String&&, int) @ 0x000000001e1d1bb8
1. src/Common/Exception.cpp:158:7: DB::Exception::Exception(DB::Exception::MessageMasked&&, int, bool) @ 0x000000000eb8908c
2. src/Common/Exception.h:201:100: DB::Exception::Exception(String&&, int, String, bool) @ 0x0000000009979258
3. src/Common/Exception.h:57:54: DB::Exception::Exception(PreformattedMessage&&, int) @ 0x0000000009978c8c
4. src/Common/Exception.h:219:77: DB::Exception::Exception<unsigned long, fmt::v12::join_view<std::__wrap_iter<String*>, std::__wrap_iter<String*>, char>, String>(int, FormatStringHelperImpl<std::type_identity<unsigned long>::type, std::type_identity<fmt::v12::join_view<std::__wrap_iter<String*>, std::__wrap_iter<String*>, char>>::type, std::type_identity<String>::type>, unsigned long&&, fmt::v12::join_view<std::__wrap_iter<String*>, std::__wrap_iter<String*>, char>&&, String&&) @ 0x0000000014097ee0
5. src/Interpreters/TableJoin.cpp:1216:15: DB::TableJoin::assertHasOneOnExpr() const @ 0x0000000014097cf8
6. src/Interpreters/TableJoin.h:363:38: DB::Unified::HashJoin::supportParallelNonJoinedBlocksProcessing() const @ 0x00000000165d9af4
7. src/QueryPipeline/QueryPipelineBuilder.cpp:578:42: DB::QueryPipelineBuilder::joinPipelinesRightLeft(std::unique_ptr<DB::QueryPipelineBuilder, std::default_delete<DB::QueryPipelineBuilder>>, std::unique_ptr<DB::QueryPipelineBuilder, std::default_delete<DB::QueryPipelineBuilder>>, std::shared_ptr<DB::IJoin>, std::shared_ptr<DB::Block const>&, unsigned long, unsigned long, unsigned long, unsigned long, DB::IQueryPlanStep*, bool, std::list<std::shared_ptr<DB::IProcessor>, std::allocator<std::shared_ptr<DB::IProcessor>>>*) @ 0x0000000012cf9f04
8. src/Processors/QueryPlan/JoinStep.cpp:160:31: DB::JoinStep::updatePipeline(std::vector<std::unique_ptr<DB::QueryPipelineBuilder, std::default_delete<DB::QueryPipelineBuilder>>, AllocatorWithMemoryTracking<std::unique_ptr<DB::QueryPipelineBuilder, std::default_delete<DB::QueryPipelineBuilder>>>>, DB::BuildQueryPipelineSettings const&) @ 0x0000000019d44500
9. src/Processors/QueryPlan/QueryPlan.cpp:260:47: DB::QueryPlan::buildQueryPipeline(DB::QueryPlanOptimizationSettings const&, DB::BuildQueryPipelineSettings const&, bool) @ 0x0000000019da12c8
10. src/Interpreters/InterpreterSelectQueryAnalyzer.cpp:416:34: DB::InterpreterSelectQueryAnalyzer::buildQueryPipeline() @ 0x0000000013d9e0e0
11. src/Interpreters/InterpreterSelectQueryAnalyzer.cpp:374:29: DB::InterpreterSelectQueryAnalyzer::execute() @ 0x0000000013d9dd90
12. src/Interpreters/executeQuery.cpp:1954:40: DB::executeQueryImpl(char const*, char const*, std::shared_ptr<DB::Context>, DB::QueryFlags, DB::QueryProcessingStage::Enum, std::unique_ptr<DB::ReadBuffer, std::default_delete<DB::ReadBuffer>>&, boost::intrusive_ptr<DB::IAST>&, std::shared_ptr<DB::ImplicitTransactionControlExecutor>, std::function<void ()>, DB::QueryResultDetails&) @ 0x0000000014165df4
13. src/Interpreters/executeQuery.cpp:2438:11: DB::executeQuery(std::basic_string_view<char, std::char_traits<char>>, std::shared_ptr<DB::Context>, DB::QueryFlags, DB::QueryProcessingStage::Enum) @ 0x0000000014161810
14. src/Server/TCPHandler.cpp:899:68: DB::TCPHandler::runImpl() @ 0x00000000196c8980
15. src/Server/TCPHandler.cpp:3354:9: DB::TCPHandler::run() @ 0x00000000196e6744
16. base/poco/Net/src/TCPServerConnection.cpp:40:3: Poco::Net::TCPServerConnection::start() @ 0x000000001e24b798
17. base/poco/Net/src/TCPServerDispatcher.cpp:115:42: Poco::Net::TCPServerDispatcher::run() @ 0x000000001e24bd58
18. base/poco/Foundation/src/ThreadPool.cpp:207:14: Poco::PooledThread::run() @ 0x000000001e20c498
19. base/poco/Foundation/src/Thread_POSIX.cpp:341:27: Poco::ThreadImpl::runnableEntry(void*) @ 0x000000001e20a7b4
20. ? @ 0x000000000008c248
21. ? @ 0x00000000000f6adc

2026.08.02 16:01:51.980111 [ 1080095 ] {9b5198f1-7d6b-4fa1-804e-65c6ea7bfc62} <Error> executeQuery: Code: 49. DB::Exception: Expected to have only one join clause, got 2: [Left keys: [__table2.k1] Right keys [__table1.k1] Condition columns: '', '' | Left keys: [__table2.k2] Right keys [__table1.k2] Condition columns: '', ''], query: ' INNER JOIN ...'. (LOGICAL_ERROR) (version 26.8.1.1) (from 127.0.0.1:57840) (query 1, line 1) (in query: SELECT l.k1,l.k2,l.v,r.k1,r.k2,r.w FROM av2.orl AS l FULL JOIN av2.orr AS r ON l.k1=r.k1 OR l.k2=r.k2 ORDER BY r.k1,r.k2,r.w,l.k1,l.k2,l.v SETTINGS join_algorithm='unified_hash'), Stack trace (when copying this message, always include the lines below):

0. base/poco/Foundation/src/Exception.cpp:32:1: Poco::Exception::Exception(String&&, int) @ 0x000000001e1d1bb8
1. src/Common/Exception.cpp:158:7: DB::Exception::Exception(DB::Exception::MessageMasked&&, int, bool) @ 0x000000000eb8908c
2. src/Common/Exception.h:201:100: DB::Exception::Exception(String&&, int, String, bool) @ 0x0000000009979258
3. src/Common/Exception.h:57:54: DB::Exception::Exception(PreformattedMessage&&, int) @ 0x0000000009978c8c
4. src/Common/Exception.h:219:77: DB::Exception::Exception<unsigned long, fmt::v12::join_view<std::__wrap_iter<String*>, std::__wrap_iter<String*>, char>, String>(int, FormatStringHelperImpl<std::type_identity<unsigned long>::type, std::type_identity<fmt::v12::join_view<std::__wrap_iter<String*>, std::__wrap_iter<String*>, char>>::type, std::type_identity<String>::type>, unsigned long&&, fmt::v12::join_view<std::__wrap_iter<String*>, std::__wrap_iter<String*>, char>&&, String&&) @ 0x0000000014097ee0
5. src/Interpreters/TableJoin.cpp:1216:15: DB::TableJoin::assertHasOneOnExpr() const @ 0x0000000014097cf8
6. src/Interpreters/TableJoin.h:363:38: DB::Unified::HashJoin::supportParallelNonJoinedBlocksProcessing() const @ 0x00000000165d9af4
7. src/QueryPipeline/QueryPipelineBuilder.cpp:578:42: DB::QueryPipelineBuilder::joinPipelinesRightLeft(std::unique_ptr<DB::QueryPipelineBuilder, std::default_delete<DB::QueryPipelineBuilder>>, std::unique_ptr<DB::QueryPipelineBuilder, std::default_delete<DB::QueryPipelineBuilder>>, std::shared_ptr<DB::IJoin>, std::shared_ptr<DB::Block const>&, unsigned long, unsigned long, unsigned long, unsigned long, DB::IQueryPlanStep*, bool, std::list<std::shared_ptr<DB::IProcessor>, std::allocator<std::shared_ptr<DB::IProcessor>>>*) @ 0x0000000012cf9f04
8. src/Processors/QueryPlan/JoinStep.cpp:160:31: DB::JoinStep::updatePipeline(std::vector<std::unique_ptr<DB::QueryPipelineBuilder, std::default_delete<DB::QueryPipelineBuilder>>, AllocatorWithMemoryTracking<std::unique_ptr<DB::QueryPipelineBuilder, std::default_delete<DB::QueryPipelineBuilder>>>>, DB::BuildQueryPipelineSettings const&) @ 0x0000000019d44500
9. src/Processors/QueryPlan/QueryPlan.cpp:260:47: DB::QueryPlan::buildQueryPipeline(DB::QueryPlanOptimizationSettings const&, DB::BuildQueryPipelineSettings const&, bool) @ 0x0000000019da12c8
10. src/Interpreters/InterpreterSelectQueryAnalyzer.cpp:416:34: DB::InterpreterSelectQueryAnalyzer::buildQueryPipeline() @ 0x0000000013d9e0e0
11. src/Interpreters/InterpreterSelectQueryAnalyzer.cpp:374:29: DB::InterpreterSelectQueryAnalyzer::execute() @ 0x0000000013d9dd90
12. src/Interpreters/executeQuery.cpp:1954:40: DB::executeQueryImpl(char const*, char const*, std::shared_ptr<DB::Context>, DB::QueryFlags, DB::QueryProcessingStage::Enum, std::unique_ptr<DB::ReadBuffer, std::default_delete<DB::ReadBuffer>>&, boost::intrusive_ptr<DB::IAST>&, std::shared_ptr<DB::ImplicitTransactionControlExecutor>, std::function<void ()>, DB::QueryResultDetails&) @ 0x0000000014165df4
13. src/Interpreters/executeQuery.cpp:2438:11: DB::executeQuery(std::basic_string_view<char, std::char_traits<char>>, std::shared_ptr<DB::Context>, DB::QueryFlags, DB::QueryProcessingStage::Enum) @ 0x0000000014161810
14. src/Server/TCPHandler.cpp:899:68: DB::TCPHandler::runImpl() @ 0x00000000196c8980
15. src/Server/TCPHandler.cpp:3354:9: DB::TCPHandler::run() @ 0x00000000196e6744
16. base/poco/Net/src/TCPServerConnection.cpp:40:3: Poco::Net::TCPServerConnection::start() @ 0x000000001e24b798
17. base/poco/Net/src/TCPServerDispatcher.cpp:115:42: Poco::Net::TCPServerDispatcher::run() @ 0x000000001e24bd58
18. base/poco/Foundation/src/ThreadPool.cpp:207:14: Poco::PooledThread::run() @ 0x000000001e20c498
19. base/poco/Foundation/src/Thread_POSIX.cpp:341:27: Poco::ThreadImpl::runnableEntry(void*) @ 0x000000001e20a7b4
20. ? @ 0x000000000008c248
21. ? @ 0x00000000000f6adc

2026.08.02 16:01:51.980199 [ 1080095 ] {9b5198f1-7d6b-4fa1-804e-65c6ea7bfc62} <Error> ForcedCriticalErrorsLogger: Code: 49. DB::Exception: Expected to have only one join clause, got 2: [Left keys: [__table2.k1] Right keys [__table1.k1] Condition columns: '', '' | Left keys: [__table2.k2] Right keys [__table1.k2] Condition columns: '', ''], query: ' INNER JOIN ...'. (LOGICAL_ERROR), Stack trace (when copying this message, always include the lines below):

0. base/poco/Foundation/src/Exception.cpp:32:1: Poco::Exception::Exception(String&&, int) @ 0x000000001e1d1bb8
1. src/Common/Exception.cpp:158:7: DB::Exception::Exception(DB::Exception::MessageMasked&&, int, bool) @ 0x000000000eb8908c
2. src/Common/Exception.h:201:100: DB::Exception::Exception(String&&, int, String, bool) @ 0x0000000009979258
3. src/Common/Exception.h:57:54: DB::Exception::Exception(PreformattedMessage&&, int) @ 0x0000000009978c8c
4. src/Common/Exception.h:219:77: DB::Exception::Exception<unsigned long, fmt::v12::join_view<std::__wrap_iter<String*>, std::__wrap_iter<String*>, char>, String>(int, FormatStringHelperImpl<std::type_identity<unsigned long>::type, std::type_identity<fmt::v12::join_view<std::__wrap_iter<String*>, std::__wrap_iter<String*>, char>>::type, std::type_identity<String>::type>, unsigned long&&, fmt::v12::join_view<std::__wrap_iter<String*>, std::__wrap_iter<String*>, char>&&, String&&) @ 0x0000000014097ee0
5. src/Interpreters/TableJoin.cpp:1216:15: DB::TableJoin::assertHasOneOnExpr() const @ 0x0000000014097cf8
6. src/Interpreters/TableJoin.h:363:38: DB::Unified::HashJoin::supportParallelNonJoinedBlocksProcessing() const @ 0x00000000165d9af4
7. src/QueryPipeline/QueryPipelineBuilder.cpp:578:42: DB::QueryPipelineBuilder::joinPipelinesRightLeft(std::unique_ptr<DB::QueryPipelineBuilder, std::default_delete<DB::QueryPipelineBuilder>>, std::unique_ptr<DB::QueryPipelineBuilder, std::default_delete<DB::QueryPipelineBuilder>>, std::shared_ptr<DB::IJoin>, std::shared_ptr<DB::Block const>&, unsigned long, unsigned long, unsigned long, unsigned long, DB::IQueryPlanStep*, bool, std::list<std::shared_ptr<DB::IProcessor>, std::allocator<std::shared_ptr<DB::IProcessor>>>*) @ 0x0000000012cf9f04
8. src/Processors/QueryPlan/JoinStep.cpp:160:31: DB::JoinStep::updatePipeline(std::vector<std::unique_ptr<DB::QueryPipelineBuilder, std::default_delete<DB::QueryPipelineBuilder>>, AllocatorWithMemoryTracking<std::unique_ptr<DB::QueryPipelineBuilder, std::default_delete<DB::QueryPipelineBuilder>>>>, DB::BuildQueryPipelineSettings const&) @ 0x0000000019d44500
9. src/Processors/QueryPlan/QueryPlan.cpp:260:47: DB::QueryPlan::buildQueryPipeline(DB::QueryPlanOptimizationSettings const&, DB::BuildQueryPipelineSettings const&, bool) @ 0x0000000019da12c8
10. src/Interpreters/InterpreterSelectQueryAnalyzer.cpp:416:34: DB::InterpreterSelectQueryAnalyzer::buildQueryPipeline() @ 0x0000000013d9e0e0
11. src/Interpreters/InterpreterSelectQueryAnalyzer.cpp:374:29: DB::InterpreterSelectQueryAnalyzer::execute() @ 0x0000000013d9dd90
12. src/Interpreters/executeQuery.cpp:1954:40: DB::executeQueryImpl(char const*, char const*, std::shared_ptr<DB::Context>, DB::QueryFlags, DB::QueryProcessingStage::Enum, std::unique_ptr<DB::ReadBuffer, std::default_delete<DB::ReadBuffer>>&, boost::intrusive_ptr<DB::IAST>&, std::shared_ptr<DB::ImplicitTransactionControlExecutor>, std::function<void ()>, DB::QueryResultDetails&) @ 0x0000000014165df4
13. src/Interpreters/executeQuery.cpp:2438:11: DB::executeQuery(std::basic_string_view<char, std::char_traits<char>>, std::shared_ptr<DB::Context>, DB::QueryFlags, DB::QueryProcessingStage::Enum) @ 0x0000000014161810
14. src/Server/TCPHandler.cpp:899:68: DB::TCPHandler::runImpl() @ 0x00000000196c8980
15. src/Server/TCPHandler.cpp:3354:9: DB::TCPHandler::run() @ 0x00000000196e6744
16. base/poco/Net/src/TCPServerConnection.cpp:40:3: Poco::Net::TCPServerConnection::start() @ 0x000000001e24b798
17. base/poco/Net/src/TCPServerDispatcher.cpp:115:42: Poco::Net::TCPServerDispatcher::run() @ 0x000000001e24bd58
18. base/poco/Foundation/src/ThreadPool.cpp:207:14: Poco::PooledThread::run() @ 0x000000001e20c498
19. base/poco/Foundation/src/Thread_POSIX.cpp:341:27: Poco::ThreadImpl::runnableEntry(void*) @ 0x000000001e20a7b4
20. ? @ 0x000000000008c248
21. ? @ 0x00000000000f6adc

2026.08.02 16:01:51.980218 [ 1080095 ] {9b5198f1-7d6b-4fa1-804e-65c6ea7bfc62} <Error> ForcedCriticalErrorsLogger: Code: 49. DB::Exception: Expected to have only one join clause, got 2: [Left keys: [__table2.k1] Right keys [__table1.k1] Condition columns: '', '' | Left keys: [__table2.k2] Right keys [__table1.k2] Condition columns: '', ''], query: ' INNER JOIN ...'. (LOGICAL_ERROR), Stack trace (when copying this message, always include the lines below):

0. base/poco/Foundation/src/Exception.cpp:32:1: Poco::Exception::Exception(String&&, int) @ 0x000000001e1d1bb8
1. src/Common/Exception.cpp:158:7: DB::Exception::Exception(DB::Exception::MessageMasked&&, int, bool) @ 0x000000000eb8908c
2. src/Common/Exception.h:201:100: DB::Exception::Exception(String&&, int, String, bool) @ 0x0000000009979258
3. src/Common/Exception.h:57:54: DB::Exception::Exception(PreformattedMessage&&, int) @ 0x0000000009978c8c
4. src/Common/Exception.h:219:77: DB::Exception::Exception<unsigned long, fmt::v12::join_view<std::__wrap_iter<String*>, std::__wrap_iter<String*>, char>, String>(int, FormatStringHelperImpl<std::type_identity<unsigned long>::type, std::type_identity<fmt::v12::join_view<std::__wrap_iter<String*>, std::__wrap_iter<String*>, char>>::type, std::type_identity<String>::type>, unsigned long&&, fmt::v12::join_view<std::__wrap_iter<String*>, std::__wrap_iter<String*>, char>&&, String&&) @ 0x0000000014097ee0
5. src/Interpreters/TableJoin.cpp:1216:15: DB::TableJoin::assertHasOneOnExpr() const @ 0x0000000014097cf8
6. src/Interpreters/TableJoin.h:363:38: DB::Unified::HashJoin::supportParallelNonJoinedBlocksProcessing() const @ 0x00000000165d9af4
7. src/QueryPipeline/QueryPipelineBuilder.cpp:578:42: DB::QueryPipelineBuilder::joinPipelinesRightLeft(std::unique_ptr<DB::QueryPipelineBuilder, std::default_delete<DB::QueryPipelineBuilder>>, std::unique_ptr<DB::QueryPipelineBuilder, std::default_delete<DB::QueryPipelineBuilder>>, std::shared_ptr<DB::IJoin>, std::shared_ptr<DB::Block const>&, unsigned long, unsigned long, unsigned long, unsigned long, DB::IQueryPlanStep*, bool, std::list<std::shared_ptr<DB::IProcessor>, std::allocator<std::shared_ptr<DB::IProcessor>>>*) @ 0x0000000012cf9f04
8. src/Processors/QueryPlan/JoinStep.cpp:160:31: DB::JoinStep::updatePipeline(std::vector<std::unique_ptr<DB::QueryPipelineBuilder, std::default_delete<DB::QueryPipelineBuilder>>, AllocatorWithMemoryTracking<std::unique_ptr<DB::QueryPipelineBuilder, std::default_delete<DB::QueryPipelineBuilder>>>>, DB::BuildQueryPipelineSettings const&) @ 0x0000000019d44500
9. src/Processors/QueryPlan/QueryPlan.cpp:260:47: DB::QueryPlan::buildQueryPipeline(DB::QueryPlanOptimizationSettings const&, DB::BuildQueryPipelineSettings const&, bool) @ 0x0000000019da12c8
10. src/Interpreters/InterpreterSelectQueryAnalyzer.cpp:416:34: DB::InterpreterSelectQueryAnalyzer::buildQueryPipeline() @ 0x0000000013d9e0e0
11. src/Interpreters/InterpreterSelectQueryAnalyzer.cpp:374:29: DB::InterpreterSelectQueryAnalyzer::execute() @ 0x0000000013d9dd90
12. src/Interpreters/executeQuery.cpp:1954:40: DB::executeQueryImpl(char const*, char const*, std::shared_ptr<DB::Context>, DB::QueryFlags, DB::QueryProcessingStage::Enum, std::unique_ptr<DB::ReadBuffer, std::default_delete<DB::ReadBuffer>>&, boost::intrusive_ptr<DB::IAST>&, std::shared_ptr<DB::ImplicitTransactionControlExecutor>, std::function<void ()>, DB::QueryResultDetails&) @ 0x0000000014165df4
13. src/Interpreters/executeQuery.cpp:2438:11: DB::executeQuery(std::basic_string_view<char, std::char_traits<char>>, std::shared_ptr<DB::Context>, DB::QueryFlags, DB::QueryProcessingStage::Enum) @ 0x0000000014161810
14. src/Server/TCPHandler.cpp:899:68: DB::TCPHandler::runImpl() @ 0x00000000196c8980
15. src/Server/TCPHandler.cpp:3354:9: DB::TCPHandler::run() @ 0x00000000196e6744
16. base/poco/Net/src/TCPServerConnection.cpp:40:3: Poco::Net::TCPServerConnection::start() @ 0x000000001e24b798
17. base/poco/Net/src/TCPServerDispatcher.cpp:115:42: Poco::Net::TCPServerDispatcher::run() @ 0x000000001e24bd58
18. base/poco/Foundation/src/ThreadPool.cpp:207:14: Poco::PooledThread::run() @ 0x000000001e20c498
19. base/poco/Foundation/src/Thread_POSIX.cpp:341:27: Poco::ThreadImpl::runnableEntry(void*) @ 0x000000001e20a7b4
20. ? @ 0x000000000008c248
21. ? @ 0x00000000000f6adc

2026.08.02 16:01:51.980276 [ 1080095 ] {} <Error> TCPHandler: Code: 49. DB::Exception: Expected to have only one join clause, got 2: [Left keys: [__table2.k1] Right keys [__table1.k1] Condition columns: '', '' | Left keys: [__table2.k2] Right keys [__table1.k2] Condition columns: '', ''], query: ' INNER JOIN ...'. (LOGICAL_ERROR), Stack trace (when copying this message, always include the lines below):

0. base/poco/Foundation/src/Exception.cpp:32:1: Poco::Exception::Exception(String&&, int) @ 0x000000001e1d1bb8
1. src/Common/Exception.cpp:158:7: DB::Exception::Exception(DB::Exception::MessageMasked&&, int, bool) @ 0x000000000eb8908c
2. src/Common/Exception.h:201:100: DB::Exception::Exception(String&&, int, String, bool) @ 0x0000000009979258
3. src/Common/Exception.h:57:54: DB::Exception::Exception(PreformattedMessage&&, int) @ 0x0000000009978c8c
4. src/Common/Exception.h:219:77: DB::Exception::Exception<unsigned long, fmt::v12::join_view<std::__wrap_iter<String*>, std::__wrap_iter<String*>, char>, String>(int, FormatStringHelperImpl<std::type_identity<unsigned long>::type, std::type_identity<fmt::v12::join_view<std::__wrap_iter<String*>, std::__wrap_iter<String*>, char>>::type, std::type_identity<String>::type>, unsigned long&&, fmt::v12::join_view<std::__wrap_iter<String*>, std::__wrap_iter<String*>, char>&&, String&&) @ 0x0000000014097ee0
5. src/Interpreters/TableJoin.cpp:1216:15: DB::TableJoin::assertHasOneOnExpr() const @ 0x0000000014097cf8
6. src/Interpreters/TableJoin.h:363:38: DB::Unified::HashJoin::supportParallelNonJoinedBlocksProcessing() const @ 0x00000000165d9af4
7. src/QueryPipeline/QueryPipelineBuilder.cpp:578:42: DB::QueryPipelineBuilder::joinPipelinesRightLeft(std::unique_ptr<DB::QueryPipelineBuilder, std::default_delete<DB::QueryPipelineBuilder>>, std::unique_ptr<DB::QueryPipelineBuilder, std::default_delete<DB::QueryPipelineBuilder>>, std::shared_ptr<DB::IJoin>, std::shared_ptr<DB::Block const>&, unsigned long, unsigned long, unsigned long, unsigned long, DB::IQueryPlanStep*, bool, std::list<std::shared_ptr<DB::IProcessor>, std::allocator<std::shared_ptr<DB::IProcessor>>>*) @ 0x0000000012cf9f04
8. src/Processors/QueryPlan/JoinStep.cpp:160:31: DB::JoinStep::updatePipeline(std::vector<std::unique_ptr<DB::QueryPipelineBuilder, std::default_delete<DB::QueryPipelineBuilder>>, AllocatorWithMemoryTracking<std::unique_ptr<DB::QueryPipelineBuilder, std::default_delete<DB::QueryPipelineBuilder>>>>, DB::BuildQueryPipelineSettings const&) @ 0x0000000019d44500
9. src/Processors/QueryPlan/QueryPlan.cpp:260:47: DB::QueryPlan::buildQueryPipeline(DB::QueryPlanOptimizationSettings const&, DB::BuildQueryPipelineSettings const&, bool) @ 0x0000000019da12c8
10. src/Interpreters/InterpreterSelectQueryAnalyzer.cpp:416:34: DB::InterpreterSelectQueryAnalyzer::buildQueryPipeline() @ 0x0000000013d9e0e0
11. src/Interpreters/InterpreterSelectQueryAnalyzer.cpp:374:29: DB::InterpreterSelectQueryAnalyzer::execute() @ 0x0000000013d9dd90
12. src/Interpreters/executeQuery.cpp:1954:40: DB::executeQueryImpl(char const*, char const*, std::shared_ptr<DB::Context>, DB::QueryFlags, DB::QueryProcessingStage::Enum, std::unique_ptr<DB::ReadBuffer, std::default_delete<DB::ReadBuffer>>&, boost::intrusive_ptr<DB::IAST>&, std::shared_ptr<DB::ImplicitTransactionControlExecutor>, std::function<void ()>, DB::QueryResultDetails&) @ 0x0000000014165df4
13. src/Interpreters/executeQuery.cpp:2438:11: DB::executeQuery(std::basic_string_view<char, std::char_traits<char>>, std::shared_ptr<DB::Context>, DB::QueryFlags, DB::QueryProcessingStage::Enum) @ 0x0000000014161810
14. src/Server/TCPHandler.cpp:899:68: DB::TCPHandler::runImpl() @ 0x00000000196c8980
15. src/Server/TCPHandler.cpp:3354:9: DB::TCPHandler::run() @ 0x00000000196e6744
16. base/poco/Net/src/TCPServerConnection.cpp:40:3: Poco::Net::TCPServerConnection::start() @ 0x000000001e24b798
17. base/poco/Net/src/TCPServerDispatcher.cpp:115:42: Poco::Net::TCPServerDispatcher::run() @ 0x000000001e24bd58
18. base/poco/Foundation/src/ThreadPool.cpp:207:14: Poco::PooledThread::run() @ 0x000000001e20c498
19. base/poco/Foundation/src/Thread_POSIX.cpp:341:27: Poco::ThreadImpl::runnableEntry(void*) @ 0x000000001e20a7b4
20. ? @ 0x000000000008c248
21. ? @ 0x00000000000f6adc

2026.08.02 16:01:51.980290 [ 1080095 ] {} <Error> ForcedCriticalErrorsLogger: Code: 49. DB::Exception: Expected to have only one join clause, got 2: [Left keys: [__table2.k1] Right keys [__table1.k1] Condition columns: '', '' | Left keys: [__table2.k2] Right keys [__table1.k2] Condition columns: '', ''], query: ' INNER JOIN ...'. (LOGICAL_ERROR), Stack trace (when copying this message, always include the lines below):

0. base/poco/Foundation/src/Exception.cpp:32:1: Poco::Exception::Exception(String&&, int) @ 0x000000001e1d1bb8
1. src/Common/Exception.cpp:158:7: DB::Exception::Exception(DB::Exception::MessageMasked&&, int, bool) @ 0x000000000eb8908c
2. src/Common/Exception.h:201:100: DB::Exception::Exception(String&&, int, String, bool) @ 0x0000000009979258
3. src/Common/Exception.h:57:54: DB::Exception::Exception(PreformattedMessage&&, int) @ 0x0000000009978c8c
4. src/Common/Exception.h:219:77: DB::Exception::Exception<unsigned long, fmt::v12::join_view<std::__wrap_iter<String*>, std::__wrap_iter<String*>, char>, String>(int, FormatStringHelperImpl<std::type_identity<unsigned long>::type, std::type_identity<fmt::v12::join_view<std::__wrap_iter<String*>, std::__wrap_iter<String*>, char>>::type, std::type_identity<String>::type>, unsigned long&&, fmt::v12::join_view<std::__wrap_iter<String*>, std::__wrap_iter<String*>, char>&&, String&&) @ 0x0000000014097ee0
5. src/Interpreters/TableJoin.cpp:1216:15: DB::TableJoin::assertHasOneOnExpr() const @ 0x0000000014097cf8
6. src/Interpreters/TableJoin.h:363:38: DB::Unified::HashJoin::supportParallelNonJoinedBlocksProcessing() const @ 0x00000000165d9af4
7. src/QueryPipeline/QueryPipelineBuilder.cpp:578:42: DB::QueryPipelineBuilder::joinPipelinesRightLeft(std::unique_ptr<DB::QueryPipelineBuilder, std::default_delete<DB::QueryPipelineBuilder>>, std::unique_ptr<DB::QueryPipelineBuilder, std::default_delete<DB::QueryPipelineBuilder>>, std::shared_ptr<DB::IJoin>, std::shared_ptr<DB::Block const>&, unsigned long, unsigned long, unsigned long, unsigned long, DB::IQueryPlanStep*, bool, std::list<std::shared_ptr<DB::IProcessor>, std::allocator<std::shared_ptr<DB::IProcessor>>>*) @ 0x0000000012cf9f04
8. src/Processors/QueryPlan/JoinStep.cpp:160:31: DB::JoinStep::updatePipeline(std::vector<std::unique_ptr<DB::QueryPipelineBuilder, std::default_delete<DB::QueryPipelineBuilder>>, AllocatorWithMemoryTracking<std::unique_ptr<DB::QueryPipelineBuilder, std::default_delete<DB::QueryPipelineBuilder>>>>, DB::BuildQueryPipelineSettings const&) @ 0x0000000019d44500
9. src/Processors/QueryPlan/QueryPlan.cpp:260:47: DB::QueryPlan::buildQueryPipeline(DB::QueryPlanOptimizationSettings const&, DB::BuildQueryPipelineSettings const&, bool) @ 0x0000000019da12c8
10. src/Interpreters/InterpreterSelectQueryAnalyzer.cpp:416:34: DB::InterpreterSelectQueryAnalyzer::buildQueryPipeline() @ 0x0000000013d9e0e0
11. src/Interpreters/InterpreterSelectQueryAnalyzer.cpp:374:29: DB::InterpreterSelectQueryAnalyzer::execute() @ 0x0000000013d9dd90
12. src/Interpreters/executeQuery.cpp:1954:40: DB::executeQueryImpl(char const*, char const*, std::shared_ptr<DB::Context>, DB::QueryFlags, DB::QueryProcessingStage::Enum, std::unique_ptr<DB::ReadBuffer, std::default_delete<DB::ReadBuffer>>&, boost::intrusive_ptr<DB::IAST>&, std::shared_ptr<DB::ImplicitTransactionControlExecutor>, std::function<void ()>, DB::QueryResultDetails&) @ 0x0000000014165df4
13. src/Interpreters/executeQuery.cpp:2438:11: DB::executeQuery(std::basic_string_view<char, std::char_traits<char>>, std::shared_ptr<DB::Context>, DB::QueryFlags, DB::QueryProcessingStage::Enum) @ 0x0000000014161810
14. src/Server/TCPHandler.cpp:899:68: DB::TCPHandler::runImpl() @ 0x00000000196c8980
15. src/Server/TCPHandler.cpp:3354:9: DB::TCPHandler::run() @ 0x00000000196e6744
16. base/poco/Net/src/TCPServerConnection.cpp:40:3: Poco::Net::TCPServerConnection::start() @ 0x000000001e24b798
17. base/poco/Net/src/TCPServerDispatcher.cpp:115:42: Poco::Net::TCPServerDispatcher::run() @ 0x000000001e24bd58
18. base/poco/Foundation/src/ThreadPool.cpp:207:14: Poco::PooledThread::run() @ 0x000000001e20c498
19. base/poco/Foundation/src/Thread_POSIX.cpp:341:27: Poco::ThreadImpl::runnableEntry(void*) @ 0x000000001e20a7b4
20. ? @ 0x000000000008c248
21. ? @ 0x00000000000f6adc

2026.08.02 16:01:52.106483 [ 1080095 ] {ce386fa5-aed5-4ff5-b732-186b9ed2cebe} <Error> executeQuery: Code: 49. DB::Exception: Expected to have only one join clause, got 2: [Left keys: [__table2.k1] Right keys [__table1.k1] Condition columns: '', '' | Left keys: [__table2.k2] Right keys [__table1.k2] Condition columns: '', ''], query: ' INNER JOIN ...'. (LOGICAL_ERROR) (version 26.8.1.1) (from 127.0.0.1:57850) (query 1, line 1) (in query: SELECT l.k1,l.k2,l.v,r.k1,r.k2,r.w FROM av2.orl AS l FULL JOIN av2.orr AS r ON l.k1=r.k1 OR l.k2=r.k2 ORDER BY r.k1,r.k2,r.w,l.k1,l.k2,l.v SETTINGS join_algorithm='unified_hash'), Stack trace (when copying this message, always include the lines below):

0. base/poco/Foundation/src/Exception.cpp:32:1: Poco::Exception::Exception(String&&, int) @ 0x000000001e1d1bb8
1. src/Common/Exception.cpp:158:7: DB::Exception::Exception(DB::Exception::MessageMasked&&, int, bool) @ 0x000000000eb8908c
2. src/Common/Exception.h:201:100: DB::Exception::Exception(String&&, int, String, bool) @ 0x0000000009979258
3. src/Common/Exception.h:57:54: DB::Exception::Exception(PreformattedMessage&&, int) @ 0x0000000009978c8c
4. src/Common/Exception.h:219:77: DB::Exception::Exception<unsigned long, fmt::v12::join_view<std::__wrap_iter<String*>, std::__wrap_iter<String*>, char>, String>(int, FormatStringHelperImpl<std::type_identity<unsigned long>::type, std::type_identity<fmt::v12::join_view<std::__wrap_iter<String*>, std::__wrap_iter<String*>, char>>::type, std::type_identity<String>::type>, unsigned long&&, fmt::v12::join_view<std::__wrap_iter<String*>, std::__wrap_iter<String*>, char>&&, String&&) @ 0x0000000014097ee0
5. src/Interpreters/TableJoin.cpp:1216:15: DB::TableJoin::assertHasOneOnExpr() const @ 0x0000000014097cf8
6. src/Interpreters/TableJoin.h:363:38: DB::Unified::HashJoin::supportParallelNonJoinedBlocksProcessing() const @ 0x00000000165d9af4
7. src/QueryPipeline/QueryPipelineBuilder.cpp:578:42: DB::QueryPipelineBuilder::joinPipelinesRightLeft(std::unique_ptr<DB::QueryPipelineBuilder, std::default_delete<DB::QueryPipelineBuilder>>, std::unique_ptr<DB::QueryPipelineBuilder, std::default_delete<DB::QueryPipelineBuilder>>, std::shared_ptr<DB::IJoin>, std::shared_ptr<DB::Block const>&, unsigned long, unsigned long, unsigned long, unsigned long, DB::IQueryPlanStep*, bool, std::list<std::shared_ptr<DB::IProcessor>, std::allocator<std::shared_ptr<DB::IProcessor>>>*) @ 0x0000000012cf9f04
8. src/Processors/QueryPlan/JoinStep.cpp:160:31: DB::JoinStep::updatePipeline(std::vector<std::unique_ptr<DB::QueryPipelineBuilder, std::default_delete<DB::QueryPipelineBuilder>>, AllocatorWithMemoryTracking<std::unique_ptr<DB::QueryPipelineBuilder, std::default_delete<DB::QueryPipelineBuilder>>>>, DB::BuildQueryPipelineSettings const&) @ 0x0000000019d44500
9. src/Processors/QueryPlan/QueryPlan.cpp:260:47: DB::QueryPlan::buildQueryPipeline(DB::QueryPlanOptimizationSettings const&, DB::BuildQueryPipelineSettings const&, bool) @ 0x0000000019da12c8
10. src/Interpreters/InterpreterSelectQueryAnalyzer.cpp:416:34: DB::InterpreterSelectQueryAnalyzer::buildQueryPipeline() @ 0x0000000013d9e0e0
11. src/Interpreters/InterpreterSelectQueryAnalyzer.cpp:374:29: DB::InterpreterSelectQueryAnalyzer::execute() @ 0x0000000013d9dd90
12. src/Interpreters/executeQuery.cpp:1954:40: DB::executeQueryImpl(char const*, char const*, std::shared_ptr<DB::Context>, DB::QueryFlags, DB::QueryProcessingStage::Enum, std::unique_ptr<DB::ReadBuffer, std::default_delete<DB::ReadBuffer>>&, boost::intrusive_ptr<DB::IAST>&, std::shared_ptr<DB::ImplicitTransactionControlExecutor>, std::function<void ()>, DB::QueryResultDetails&) @ 0x0000000014165df4
13. src/Interpreters/executeQuery.cpp:2438:11: DB::executeQuery(std::basic_string_view<char, std::char_traits<char>>, std::shared_ptr<DB::Context>, DB::QueryFlags, DB::QueryProcessingStage::Enum) @ 0x0000000014161810
14. src/Server/TCPHandler.cpp:899:68: DB::TCPHandler::runImpl() @ 0x00000000196c8980
15. src/Server/TCPHandler.cpp:3354:9: DB::TCPHandler::run() @ 0x00000000196e6744
16. base/poco/Net/src/TCPServerConnection.cpp:40:3: Poco::Net::TCPServerConnection::start() @ 0x000000001e24b798
17. base/poco/Net/src/TCPServerDispatcher.cpp:115:42: Poco::Net::TCPServerDispatcher::run() @ 0x000000001e24bd58
18. base/poco/Foundation/src/ThreadPool.cpp:207:14: Poco::PooledThread::run() @ 0x000000001e20c498
19. base/poco/Foundation/src/Thread_POSIX.cpp:341:27: Poco::ThreadImpl::runnableEntry(void*) @ 0x000000001e20a7b4
20. ? @ 0x000000000008c248
21. ? @ 0x00000000000f6adc

2026.08.02 16:01:52.106570 [ 1080095 ] {ce386fa5-aed5-4ff5-b732-186b9ed2cebe} <Error> ForcedCriticalErrorsLogger: Code: 49. DB::Exception: Expected to have only one join clause, got 2: [Left keys: [__table2.k1] Right keys [__table1.k1] Condition columns: '', '' | Left keys: [__table2.k2] Right keys [__table1.k2] Condition columns: '', ''], query: ' INNER JOIN ...'. (LOGICAL_ERROR), Stack trace (when copying this message, always include the lines below):

0. base/poco/Foundation/src/Exception.cpp:32:1: Poco::Exception::Exception(String&&, int) @ 0x000000001e1d1bb8
1. src/Common/Exception.cpp:158:7: DB::Exception::Exception(DB::Exception::MessageMasked&&, int, bool) @ 0x000000000eb8908c
2. src/Common/Exception.h:201:100: DB::Exception::Exception(String&&, int, String, bool) @ 0x0000000009979258
3. src/Common/Exception.h:57:54: DB::Exception::Exception(PreformattedMessage&&, int) @ 0x0000000009978c8c
4. src/Common/Exception.h:219:77: DB::Exception::Exception<unsigned long, fmt::v12::join_view<std::__wrap_iter<String*>, std::__wrap_iter<String*>, char>, String>(int, FormatStringHelperImpl<std::type_identity<unsigned long>::type, std::type_identity<fmt::v12::join_view<std::__wrap_iter<String*>, std::__wrap_iter<String*>, char>>::type, std::type_identity<String>::type>, unsigned long&&, fmt::v12::join_view<std::__wrap_iter<String*>, std::__wrap_iter<String*>, char>&&, String&&) @ 0x0000000014097ee0
5. src/Interpreters/TableJoin.cpp:1216:15: DB::TableJoin::assertHasOneOnExpr() const @ 0x0000000014097cf8
6. src/Interpreters/TableJoin.h:363:38: DB::Unified::HashJoin::supportParallelNonJoinedBlocksProcessing() const @ 0x00000000165d9af4
7. src/QueryPipeline/QueryPipelineBuilder.cpp:578:42: DB::QueryPipelineBuilder::joinPipelinesRightLeft(std::unique_ptr<DB::QueryPipelineBuilder, std::default_delete<DB::QueryPipelineBuilder>>, std::unique_ptr<DB::QueryPipelineBuilder, std::default_delete<DB::QueryPipelineBuilder>>, std::shared_ptr<DB::IJoin>, std::shared_ptr<DB::Block const>&, unsigned long, unsigned long, unsigned long, unsigned long, DB::IQueryPlanStep*, bool, std::list<std::shared_ptr<DB::IProcessor>, std::allocator<std::shared_ptr<DB::IProcessor>>>*) @ 0x0000000012cf9f04
8. src/Processors/QueryPlan/JoinStep.cpp:160:31: DB::JoinStep::updatePipeline(std::vector<std::unique_ptr<DB::QueryPipelineBuilder, std::default_delete<DB::QueryPipelineBuilder>>, AllocatorWithMemoryTracking<std::unique_ptr<DB::QueryPipelineBuilder, std::default_delete<DB::QueryPipelineBuilder>>>>, DB::BuildQueryPipelineSettings const&) @ 0x0000000019d44500
9. src/Processors/QueryPlan/QueryPlan.cpp:260:47: DB::QueryPlan::buildQueryPipeline(DB::QueryPlanOptimizationSettings const&, DB::BuildQueryPipelineSettings const&, bool) @ 0x0000000019da12c8
10. src/Interpreters/InterpreterSelectQueryAnalyzer.cpp:416:34: DB::InterpreterSelectQueryAnalyzer::buildQueryPipeline() @ 0x0000000013d9e0e0
11. src/Interpreters/InterpreterSelectQueryAnalyzer.cpp:374:29: DB::InterpreterSelectQueryAnalyzer::execute() @ 0x0000000013d9dd90
12. src/Interpreters/executeQuery.cpp:1954:40: DB::executeQueryImpl(char const*, char const*, std::shared_ptr<DB::Context>, DB::QueryFlags, DB::QueryProcessingStage::Enum, std::unique_ptr<DB::ReadBuffer, std::default_delete<DB::ReadBuffer>>&, boost::intrusive_ptr<DB::IAST>&, std::shared_ptr<DB::ImplicitTransactionControlExecutor>, std::function<void ()>, DB::QueryResultDetails&) @ 0x0000000014165df4
13. src/Interpreters/executeQuery.cpp:2438:11: DB::executeQuery(std::basic_string_view<char, std::char_traits<char>>, std::shared_ptr<DB::Context>, DB::QueryFlags, DB::QueryProcessingStage::Enum) @ 0x0000000014161810
14. src/Server/TCPHandler.cpp:899:68: DB::TCPHandler::runImpl() @ 0x00000000196c8980
15. src/Server/TCPHandler.cpp:3354:9: DB::TCPHandler::run() @ 0x00000000196e6744
16. base/poco/Net/src/TCPServerConnection.cpp:40:3: Poco::Net::TCPServerConnection::start() @ 0x000000001e24b798
17. base/poco/Net/src/TCPServerDispatcher.cpp:115:42: Poco::Net::TCPServerDispatcher::run() @ 0x000000001e24bd58
18. base/poco/Foundation/src/ThreadPool.cpp:207:14: Poco::PooledThread::run() @ 0x000000001e20c498
19. base/poco/Foundation/src/Thread_POSIX.cpp:341:27: Poco::ThreadImpl::runnableEntry(void*) @ 0x000000001e20a7b4
20. ? @ 0x000000000008c248
21. ? @ 0x00000000000f6adc

2026.08.02 16:01:52.106590 [ 1080095 ] {ce386fa5-aed5-4ff5-b732-186b9ed2cebe} <Error> ForcedCriticalErrorsLogger: Code: 49. DB::Exception: Expected to have only one join clause, got 2: [Left keys: [__table2.k1] Right keys [__table1.k1] Condition columns: '', '' | Left keys: [__table2.k2] Right keys [__table1.k2] Condition columns: '', ''], query: ' INNER JOIN ...'. (LOGICAL_ERROR), Stack trace (when copying this message, always include the lines below):

0. base/poco/Foundation/src/Exception.cpp:32:1: Poco::Exception::Exception(String&&, int) @ 0x000000001e1d1bb8
1. src/Common/Exception.cpp:158:7: DB::Exception::Exception(DB::Exception::MessageMasked&&, int, bool) @ 0x000000000eb8908c
2. src/Common/Exception.h:201:100: DB::Exception::Exception(String&&, int, String, bool) @ 0x0000000009979258
3. src/Common/Exception.h:57:54: DB::Exception::Exception(PreformattedMessage&&, int) @ 0x0000000009978c8c
4. src/Common/Exception.h:219:77: DB::Exception::Exception<unsigned long, fmt::v12::join_view<std::__wrap_iter<String*>, std::__wrap_iter<String*>, char>, String>(int, FormatStringHelperImpl<std::type_identity<unsigned long>::type, std::type_identity<fmt::v12::join_view<std::__wrap_iter<String*>, std::__wrap_iter<String*>, char>>::type, std::type_identity<String>::type>, unsigned long&&, fmt::v12::join_view<std::__wrap_iter<String*>, std::__wrap_iter<String*>, char>&&, String&&) @ 0x0000000014097ee0
5. src/Interpreters/TableJoin.cpp:1216:15: DB::TableJoin::assertHasOneOnExpr() const @ 0x0000000014097cf8
6. src/Interpreters/TableJoin.h:363:38: DB::Unified::HashJoin::supportParallelNonJoinedBlocksProcessing() const @ 0x00000000165d9af4
7. src/QueryPipeline/QueryPipelineBuilder.cpp:578:42: DB::QueryPipelineBuilder::joinPipelinesRightLeft(std::unique_ptr<DB::QueryPipelineBuilder, std::default_delete<DB::QueryPipelineBuilder>>, std::unique_ptr<DB::QueryPipelineBuilder, std::default_delete<DB::QueryPipelineBuilder>>, std::shared_ptr<DB::IJoin>, std::shared_ptr<DB::Block const>&, unsigned long, unsigned long, unsigned long, unsigned long, DB::IQueryPlanStep*, bool, std::list<std::shared_ptr<DB::IProcessor>, std::allocator<std::shared_ptr<DB::IProcessor>>>*) @ 0x0000000012cf9f04
8. src/Processors/QueryPlan/JoinStep.cpp:160:31: DB::JoinStep::updatePipeline(std::vector<std::unique_ptr<DB::QueryPipelineBuilder, std::default_delete<DB::QueryPipelineBuilder>>, AllocatorWithMemoryTracking<std::unique_ptr<DB::QueryPipelineBuilder, std::default_delete<DB::QueryPipelineBuilder>>>>, DB::BuildQueryPipelineSettings const&) @ 0x0000000019d44500
9. src/Processors/QueryPlan/QueryPlan.cpp:260:47: DB::QueryPlan::buildQueryPipeline(DB::QueryPlanOptimizationSettings const&, DB::BuildQueryPipelineSettings const&, bool) @ 0x0000000019da12c8
10. src/Interpreters/InterpreterSelectQueryAnalyzer.cpp:416:34: DB::InterpreterSelectQueryAnalyzer::buildQueryPipeline() @ 0x0000000013d9e0e0
11. src/Interpreters/InterpreterSelectQueryAnalyzer.cpp:374:29: DB::InterpreterSelectQueryAnalyzer::execute() @ 0x0000000013d9dd90
12. src/Interpreters/executeQuery.cpp:1954:40: DB::executeQueryImpl(char const*, char const*, std::shared_ptr<DB::Context>, DB::QueryFlags, DB::QueryProcessingStage::Enum, std::unique_ptr<DB::ReadBuffer, std::default_delete<DB::ReadBuffer>>&, boost::intrusive_ptr<DB::IAST>&, std::shared_ptr<DB::ImplicitTransactionControlExecutor>, std::function<void ()>, DB::QueryResultDetails&) @ 0x0000000014165df4
13. src/Interpreters/executeQuery.cpp:2438:11: DB::executeQuery(std::basic_string_view<char, std::char_traits<char>>, std::shared_ptr<DB::Context>, DB::QueryFlags, DB::QueryProcessingStage::Enum) @ 0x0000000014161810
14. src/Server/TCPHandler.cpp:899:68: DB::TCPHandler::runImpl() @ 0x00000000196c8980
15. src/Server/TCPHandler.cpp:3354:9: DB::TCPHandler::run() @ 0x00000000196e6744
16. base/poco/Net/src/TCPServerConnection.cpp:40:3: Poco::Net::TCPServerConnection::start() @ 0x000000001e24b798
17. base/poco/Net/src/TCPServerDispatcher.cpp:115:42: Poco::Net::TCPServerDispatcher::run() @ 0x000000001e24bd58
18. base/poco/Foundation/src/ThreadPool.cpp:207:14: Poco::PooledThread::run() @ 0x000000001e20c498
19. base/poco/Foundation/src/Thread_POSIX.cpp:341:27: Poco::ThreadImpl::runnableEntry(void*) @ 0x000000001e20a7b4
20. ? @ 0x000000000008c248
21. ? @ 0x00000000000f6adc

2026.08.02 16:01:52.106646 [ 1080095 ] {} <Error> TCPHandler: Code: 49. DB::Exception: Expected to have only one join clause, got 2: [Left keys: [__table2.k1] Right keys [__table1.k1] Condition columns: '', '' | Left keys: [__table2.k2] Right keys [__table1.k2] Condition columns: '', ''], query: ' INNER JOIN ...'. (LOGICAL_ERROR), Stack trace (when copying this message, always include the lines below):

0. base/poco/Foundation/src/Exception.cpp:32:1: Poco::Exception::Exception(String&&, int) @ 0x000000001e1d1bb8
1. src/Common/Exception.cpp:158:7: DB::Exception::Exception(DB::Exception::MessageMasked&&, int, bool) @ 0x000000000eb8908c
2. src/Common/Exception.h:201:100: DB::Exception::Exception(String&&, int, String, bool) @ 0x0000000009979258
3. src/Common/Exception.h:57:54: DB::Exception::Exception(PreformattedMessage&&, int) @ 0x0000000009978c8c
4. src/Common/Exception.h:219:77: DB::Exception::Exception<unsigned long, fmt::v12::join_view<std::__wrap_iter<String*>, std::__wrap_iter<String*>, char>, String>(int, FormatStringHelperImpl<std::type_identity<unsigned long>::type, std::type_identity<fmt::v12::join_view<std::__wrap_iter<String*>, std::__wrap_iter<String*>, char>>::type, std::type_identity<String>::type>, unsigned long&&, fmt::v12::join_view<std::__wrap_iter<String*>, std::__wrap_iter<String*>, char>&&, String&&) @ 0x0000000014097ee0
5. src/Interpreters/TableJoin.cpp:1216:15: DB::TableJoin::assertHasOneOnExpr() const @ 0x0000000014097cf8
6. src/Interpreters/TableJoin.h:363:38: DB::Unified::HashJoin::supportParallelNonJoinedBlocksProcessing() const @ 0x00000000165d9af4
7. src/QueryPipeline/QueryPipelineBuilder.cpp:578:42: DB::QueryPipelineBuilder::joinPipelinesRightLeft(std::unique_ptr<DB::QueryPipelineBuilder, std::default_delete<DB::QueryPipelineBuilder>>, std::unique_ptr<DB::QueryPipelineBuilder, std::default_delete<DB::QueryPipelineBuilder>>, std::shared_ptr<DB::IJoin>, std::shared_ptr<DB::Block const>&, unsigned long, unsigned long, unsigned long, unsigned long, DB::IQueryPlanStep*, bool, std::list<std::shared_ptr<DB::IProcessor>, std::allocator<std::shared_ptr<DB::IProcessor>>>*) @ 0x0000000012cf9f04
8. src/Processors/QueryPlan/JoinStep.cpp:160:31: DB::JoinStep::updatePipeline(std::vector<std::unique_ptr<DB::QueryPipelineBuilder, std::default_delete<DB::QueryPipelineBuilder>>, AllocatorWithMemoryTracking<std::unique_ptr<DB::QueryPipelineBuilder, std::default_delete<DB::QueryPipelineBuilder>>>>, DB::BuildQueryPipelineSettings const&) @ 0x0000000019d44500
9. src/Processors/QueryPlan/QueryPlan.cpp:260:47: DB::QueryPlan::buildQueryPipeline(DB::QueryPlanOptimizationSettings const&, DB::BuildQueryPipelineSettings const&, bool) @ 0x0000000019da12c8
10. src/Interpreters/InterpreterSelectQueryAnalyzer.cpp:416:34: DB::InterpreterSelectQueryAnalyzer::buildQueryPipeline() @ 0x0000000013d9e0e0
11. src/Interpreters/InterpreterSelectQueryAnalyzer.cpp:374:29: DB::InterpreterSelectQueryAnalyzer::execute() @ 0x0000000013d9dd90
12. src/Interpreters/executeQuery.cpp:1954:40: DB::executeQueryImpl(char const*, char const*, std::shared_ptr<DB::Context>, DB::QueryFlags, DB::QueryProcessingStage::Enum, std::unique_ptr<DB::ReadBuffer, std::default_delete<DB::ReadBuffer>>&, boost::intrusive_ptr<DB::IAST>&, std::shared_ptr<DB::ImplicitTransactionControlExecutor>, std::function<void ()>, DB::QueryResultDetails&) @ 0x0000000014165df4
13. src/Interpreters/executeQuery.cpp:2438:11: DB::executeQuery(std::basic_string_view<char, std::char_traits<char>>, std::shared_ptr<DB::Context>, DB::QueryFlags, DB::QueryProcessingStage::Enum) @ 0x0000000014161810
14. src/Server/TCPHandler.cpp:899:68: DB::TCPHandler::runImpl() @ 0x00000000196c8980
15. src/Server/TCPHandler.cpp:3354:9: DB::TCPHandler::run() @ 0x00000000196e6744
16. base/poco/Net/src/TCPServerConnection.cpp:40:3: Poco::Net::TCPServerConnection::start() @ 0x000000001e24b798
17. base/poco/Net/src/TCPServerDispatcher.cpp:115:42: Poco::Net::TCPServerDispatcher::run() @ 0x000000001e24bd58
18. base/poco/Foundation/src/ThreadPool.cpp:207:14: Poco::PooledThread::run() @ 0x000000001e20c498
19. base/poco/Foundation/src/Thread_POSIX.cpp:341:27: Poco::ThreadImpl::runnableEntry(void*) @ 0x000000001e20a7b4
20. ? @ 0x000000000008c248
21. ? @ 0x00000000000f6adc

2026.08.02 16:01:52.106665 [ 1080095 ] {} <Error> ForcedCriticalErrorsLogger: Code: 49. DB::Exception: Expected to have only one join clause, got 2: [Left keys: [__table2.k1] Right keys [__table1.k1] Condition columns: '', '' | Left keys: [__table2.k2] Right keys [__table1.k2] Condition columns: '', ''], query: ' INNER JOIN ...'. (LOGICAL_ERROR), Stack trace (when copying this message, always include the lines below):

0. base/poco/Foundation/src/Exception.cpp:32:1: Poco::Exception::Exception(String&&, int) @ 0x000000001e1d1bb8
1. src/Common/Exception.cpp:158:7: DB::Exception::Exception(DB::Exception::MessageMasked&&, int, bool) @ 0x000000000eb8908c
2. src/Common/Exception.h:201:100: DB::Exception::Exception(String&&, int, String, bool) @ 0x0000000009979258
3. src/Common/Exception.h:57:54: DB::Exception::Exception(PreformattedMessage&&, int) @ 0x0000000009978c8c
4. src/Common/Exception.h:219:77: DB::Exception::Exception<unsigned long, fmt::v12::join_view<std::__wrap_iter<String*>, std::__wrap_iter<String*>, char>, String>(int, FormatStringHelperImpl<std::type_identity<unsigned long>::type, std::type_identity<fmt::v12::join_view<std::__wrap_iter<String*>, std::__wrap_iter<String*>, char>>::type, std::type_identity<String>::type>, unsigned long&&, fmt::v12::join_view<std::__wrap_iter<String*>, std::__wrap_iter<String*>, char>&&, String&&) @ 0x0000000014097ee0
5. src/Interpreters/TableJoin.cpp:1216:15: DB::TableJoin::assertHasOneOnExpr() const @ 0x0000000014097cf8
6. src/Interpreters/TableJoin.h:363:38: DB::Unified::HashJoin::supportParallelNonJoinedBlocksProcessing() const @ 0x00000000165d9af4
7. src/QueryPipeline/QueryPipelineBuilder.cpp:578:42: DB::QueryPipelineBuilder::joinPipelinesRightLeft(std::unique_ptr<DB::QueryPipelineBuilder, std::default_delete<DB::QueryPipelineBuilder>>, std::unique_ptr<DB::QueryPipelineBuilder, std::default_delete<DB::QueryPipelineBuilder>>, std::shared_ptr<DB::IJoin>, std::shared_ptr<DB::Block const>&, unsigned long, unsigned long, unsigned long, unsigned long, DB::IQueryPlanStep*, bool, std::list<std::shared_ptr<DB::IProcessor>, std::allocator<std::shared_ptr<DB::IProcessor>>>*) @ 0x0000000012cf9f04
8. src/Processors/QueryPlan/JoinStep.cpp:160:31: DB::JoinStep::updatePipeline(std::vector<std::unique_ptr<DB::QueryPipelineBuilder, std::default_delete<DB::QueryPipelineBuilder>>, AllocatorWithMemoryTracking<std::unique_ptr<DB::QueryPipelineBuilder, std::default_delete<DB::QueryPipelineBuilder>>>>, DB::BuildQueryPipelineSettings const&) @ 0x0000000019d44500
9. src/Processors/QueryPlan/QueryPlan.cpp:260:47: DB::QueryPlan::buildQueryPipeline(DB::QueryPlanOptimizationSettings const&, DB::BuildQueryPipelineSettings const&, bool) @ 0x0000000019da12c8
10. src/Interpreters/InterpreterSelectQueryAnalyzer.cpp:416:34: DB::InterpreterSelectQueryAnalyzer::buildQueryPipeline() @ 0x0000000013d9e0e0
11. src/Interpreters/InterpreterSelectQueryAnalyzer.cpp:374:29: DB::InterpreterSelectQueryAnalyzer::execute() @ 0x0000000013d9dd90
12. src/Interpreters/executeQuery.cpp:1954:40: DB::executeQueryImpl(char const*, char const*, std::shared_ptr<DB::Context>, DB::QueryFlags, DB::QueryProcessingStage::Enum, std::unique_ptr<DB::ReadBuffer, std::default_delete<DB::ReadBuffer>>&, boost::intrusive_ptr<DB::IAST>&, std::shared_ptr<DB::ImplicitTransactionControlExecutor>, std::function<void ()>, DB::QueryResultDetails&) @ 0x0000000014165df4
13. src/Interpreters/executeQuery.cpp:2438:11: DB::executeQuery(std::basic_string_view<char, std::char_traits<char>>, std::shared_ptr<DB::Context>, DB::QueryFlags, DB::QueryProcessingStage::Enum) @ 0x0000000014161810
14. src/Server/TCPHandler.cpp:899:68: DB::TCPHandler::runImpl() @ 0x00000000196c8980
15. src/Server/TCPHandler.cpp:3354:9: DB::TCPHandler::run() @ 0x00000000196e6744
16. base/poco/Net/src/TCPServerConnection.cpp:40:3: Poco::Net::TCPServerConnection::start() @ 0x000000001e24b798
17. base/poco/Net/src/TCPServerDispatcher.cpp:115:42: Poco::Net::TCPServerDispatcher::run() @ 0x000000001e24bd58
18. base/poco/Foundation/src/ThreadPool.cpp:207:14: Poco::PooledThread::run() @ 0x000000001e20c498
19. base/poco/Foundation/src/Thread_POSIX.cpp:341:27: Poco::ThreadImpl::runnableEntry(void*) @ 0x000000001e20a7b4
20. ? @ 0x000000000008c248
21. ? @ 0x00000000000f6adc

2026.08.02 16:01:52.234051 [ 1080095 ] {95f9e735-5a41-41f7-b6f5-e303e82ba511} <Error> executeQuery: Code: 49. DB::Exception: Expected to have only one join clause, got 2: [Left keys: [__table2.k1] Right keys [__table1.k1] Condition columns: '', '' | Left keys: [__table2.k2] Right keys [__table1.k2] Condition columns: '', ''], query: ' INNER JOIN ...'. (LOGICAL_ERROR) (version 26.8.1.1) (from 127.0.0.1:57856) (query 1, line 1) (in query: SELECT l.k1,l.k2,l.v,r.k1,r.k2,r.w FROM av2.orl AS l FULL JOIN av2.orr AS r ON l.k1=r.k1 OR l.k2=r.k2 ORDER BY r.k1,r.k2,r.w,l.k1,l.k2,l.v SETTINGS join_algorithm='unified_hash'), Stack trace (when copying this message, always include the lines below):

0. base/poco/Foundation/src/Exception.cpp:32:1: Poco::Exception::Exception(String&&, int) @ 0x000000001e1d1bb8
1. src/Common/Exception.cpp:158:7: DB::Exception::Exception(DB::Exception::MessageMasked&&, int, bool) @ 0x000000000eb8908c
2. src/Common/Exception.h:201:100: DB::Exception::Exception(String&&, int, String, bool) @ 0x0000000009979258
3. src/Common/Exception.h:57:54: DB::Exception::Exception(PreformattedMessage&&, int) @ 0x0000000009978c8c
4. src/Common/Exception.h:219:77: DB::Exception::Exception<unsigned long, fmt::v12::join_view<std::__wrap_iter<String*>, std::__wrap_iter<String*>, char>, String>(int, FormatStringHelperImpl<std::type_identity<unsigned long>::type, std::type_identity<fmt::v12::join_view<std::__wrap_iter<String*>, std::__wrap_iter<String*>, char>>::type, std::type_identity<String>::type>, unsigned long&&, fmt::v12::join_view<std::__wrap_iter<String*>, std::__wrap_iter<String*>, char>&&, String&&) @ 0x0000000014097ee0
5. src/Interpreters/TableJoin.cpp:1216:15: DB::TableJoin::assertHasOneOnExpr() const @ 0x0000000014097cf8
6. src/Interpreters/TableJoin.h:363:38: DB::Unified::HashJoin::supportParallelNonJoinedBlocksProcessing() const @ 0x00000000165d9af4
7. src/QueryPipeline/QueryPipelineBuilder.cpp:578:42: DB::QueryPipelineBuilder::joinPipelinesRightLeft(std::unique_ptr<DB::QueryPipelineBuilder, std::default_delete<DB::QueryPipelineBuilder>>, std::unique_ptr<DB::QueryPipelineBuilder, std::default_delete<DB::QueryPipelineBuilder>>, std::shared_ptr<DB::IJoin>, std::shared_ptr<DB::Block const>&, unsigned long, unsigned long, unsigned long, unsigned long, DB::IQueryPlanStep*, bool, std::list<std::shared_ptr<DB::IProcessor>, std::allocator<std::shared_ptr<DB::IProcessor>>>*) @ 0x0000000012cf9f04
8. src/Processors/QueryPlan/JoinStep.cpp:160:31: DB::JoinStep::updatePipeline(std::vector<std::unique_ptr<DB::QueryPipelineBuilder, std::default_delete<DB::QueryPipelineBuilder>>, AllocatorWithMemoryTracking<std::unique_ptr<DB::QueryPipelineBuilder, std::default_delete<DB::QueryPipelineBuilder>>>>, DB::BuildQueryPipelineSettings const&) @ 0x0000000019d44500
9. src/Processors/QueryPlan/QueryPlan.cpp:260:47: DB::QueryPlan::buildQueryPipeline(DB::QueryPlanOptimizationSettings const&, DB::BuildQueryPipelineSettings const&, bool) @ 0x0000000019da12c8
10. src/Interpreters/InterpreterSelectQueryAnalyzer.cpp:416:34: DB::InterpreterSelectQueryAnalyzer::buildQueryPipeline() @ 0x0000000013d9e0e0
11. src/Interpreters/InterpreterSelectQueryAnalyzer.cpp:374:29: DB::InterpreterSelectQueryAnalyzer::execute() @ 0x0000000013d9dd90
12. src/Interpreters/executeQuery.cpp:1954:40: DB::executeQueryImpl(char const*, char const*, std::shared_ptr<DB::Context>, DB::QueryFlags, DB::QueryProcessingStage::Enum, std::unique_ptr<DB::ReadBuffer, std::default_delete<DB::ReadBuffer>>&, boost::intrusive_ptr<DB::IAST>&, std::shared_ptr<DB::ImplicitTransactionControlExecutor>, std::function<void ()>, DB::QueryResultDetails&) @ 0x0000000014165df4
13. src/Interpreters/executeQuery.cpp:2438:11: DB::executeQuery(std::basic_string_view<char, std::char_traits<char>>, std::shared_ptr<DB::Context>, DB::QueryFlags, DB::QueryProcessingStage::Enum) @ 0x0000000014161810
14. src/Server/TCPHandler.cpp:899:68: DB::TCPHandler::runImpl() @ 0x00000000196c8980
15. src/Server/TCPHandler.cpp:3354:9: DB::TCPHandler::run() @ 0x00000000196e6744
16. base/poco/Net/src/TCPServerConnection.cpp:40:3: Poco::Net::TCPServerConnection::start() @ 0x000000001e24b798
17. base/poco/Net/src/TCPServerDispatcher.cpp:115:42: Poco::Net::TCPServerDispatcher::run() @ 0x000000001e24bd58
18. base/poco/Foundation/src/ThreadPool.cpp:207:14: Poco::PooledThread::run() @ 0x000000001e20c498
19. base/poco/Foundation/src/Thread_POSIX.cpp:341:27: Poco::ThreadImpl::runnableEntry(void*) @ 0x000000001e20a7b4
20. ? @ 0x000000000008c248
21. ? @ 0x00000000000f6adc

2026.08.02 16:01:52.234131 [ 1080095 ] {95f9e735-5a41-41f7-b6f5-e303e82ba511} <Error> ForcedCriticalErrorsLogger: Code: 49. DB::Exception: Expected to have only one join clause, got 2: [Left keys: [__table2.k1] Right keys [__table1.k1] Condition columns: '', '' | Left keys: [__table2.k2] Right keys [__table1.k2] Condition columns: '', ''], query: ' INNER JOIN ...'. (LOGICAL_ERROR), Stack trace (when copying this message, always include the lines below):

0. base/poco/Foundation/src/Exception.cpp:32:1: Poco::Exception::Exception(String&&, int) @ 0x000000001e1d1bb8
1. src/Common/Exception.cpp:158:7: DB::Exception::Exception(DB::Exception::MessageMasked&&, int, bool) @ 0x000000000eb8908c
2. src/Common/Exception.h:201:100: DB::Exception::Exception(String&&, int, String, bool) @ 0x0000000009979258
3. src/Common/Exception.h:57:54: DB::Exception::Exception(PreformattedMessage&&, int) @ 0x0000000009978c8c
4. src/Common/Exception.h:219:77: DB::Exception::Exception<unsigned long, fmt::v12::join_view<std::__wrap_iter<String*>, std::__wrap_iter<String*>, char>, String>(int, FormatStringHelperImpl<std::type_identity<unsigned long>::type, std::type_identity<fmt::v12::join_view<std::__wrap_iter<String*>, std::__wrap_iter<String*>, char>>::type, std::type_identity<String>::type>, unsigned long&&, fmt::v12::join_view<std::__wrap_iter<String*>, std::__wrap_iter<String*>, char>&&, String&&) @ 0x0000000014097ee0
5. src/Interpreters/TableJoin.cpp:1216:15: DB::TableJoin::assertHasOneOnExpr() const @ 0x0000000014097cf8
6. src/Interpreters/TableJoin.h:363:38: DB::Unified::HashJoin::supportParallelNonJoinedBlocksProcessing() const @ 0x00000000165d9af4
7. src/QueryPipeline/QueryPipelineBuilder.cpp:578:42: DB::QueryPipelineBuilder::joinPipelinesRightLeft(std::unique_ptr<DB::QueryPipelineBuilder, std::default_delete<DB::QueryPipelineBuilder>>, std::unique_ptr<DB::QueryPipelineBuilder, std::default_delete<DB::QueryPipelineBuilder>>, std::shared_ptr<DB::IJoin>, std::shared_ptr<DB::Block const>&, unsigned long, unsigned long, unsigned long, unsigned long, DB::IQueryPlanStep*, bool, std::list<std::shared_ptr<DB::IProcessor>, std::allocator<std::shared_ptr<DB::IProcessor>>>*) @ 0x0000000012cf9f04
8. src/Processors/QueryPlan/JoinStep.cpp:160:31: DB::JoinStep::updatePipeline(std::vector<std::unique_ptr<DB::QueryPipelineBuilder, std::default_delete<DB::QueryPipelineBuilder>>, AllocatorWithMemoryTracking<std::unique_ptr<DB::QueryPipelineBuilder, std::default_delete<DB::QueryPipelineBuilder>>>>, DB::BuildQueryPipelineSettings const&) @ 0x0000000019d44500
9. src/Processors/QueryPlan/QueryPlan.cpp:260:47: DB::QueryPlan::buildQueryPipeline(DB::QueryPlanOptimizationSettings const&, DB::BuildQueryPipelineSettings const&, bool) @ 0x0000000019da12c8
10. src/Interpreters/InterpreterSelectQueryAnalyzer.cpp:416:34: DB::InterpreterSelectQueryAnalyzer::buildQueryPipeline() @ 0x0000000013d9e0e0
11. src/Interpreters/InterpreterSelectQueryAnalyzer.cpp:374:29: DB::InterpreterSelectQueryAnalyzer::execute() @ 0x0000000013d9dd90
12. src/Interpreters/executeQuery.cpp:1954:40: DB::executeQueryImpl(char const*, char const*, std::shared_ptr<DB::Context>, DB::QueryFlags, DB::QueryProcessingStage::Enum, std::unique_ptr<DB::ReadBuffer, std::default_delete<DB::ReadBuffer>>&, boost::intrusive_ptr<DB::IAST>&, std::shared_ptr<DB::ImplicitTransactionControlExecutor>, std::function<void ()>, DB::QueryResultDetails&) @ 0x0000000014165df4
13. src/Interpreters/executeQuery.cpp:2438:11: DB::executeQuery(std::basic_string_view<char, std::char_traits<char>>, std::shared_ptr<DB::Context>, DB::QueryFlags, DB::QueryProcessingStage::Enum) @ 0x0000000014161810
14. src/Server/TCPHandler.cpp:899:68: DB::TCPHandler::runImpl() @ 0x00000000196c8980
15. src/Server/TCPHandler.cpp:3354:9: DB::TCPHandler::run() @ 0x00000000196e6744
16. base/poco/Net/src/TCPServerConnection.cpp:40:3: Poco::Net::TCPServerConnection::start() @ 0x000000001e24b798
17. base/poco/Net/src/TCPServerDispatcher.cpp:115:42: Poco::Net::TCPServerDispatcher::run() @ 0x000000001e24bd58
18. base/poco/Foundation/src/ThreadPool.cpp:207:14: Poco::PooledThread::run() @ 0x000000001e20c498
19. base/poco/Foundation/src/Thread_POSIX.cpp:341:27: Poco::ThreadImpl::runnableEntry(void*) @ 0x000000001e20a7b4
20. ? @ 0x000000000008c248
21. ? @ 0x00000000000f6adc

2026.08.02 16:01:52.234146 [ 1080095 ] {95f9e735-5a41-41f7-b6f5-e303e82ba511} <Error> ForcedCriticalErrorsLogger: Code: 49. DB::Exception: Expected to have only one join clause, got 2: [Left keys: [__table2.k1] Right keys [__table1.k1] Condition columns: '', '' | Left keys: [__table2.k2] Right keys [__table1.k2] Condition columns: '', ''], query: ' INNER JOIN ...'. (LOGICAL_ERROR), Stack trace (when copying this message, always include the lines below):

0. base/poco/Foundation/src/Exception.cpp:32:1: Poco::Exception::Exception(String&&, int) @ 0x000000001e1d1bb8
1. src/Common/Exception.cpp:158:7: DB::Exception::Exception(DB::Exception::MessageMasked&&, int, bool) @ 0x000000000eb8908c
2. src/Common/Exception.h:201:100: DB::Exception::Exception(String&&, int, String, bool) @ 0x0000000009979258
3. src/Common/Exception.h:57:54: DB::Exception::Exception(PreformattedMessage&&, int) @ 0x0000000009978c8c
4. src/Common/Exception.h:219:77: DB::Exception::Exception<unsigned long, fmt::v12::join_view<std::__wrap_iter<String*>, std::__wrap_iter<String*>, char>, String>(int, FormatStringHelperImpl<std::type_identity<unsigned long>::type, std::type_identity<fmt::v12::join_view<std::__wrap_iter<String*>, std::__wrap_iter<String*>, char>>::type, std::type_identity<String>::type>, unsigned long&&, fmt::v12::join_view<std::__wrap_iter<String*>, std::__wrap_iter<String*>, char>&&, String&&) @ 0x0000000014097ee0
5. src/Interpreters/TableJoin.cpp:1216:15: DB::TableJoin::assertHasOneOnExpr() const @ 0x0000000014097cf8
6. src/Interpreters/TableJoin.h:363:38: DB::Unified::HashJoin::supportParallelNonJoinedBlocksProcessing() const @ 0x00000000165d9af4
7. src/QueryPipeline/QueryPipelineBuilder.cpp:578:42: DB::QueryPipelineBuilder::joinPipelinesRightLeft(std::unique_ptr<DB::QueryPipelineBuilder, std::default_delete<DB::QueryPipelineBuilder>>, std::unique_ptr<DB::QueryPipelineBuilder, std::default_delete<DB::QueryPipelineBuilder>>, std::shared_ptr<DB::IJoin>, std::shared_ptr<DB::Block const>&, unsigned long, unsigned long, unsigned long, unsigned long, DB::IQueryPlanStep*, bool, std::list<std::shared_ptr<DB::IProcessor>, std::allocator<std::shared_ptr<DB::IProcessor>>>*) @ 0x0000000012cf9f04
8. src/Processors/QueryPlan/JoinStep.cpp:160:31: DB::JoinStep::updatePipeline(std::vector<std::unique_ptr<DB::QueryPipelineBuilder, std::default_delete<DB::QueryPipelineBuilder>>, AllocatorWithMemoryTracking<std::unique_ptr<DB::QueryPipelineBuilder, std::default_delete<DB::QueryPipelineBuilder>>>>, DB::BuildQueryPipelineSettings const&) @ 0x0000000019d44500
9. src/Processors/QueryPlan/QueryPlan.cpp:260:47: DB::QueryPlan::buildQueryPipeline(DB::QueryPlanOptimizationSettings const&, DB::BuildQueryPipelineSettings const&, bool) @ 0x0000000019da12c8
10. src/Interpreters/InterpreterSelectQueryAnalyzer.cpp:416:34: DB::InterpreterSelectQueryAnalyzer::buildQueryPipeline() @ 0x0000000013d9e0e0
11. src/Interpreters/InterpreterSelectQueryAnalyzer.cpp:374:29: DB::InterpreterSelectQueryAnalyzer::execute() @ 0x0000000013d9dd90
12. src/Interpreters/executeQuery.cpp:1954:40: DB::executeQueryImpl(char const*, char const*, std::shared_ptr<DB::Context>, DB::QueryFlags, DB::QueryProcessingStage::Enum, std::unique_ptr<DB::ReadBuffer, std::default_delete<DB::ReadBuffer>>&, boost::intrusive_ptr<DB::IAST>&, std::shared_ptr<DB::ImplicitTransactionControlExecutor>, std::function<void ()>, DB::QueryResultDetails&) @ 0x0000000014165df4
13. src/Interpreters/executeQuery.cpp:2438:11: DB::executeQuery(std::basic_string_view<char, std::char_traits<char>>, std::shared_ptr<DB::Context>, DB::QueryFlags, DB::QueryProcessingStage::Enum) @ 0x0000000014161810
14. src/Server/TCPHandler.cpp:899:68: DB::TCPHandler::runImpl() @ 0x00000000196c8980
15. src/Server/TCPHandler.cpp:3354:9: DB::TCPHandler::run() @ 0x00000000196e6744
16. base/poco/Net/src/TCPServerConnection.cpp:40:3: Poco::Net::TCPServerConnection::start() @ 0x000000001e24b798
17. base/poco/Net/src/TCPServerDispatcher.cpp:115:42: Poco::Net::TCPServerDispatcher::run() @ 0x000000001e24bd58
18. base/poco/Foundation/src/ThreadPool.cpp:207:14: Poco::PooledThread::run() @ 0x000000001e20c498
19. base/poco/Foundation/src/Thread_POSIX.cpp:341:27: Poco::ThreadImpl::runnableEntry(void*) @ 0x000000001e20a7b4
20. ? @ 0x000000000008c248
21. ? @ 0x00000000000f6adc

2026.08.02 16:01:52.234200 [ 1080095 ] {} <Error> TCPHandler: Code: 49. DB::Exception: Expected to have only one join clause, got 2: [Left keys: [__table2.k1] Right keys [__table1.k1] Condition columns: '', '' | Left keys: [__table2.k2] Right keys [__table1.k2] Condition columns: '', ''], query: ' INNER JOIN ...'. (LOGICAL_ERROR), Stack trace (when copying this message, always include the lines below):

0. base/poco/Foundation/src/Exception.cpp:32:1: Poco::Exception::Exception(String&&, int) @ 0x000000001e1d1bb8
1. src/Common/Exception.cpp:158:7: DB::Exception::Exception(DB::Exception::MessageMasked&&, int, bool) @ 0x000000000eb8908c
2. src/Common/Exception.h:201:100: DB::Exception::Exception(String&&, int, String, bool) @ 0x0000000009979258
3. src/Common/Exception.h:57:54: DB::Exception::Exception(PreformattedMessage&&, int) @ 0x0000000009978c8c
4. src/Common/Exception.h:219:77: DB::Exception::Exception<unsigned long, fmt::v12::join_view<std::__wrap_iter<String*>, std::__wrap_iter<String*>, char>, String>(int, FormatStringHelperImpl<std::type_identity<unsigned long>::type, std::type_identity<fmt::v12::join_view<std::__wrap_iter<String*>, std::__wrap_iter<String*>, char>>::type, std::type_identity<String>::type>, unsigned long&&, fmt::v12::join_view<std::__wrap_iter<String*>, std::__wrap_iter<String*>, char>&&, String&&) @ 0x0000000014097ee0
5. src/Interpreters/TableJoin.cpp:1216:15: DB::TableJoin::assertHasOneOnExpr() const @ 0x0000000014097cf8
6. src/Interpreters/TableJoin.h:363:38: DB::Unified::HashJoin::supportParallelNonJoinedBlocksProcessing() const @ 0x00000000165d9af4
7. src/QueryPipeline/QueryPipelineBuilder.cpp:578:42: DB::QueryPipelineBuilder::joinPipelinesRightLeft(std::unique_ptr<DB::QueryPipelineBuilder, std::default_delete<DB::QueryPipelineBuilder>>, std::unique_ptr<DB::QueryPipelineBuilder, std::default_delete<DB::QueryPipelineBuilder>>, std::shared_ptr<DB::IJoin>, std::shared_ptr<DB::Block const>&, unsigned long, unsigned long, unsigned long, unsigned long, DB::IQueryPlanStep*, bool, std::list<std::shared_ptr<DB::IProcessor>, std::allocator<std::shared_ptr<DB::IProcessor>>>*) @ 0x0000000012cf9f04
8. src/Processors/QueryPlan/JoinStep.cpp:160:31: DB::JoinStep::updatePipeline(std::vector<std::unique_ptr<DB::QueryPipelineBuilder, std::default_delete<DB::QueryPipelineBuilder>>, AllocatorWithMemoryTracking<std::unique_ptr<DB::QueryPipelineBuilder, std::default_delete<DB::QueryPipelineBuilder>>>>, DB::BuildQueryPipelineSettings const&) @ 0x0000000019d44500
9. src/Processors/QueryPlan/QueryPlan.cpp:260:47: DB::QueryPlan::buildQueryPipeline(DB::QueryPlanOptimizationSettings const&, DB::BuildQueryPipelineSettings const&, bool) @ 0x0000000019da12c8
10. src/Interpreters/InterpreterSelectQueryAnalyzer.cpp:416:34: DB::InterpreterSelectQueryAnalyzer::buildQueryPipeline() @ 0x0000000013d9e0e0
11. src/Interpreters/InterpreterSelectQueryAnalyzer.cpp:374:29: DB::InterpreterSelectQueryAnalyzer::execute() @ 0x0000000013d9dd90
12. src/Interpreters/executeQuery.cpp:1954:40: DB::executeQueryImpl(char const*, char const*, std::shared_ptr<DB::Context>, DB::QueryFlags, DB::QueryProcessingStage::Enum, std::unique_ptr<DB::ReadBuffer, std::default_delete<DB::ReadBuffer>>&, boost::intrusive_ptr<DB::IAST>&, std::shared_ptr<DB::ImplicitTransactionControlExecutor>, std::function<void ()>, DB::QueryResultDetails&) @ 0x0000000014165df4
13. src/Interpreters/executeQuery.cpp:2438:11: DB::executeQuery(std::basic_string_view<char, std::char_traits<char>>, std::shared_ptr<DB::Context>, DB::QueryFlags, DB::QueryProcessingStage::Enum) @ 0x0000000014161810
14. src/Server/TCPHandler.cpp:899:68: DB::TCPHandler::runImpl() @ 0x00000000196c8980
15. src/Server/TCPHandler.cpp:3354:9: DB::TCPHandler::run() @ 0x00000000196e6744
16. base/poco/Net/src/TCPServerConnection.cpp:40:3: Poco::Net::TCPServerConnection::start() @ 0x000000001e24b798
17. base/poco/Net/src/TCPServerDispatcher.cpp:115:42: Poco::Net::TCPServerDispatcher::run() @ 0x000000001e24bd58
18. base/poco/Foundation/src/ThreadPool.cpp:207:14: Poco::PooledThread::run() @ 0x000000001e20c498
19. base/poco/Foundation/src/Thread_POSIX.cpp:341:27: Poco::ThreadImpl::runnableEntry(void*) @ 0x000000001e20a7b4
20. ? @ 0x000000000008c248
21. ? @ 0x00000000000f6adc

2026.08.02 16:01:52.234207 [ 1080095 ] {} <Error> ForcedCriticalErrorsLogger: Code: 49. DB::Exception: Expected to have only one join clause, got 2: [Left keys: [__table2.k1] Right keys [__table1.k1] Condition columns: '', '' | Left keys: [__table2.k2] Right keys [__table1.k2] Condition columns: '', ''], query: ' INNER JOIN ...'. (LOGICAL_ERROR), Stack trace (when copying this message, always include the lines below):

0. base/poco/Foundation/src/Exception.cpp:32:1: Poco::Exception::Exception(String&&, int) @ 0x000000001e1d1bb8
1. src/Common/Exception.cpp:158:7: DB::Exception::Exception(DB::Exception::MessageMasked&&, int, bool) @ 0x000000000eb8908c
2. src/Common/Exception.h:201:100: DB::Exception::Exception(String&&, int, String, bool) @ 0x0000000009979258
3. src/Common/Exception.h:57:54: DB::Exception::Exception(PreformattedMessage&&, int) @ 0x0000000009978c8c
4. src/Common/Exception.h:219:77: DB::Exception::Exception<unsigned long, fmt::v12::join_view<std::__wrap_iter<String*>, std::__wrap_iter<String*>, char>, String>(int, FormatStringHelperImpl<std::type_identity<unsigned long>::type, std::type_identity<fmt::v12::join_view<std::__wrap_iter<String*>, std::__wrap_iter<String*>, char>>::type, std::type_identity<String>::type>, unsigned long&&, fmt::v12::join_view<std::__wrap_iter<String*>, std::__wrap_iter<String*>, char>&&, String&&) @ 0x0000000014097ee0
5. src/Interpreters/TableJoin.cpp:1216:15: DB::TableJoin::assertHasOneOnExpr() const @ 0x0000000014097cf8
6. src/Interpreters/TableJoin.h:363:38: DB::Unified::HashJoin::supportParallelNonJoinedBlocksProcessing() const @ 0x00000000165d9af4
7. src/QueryPipeline/QueryPipelineBuilder.cpp:578:42: DB::QueryPipelineBuilder::joinPipelinesRightLeft(std::unique_ptr<DB::QueryPipelineBuilder, std::default_delete<DB::QueryPipelineBuilder>>, std::unique_ptr<DB::QueryPipelineBuilder, std::default_delete<DB::QueryPipelineBuilder>>, std::shared_ptr<DB::IJoin>, std::shared_ptr<DB::Block const>&, unsigned long, unsigned long, unsigned long, unsigned long, DB::IQueryPlanStep*, bool, std::list<std::shared_ptr<DB::IProcessor>, std::allocator<std::shared_ptr<DB::IProcessor>>>*) @ 0x0000000012cf9f04
8. src/Processors/QueryPlan/JoinStep.cpp:160:31: DB::JoinStep::updatePipeline(std::vector<std::unique_ptr<DB::QueryPipelineBuilder, std::default_delete<DB::QueryPipelineBuilder>>, AllocatorWithMemoryTracking<std::unique_ptr<DB::QueryPipelineBuilder, std::default_delete<DB::QueryPipelineBuilder>>>>, DB::BuildQueryPipelineSettings const&) @ 0x0000000019d44500
9. src/Processors/QueryPlan/QueryPlan.cpp:260:47: DB::QueryPlan::buildQueryPipeline(DB::QueryPlanOptimizationSettings const&, DB::BuildQueryPipelineSettings const&, bool) @ 0x0000000019da12c8
10. src/Interpreters/InterpreterSelectQueryAnalyzer.cpp:416:34: DB::InterpreterSelectQueryAnalyzer::buildQueryPipeline() @ 0x0000000013d9e0e0
11. src/Interpreters/InterpreterSelectQueryAnalyzer.cpp:374:29: DB::InterpreterSelectQueryAnalyzer::execute() @ 0x0000000013d9dd90
12. src/Interpreters/executeQuery.cpp:1954:40: DB::executeQueryImpl(char const*, char const*, std::shared_ptr<DB::Context>, DB::QueryFlags, DB::QueryProcessingStage::Enum, std::unique_ptr<DB::ReadBuffer, std::default_delete<DB::ReadBuffer>>&, boost::intrusive_ptr<DB::IAST>&, std::shared_ptr<DB::ImplicitTransactionControlExecutor>, std::function<void ()>, DB::QueryResultDetails&) @ 0x0000000014165df4
13. src/Interpreters/executeQuery.cpp:2438:11: DB::executeQuery(std::basic_string_view<char, std::char_traits<char>>, std::shared_ptr<DB::Context>, DB::QueryFlags, DB::QueryProcessingStage::Enum) @ 0x0000000014161810
14. src/Server/TCPHandler.cpp:899:68: DB::TCPHandler::runImpl() @ 0x00000000196c8980
15. src/Server/TCPHandler.cpp:3354:9: DB::TCPHandler::run() @ 0x00000000196e6744
16. base/poco/Net/src/TCPServerConnection.cpp:40:3: Poco::Net::TCPServerConnection::start() @ 0x000000001e24b798
17. base/poco/Net/src/TCPServerDispatcher.cpp:115:42: Poco::Net::TCPServerDispatcher::run() @ 0x000000001e24bd58
18. base/poco/Foundation/src/ThreadPool.cpp:207:14: Poco::PooledThread::run() @ 0x000000001e20c498
19. base/poco/Foundation/src/Thread_POSIX.cpp:341:27: Poco::ThreadImpl::runnableEntry(void*) @ 0x000000001e20a7b4
20. ? @ 0x000000000008c248
21. ? @ 0x00000000000f6adc

2026.08.02 16:01:52.363231 [ 1080095 ] {412b4652-4ccb-4ade-ae0d-a22b56c294ac} <Error> executeQuery: Code: 49. DB::Exception: Expected to have only one join clause, got 2: [Left keys: [__table2.k1] Right keys [__table1.k1] Condition columns: '', '' | Left keys: [__table2.k2] Right keys [__table1.k2] Condition columns: '', ''], query: ' INNER JOIN ...'. (LOGICAL_ERROR) (version 26.8.1.1) (from 127.0.0.1:57862) (query 1, line 1) (in query: SELECT l.k1,l.k2,l.v,r.k1,r.k2,r.w FROM av2.orl AS l FULL JOIN av2.orr AS r ON l.k1=r.k1 OR l.k2=r.k2 ORDER BY r.k1,r.k2,r.w,l.k1,l.k2,l.v SETTINGS join_algorithm='unified_hash'), Stack trace (when copying this message, always include the lines below):

0. base/poco/Foundation/src/Exception.cpp:32:1: Poco::Exception::Exception(String&&, int) @ 0x000000001e1d1bb8
1. src/Common/Exception.cpp:158:7: DB::Exception::Exception(DB::Exception::MessageMasked&&, int, bool) @ 0x000000000eb8908c
2. src/Common/Exception.h:201:100: DB::Exception::Exception(String&&, int, String, bool) @ 0x0000000009979258
3. src/Common/Exception.h:57:54: DB::Exception::Exception(PreformattedMessage&&, int) @ 0x0000000009978c8c
4. src/Common/Exception.h:219:77: DB::Exception::Exception<unsigned long, fmt::v12::join_view<std::__wrap_iter<String*>, std::__wrap_iter<String*>, char>, String>(int, FormatStringHelperImpl<std::type_identity<unsigned long>::type, std::type_identity<fmt::v12::join_view<std::__wrap_iter<String*>, std::__wrap_iter<String*>, char>>::type, std::type_identity<String>::type>, unsigned long&&, fmt::v12::join_view<std::__wrap_iter<String*>, std::__wrap_iter<String*>, char>&&, String&&) @ 0x0000000014097ee0
5. src/Interpreters/TableJoin.cpp:1216:15: DB::TableJoin::assertHasOneOnExpr() const @ 0x0000000014097cf8
6. src/Interpreters/TableJoin.h:363:38: DB::Unified::HashJoin::supportParallelNonJoinedBlocksProcessing() const @ 0x00000000165d9af4
7. src/QueryPipeline/QueryPipelineBuilder.cpp:578:42: DB::QueryPipelineBuilder::joinPipelinesRightLeft(std::unique_ptr<DB::QueryPipelineBuilder, std::default_delete<DB::QueryPipelineBuilder>>, std::unique_ptr<DB::QueryPipelineBuilder, std::default_delete<DB::QueryPipelineBuilder>>, std::shared_ptr<DB::IJoin>, std::shared_ptr<DB::Block const>&, unsigned long, unsigned long, unsigned long, unsigned long, DB::IQueryPlanStep*, bool, std::list<std::shared_ptr<DB::IProcessor>, std::allocator<std::shared_ptr<DB::IProcessor>>>*) @ 0x0000000012cf9f04
8. src/Processors/QueryPlan/JoinStep.cpp:160:31: DB::JoinStep::updatePipeline(std::vector<std::unique_ptr<DB::QueryPipelineBuilder, std::default_delete<DB::QueryPipelineBuilder>>, AllocatorWithMemoryTracking<std::unique_ptr<DB::QueryPipelineBuilder, std::default_delete<DB::QueryPipelineBuilder>>>>, DB::BuildQueryPipelineSettings const&) @ 0x0000000019d44500
9. src/Processors/QueryPlan/QueryPlan.cpp:260:47: DB::QueryPlan::buildQueryPipeline(DB::QueryPlanOptimizationSettings const&, DB::BuildQueryPipelineSettings const&, bool) @ 0x0000000019da12c8
10. src/Interpreters/InterpreterSelectQueryAnalyzer.cpp:416:34: DB::InterpreterSelectQueryAnalyzer::buildQueryPipeline() @ 0x0000000013d9e0e0
11. src/Interpreters/InterpreterSelectQueryAnalyzer.cpp:374:29: DB::InterpreterSelectQueryAnalyzer::execute() @ 0x0000000013d9dd90
12. src/Interpreters/executeQuery.cpp:1954:40: DB::executeQueryImpl(char const*, char const*, std::shared_ptr<DB::Context>, DB::QueryFlags, DB::QueryProcessingStage::Enum, std::unique_ptr<DB::ReadBuffer, std::default_delete<DB::ReadBuffer>>&, boost::intrusive_ptr<DB::IAST>&, std::shared_ptr<DB::ImplicitTransactionControlExecutor>, std::function<void ()>, DB::QueryResultDetails&) @ 0x0000000014165df4
13. src/Interpreters/executeQuery.cpp:2438:11: DB::executeQuery(std::basic_string_view<char, std::char_traits<char>>, std::shared_ptr<DB::Context>, DB::QueryFlags, DB::QueryProcessingStage::Enum) @ 0x0000000014161810
14. src/Server/TCPHandler.cpp:899:68: DB::TCPHandler::runImpl() @ 0x00000000196c8980
15. src/Server/TCPHandler.cpp:3354:9: DB::TCPHandler::run() @ 0x00000000196e6744
16. base/poco/Net/src/TCPServerConnection.cpp:40:3: Poco::Net::TCPServerConnection::start() @ 0x000000001e24b798
17. base/poco/Net/src/TCPServerDispatcher.cpp:115:42: Poco::Net::TCPServerDispatcher::run() @ 0x000000001e24bd58
18. base/poco/Foundation/src/ThreadPool.cpp:207:14: Poco::PooledThread::run() @ 0x000000001e20c498
19. base/poco/Foundation/src/Thread_POSIX.cpp:341:27: Poco::ThreadImpl::runnableEntry(void*) @ 0x000000001e20a7b4
20. ? @ 0x000000000008c248
21. ? @ 0x00000000000f6adc

2026.08.02 16:01:52.363320 [ 1080095 ] {412b4652-4ccb-4ade-ae0d-a22b56c294ac} <Error> ForcedCriticalErrorsLogger: Code: 49. DB::Exception: Expected to have only one join clause, got 2: [Left keys: [__table2.k1] Right keys [__table1.k1] Condition columns: '', '' | Left keys: [__table2.k2] Right keys [__table1.k2] Condition columns: '', ''], query: ' INNER JOIN ...'. (LOGICAL_ERROR), Stack trace (when copying this message, always include the lines below):

0. base/poco/Foundation/src/Exception.cpp:32:1: Poco::Exception::Exception(String&&, int) @ 0x000000001e1d1bb8
1. src/Common/Exception.cpp:158:7: DB::Exception::Exception(DB::Exception::MessageMasked&&, int, bool) @ 0x000000000eb8908c
2. src/Common/Exception.h:201:100: DB::Exception::Exception(String&&, int, String, bool) @ 0x0000000009979258
3. src/Common/Exception.h:57:54: DB::Exception::Exception(PreformattedMessage&&, int) @ 0x0000000009978c8c
4. src/Common/Exception.h:219:77: DB::Exception::Exception<unsigned long, fmt::v12::join_view<std::__wrap_iter<String*>, std::__wrap_iter<String*>, char>, String>(int, FormatStringHelperImpl<std::type_identity<unsigned long>::type, std::type_identity<fmt::v12::join_view<std::__wrap_iter<String*>, std::__wrap_iter<String*>, char>>::type, std::type_identity<String>::type>, unsigned long&&, fmt::v12::join_view<std::__wrap_iter<String*>, std::__wrap_iter<String*>, char>&&, String&&) @ 0x0000000014097ee0
5. src/Interpreters/TableJoin.cpp:1216:15: DB::TableJoin::assertHasOneOnExpr() const @ 0x0000000014097cf8
6. src/Interpreters/TableJoin.h:363:38: DB::Unified::HashJoin::supportParallelNonJoinedBlocksProcessing() const @ 0x00000000165d9af4
7. src/QueryPipeline/QueryPipelineBuilder.cpp:578:42: DB::QueryPipelineBuilder::joinPipelinesRightLeft(std::unique_ptr<DB::QueryPipelineBuilder, std::default_delete<DB::QueryPipelineBuilder>>, std::unique_ptr<DB::QueryPipelineBuilder, std::default_delete<DB::QueryPipelineBuilder>>, std::shared_ptr<DB::IJoin>, std::shared_ptr<DB::Block const>&, unsigned long, unsigned long, unsigned long, unsigned long, DB::IQueryPlanStep*, bool, std::list<std::shared_ptr<DB::IProcessor>, std::allocator<std::shared_ptr<DB::IProcessor>>>*) @ 0x0000000012cf9f04
8. src/Processors/QueryPlan/JoinStep.cpp:160:31: DB::JoinStep::updatePipeline(std::vector<std::unique_ptr<DB::QueryPipelineBuilder, std::default_delete<DB::QueryPipelineBuilder>>, AllocatorWithMemoryTracking<std::unique_ptr<DB::QueryPipelineBuilder, std::default_delete<DB::QueryPipelineBuilder>>>>, DB::BuildQueryPipelineSettings const&) @ 0x0000000019d44500
9. src/Processors/QueryPlan/QueryPlan.cpp:260:47: DB::QueryPlan::buildQueryPipeline(DB::QueryPlanOptimizationSettings const&, DB::BuildQueryPipelineSettings const&, bool) @ 0x0000000019da12c8
10. src/Interpreters/InterpreterSelectQueryAnalyzer.cpp:416:34: DB::InterpreterSelectQueryAnalyzer::buildQueryPipeline() @ 0x0000000013d9e0e0
11. src/Interpreters/InterpreterSelectQueryAnalyzer.cpp:374:29: DB::InterpreterSelectQueryAnalyzer::execute() @ 0x0000000013d9dd90
12. src/Interpreters/executeQuery.cpp:1954:40: DB::executeQueryImpl(char const*, char const*, std::shared_ptr<DB::Context>, DB::QueryFlags, DB::QueryProcessingStage::Enum, std::unique_ptr<DB::ReadBuffer, std::default_delete<DB::ReadBuffer>>&, boost::intrusive_ptr<DB::IAST>&, std::shared_ptr<DB::ImplicitTransactionControlExecutor>, std::function<void ()>, DB::QueryResultDetails&) @ 0x0000000014165df4
13. src/Interpreters/executeQuery.cpp:2438:11: DB::executeQuery(std::basic_string_view<char, std::char_traits<char>>, std::shared_ptr<DB::Context>, DB::QueryFlags, DB::QueryProcessingStage::Enum) @ 0x0000000014161810
14. src/Server/TCPHandler.cpp:899:68: DB::TCPHandler::runImpl() @ 0x00000000196c8980
15. src/Server/TCPHandler.cpp:3354:9: DB::TCPHandler::run() @ 0x00000000196e6744
16. base/poco/Net/src/TCPServerConnection.cpp:40:3: Poco::Net::TCPServerConnection::start() @ 0x000000001e24b798
17. base/poco/Net/src/TCPServerDispatcher.cpp:115:42: Poco::Net::TCPServerDispatcher::run() @ 0x000000001e24bd58
18. base/poco/Foundation/src/ThreadPool.cpp:207:14: Poco::PooledThread::run() @ 0x000000001e20c498
19. base/poco/Foundation/src/Thread_POSIX.cpp:341:27: Poco::ThreadImpl::runnableEntry(void*) @ 0x000000001e20a7b4
20. ? @ 0x000000000008c248
21. ? @ 0x00000000000f6adc

2026.08.02 16:01:52.363336 [ 1080095 ] {412b4652-4ccb-4ade-ae0d-a22b56c294ac} <Error> ForcedCriticalErrorsLogger: Code: 49. DB::Exception: Expected to have only one join clause, got 2: [Left keys: [__table2.k1] Right keys [__table1.k1] Condition columns: '', '' | Left keys: [__table2.k2] Right keys [__table1.k2] Condition columns: '', ''], query: ' INNER JOIN ...'. (LOGICAL_ERROR), Stack trace (when copying this message, always include the lines below):

0. base/poco/Foundation/src/Exception.cpp:32:1: Poco::Exception::Exception(String&&, int) @ 0x000000001e1d1bb8
1. src/Common/Exception.cpp:158:7: DB::Exception::Exception(DB::Exception::MessageMasked&&, int, bool) @ 0x000000000eb8908c
2. src/Common/Exception.h:201:100: DB::Exception::Exception(String&&, int, String, bool) @ 0x0000000009979258
3. src/Common/Exception.h:57:54: DB::Exception::Exception(PreformattedMessage&&, int) @ 0x0000000009978c8c
4. src/Common/Exception.h:219:77: DB::Exception::Exception<unsigned long, fmt::v12::join_view<std::__wrap_iter<String*>, std::__wrap_iter<String*>, char>, String>(int, FormatStringHelperImpl<std::type_identity<unsigned long>::type, std::type_identity<fmt::v12::join_view<std::__wrap_iter<String*>, std::__wrap_iter<String*>, char>>::type, std::type_identity<String>::type>, unsigned long&&, fmt::v12::join_view<std::__wrap_iter<String*>, std::__wrap_iter<String*>, char>&&, String&&) @ 0x0000000014097ee0
5. src/Interpreters/TableJoin.cpp:1216:15: DB::TableJoin::assertHasOneOnExpr() const @ 0x0000000014097cf8
6. src/Interpreters/TableJoin.h:363:38: DB::Unified::HashJoin::supportParallelNonJoinedBlocksProcessing() const @ 0x00000000165d9af4
7. src/QueryPipeline/QueryPipelineBuilder.cpp:578:42: DB::QueryPipelineBuilder::joinPipelinesRightLeft(std::unique_ptr<DB::QueryPipelineBuilder, std::default_delete<DB::QueryPipelineBuilder>>, std::unique_ptr<DB::QueryPipelineBuilder, std::default_delete<DB::QueryPipelineBuilder>>, std::shared_ptr<DB::IJoin>, std::shared_ptr<DB::Block const>&, unsigned long, unsigned long, unsigned long, unsigned long, DB::IQueryPlanStep*, bool, std::list<std::shared_ptr<DB::IProcessor>, std::allocator<std::shared_ptr<DB::IProcessor>>>*) @ 0x0000000012cf9f04
8. src/Processors/QueryPlan/JoinStep.cpp:160:31: DB::JoinStep::updatePipeline(std::vector<std::unique_ptr<DB::QueryPipelineBuilder, std::default_delete<DB::QueryPipelineBuilder>>, AllocatorWithMemoryTracking<std::unique_ptr<DB::QueryPipelineBuilder, std::default_delete<DB::QueryPipelineBuilder>>>>, DB::BuildQueryPipelineSettings const&) @ 0x0000000019d44500
9. src/Processors/QueryPlan/QueryPlan.cpp:260:47: DB::QueryPlan::buildQueryPipeline(DB::QueryPlanOptimizationSettings const&, DB::BuildQueryPipelineSettings const&, bool) @ 0x0000000019da12c8
10. src/Interpreters/InterpreterSelectQueryAnalyzer.cpp:416:34: DB::InterpreterSelectQueryAnalyzer::buildQueryPipeline() @ 0x0000000013d9e0e0
11. src/Interpreters/InterpreterSelectQueryAnalyzer.cpp:374:29: DB::InterpreterSelectQueryAnalyzer::execute() @ 0x0000000013d9dd90
12. src/Interpreters/executeQuery.cpp:1954:40: DB::executeQueryImpl(char const*, char const*, std::shared_ptr<DB::Context>, DB::QueryFlags, DB::QueryProcessingStage::Enum, std::unique_ptr<DB::ReadBuffer, std::default_delete<DB::ReadBuffer>>&, boost::intrusive_ptr<DB::IAST>&, std::shared_ptr<DB::ImplicitTransactionControlExecutor>, std::function<void ()>, DB::QueryResultDetails&) @ 0x0000000014165df4
13. src/Interpreters/executeQuery.cpp:2438:11: DB::executeQuery(std::basic_string_view<char, std::char_traits<char>>, std::shared_ptr<DB::Context>, DB::QueryFlags, DB::QueryProcessingStage::Enum) @ 0x0000000014161810
14. src/Server/TCPHandler.cpp:899:68: DB::TCPHandler::runImpl() @ 0x00000000196c8980
15. src/Server/TCPHandler.cpp:3354:9: DB::TCPHandler::run() @ 0x00000000196e6744
16. base/poco/Net/src/TCPServerConnection.cpp:40:3: Poco::Net::TCPServerConnection::start() @ 0x000000001e24b798
17. base/poco/Net/src/TCPServerDispatcher.cpp:115:42: Poco::Net::TCPServerDispatcher::run() @ 0x000000001e24bd58
18. base/poco/Foundation/src/ThreadPool.cpp:207:14: Poco::PooledThread::run() @ 0x000000001e20c498
19. base/poco/Foundation/src/Thread_POSIX.cpp:341:27: Poco::ThreadImpl::runnableEntry(void*) @ 0x000000001e20a7b4
20. ? @ 0x000000000008c248
21. ? @ 0x00000000000f6adc

2026.08.02 16:01:52.363394 [ 1080095 ] {} <Error> TCPHandler: Code: 49. DB::Exception: Expected to have only one join clause, got 2: [Left keys: [__table2.k1] Right keys [__table1.k1] Condition columns: '', '' | Left keys: [__table2.k2] Right keys [__table1.k2] Condition columns: '', ''], query: ' INNER JOIN ...'. (LOGICAL_ERROR), Stack trace (when copying this message, always include the lines below):

0. base/poco/Foundation/src/Exception.cpp:32:1: Poco::Exception::Exception(String&&, int) @ 0x000000001e1d1bb8
1. src/Common/Exception.cpp:158:7: DB::Exception::Exception(DB::Exception::MessageMasked&&, int, bool) @ 0x000000000eb8908c
2. src/Common/Exception.h:201:100: DB::Exception::Exception(String&&, int, String, bool) @ 0x0000000009979258
3. src/Common/Exception.h:57:54: DB::Exception::Exception(PreformattedMessage&&, int) @ 0x0000000009978c8c
4. src/Common/Exception.h:219:77: DB::Exception::Exception<unsigned long, fmt::v12::join_view<std::__wrap_iter<String*>, std::__wrap_iter<String*>, char>, String>(int, FormatStringHelperImpl<std::type_identity<unsigned long>::type, std::type_identity<fmt::v12::join_view<std::__wrap_iter<String*>, std::__wrap_iter<String*>, char>>::type, std::type_identity<String>::type>, unsigned long&&, fmt::v12::join_view<std::__wrap_iter<String*>, std::__wrap_iter<String*>, char>&&, String&&) @ 0x0000000014097ee0
5. src/Interpreters/TableJoin.cpp:1216:15: DB::TableJoin::assertHasOneOnExpr() const @ 0x0000000014097cf8
6. src/Interpreters/TableJoin.h:363:38: DB::Unified::HashJoin::supportParallelNonJoinedBlocksProcessing() const @ 0x00000000165d9af4
7. src/QueryPipeline/QueryPipelineBuilder.cpp:578:42: DB::QueryPipelineBuilder::joinPipelinesRightLeft(std::unique_ptr<DB::QueryPipelineBuilder, std::default_delete<DB::QueryPipelineBuilder>>, std::unique_ptr<DB::QueryPipelineBuilder, std::default_delete<DB::QueryPipelineBuilder>>, std::shared_ptr<DB::IJoin>, std::shared_ptr<DB::Block const>&, unsigned long, unsigned long, unsigned long, unsigned long, DB::IQueryPlanStep*, bool, std::list<std::shared_ptr<DB::IProcessor>, std::allocator<std::shared_ptr<DB::IProcessor>>>*) @ 0x0000000012cf9f04
8. src/Processors/QueryPlan/JoinStep.cpp:160:31: DB::JoinStep::updatePipeline(std::vector<std::unique_ptr<DB::QueryPipelineBuilder, std::default_delete<DB::QueryPipelineBuilder>>, AllocatorWithMemoryTracking<std::unique_ptr<DB::QueryPipelineBuilder, std::default_delete<DB::QueryPipelineBuilder>>>>, DB::BuildQueryPipelineSettings const&) @ 0x0000000019d44500
9. src/Processors/QueryPlan/QueryPlan.cpp:260:47: DB::QueryPlan::buildQueryPipeline(DB::QueryPlanOptimizationSettings const&, DB::BuildQueryPipelineSettings const&, bool) @ 0x0000000019da12c8
10. src/Interpreters/InterpreterSelectQueryAnalyzer.cpp:416:34: DB::InterpreterSelectQueryAnalyzer::buildQueryPipeline() @ 0x0000000013d9e0e0
11. src/Interpreters/InterpreterSelectQueryAnalyzer.cpp:374:29: DB::InterpreterSelectQueryAnalyzer::execute() @ 0x0000000013d9dd90
12. src/Interpreters/executeQuery.cpp:1954:40: DB::executeQueryImpl(char const*, char const*, std::shared_ptr<DB::Context>, DB::QueryFlags, DB::QueryProcessingStage::Enum, std::unique_ptr<DB::ReadBuffer, std::default_delete<DB::ReadBuffer>>&, boost::intrusive_ptr<DB::IAST>&, std::shared_ptr<DB::ImplicitTransactionControlExecutor>, std::function<void ()>, DB::QueryResultDetails&) @ 0x0000000014165df4
13. src/Interpreters/executeQuery.cpp:2438:11: DB::executeQuery(std::basic_string_view<char, std::char_traits<char>>, std::shared_ptr<DB::Context>, DB::QueryFlags, DB::QueryProcessingStage::Enum) @ 0x0000000014161810
14. src/Server/TCPHandler.cpp:899:68: DB::TCPHandler::runImpl() @ 0x00000000196c8980
15. src/Server/TCPHandler.cpp:3354:9: DB::TCPHandler::run() @ 0x00000000196e6744
16. base/poco/Net/src/TCPServerConnection.cpp:40:3: Poco::Net::TCPServerConnection::start() @ 0x000000001e24b798
17. base/poco/Net/src/TCPServerDispatcher.cpp:115:42: Poco::Net::TCPServerDispatcher::run() @ 0x000000001e24bd58
18. base/poco/Foundation/src/ThreadPool.cpp:207:14: Poco::PooledThread::run() @ 0x000000001e20c498
19. base/poco/Foundation/src/Thread_POSIX.cpp:341:27: Poco::ThreadImpl::runnableEntry(void*) @ 0x000000001e20a7b4
20. ? @ 0x000000000008c248
21. ? @ 0x00000000000f6adc

2026.08.02 16:01:52.363400 [ 1080095 ] {} <Error> ForcedCriticalErrorsLogger: Code: 49. DB::Exception: Expected to have only one join clause, got 2: [Left keys: [__table2.k1] Right keys [__table1.k1] Condition columns: '', '' | Left keys: [__table2.k2] Right keys [__table1.k2] Condition columns: '', ''], query: ' INNER JOIN ...'. (LOGICAL_ERROR), Stack trace (when copying this message, always include the lines below):

0. base/poco/Foundation/src/Exception.cpp:32:1: Poco::Exception::Exception(String&&, int) @ 0x000000001e1d1bb8
1. src/Common/Exception.cpp:158:7: DB::Exception::Exception(DB::Exception::MessageMasked&&, int, bool) @ 0x000000000eb8908c
2. src/Common/Exception.h:201:100: DB::Exception::Exception(String&&, int, String, bool) @ 0x0000000009979258
3. src/Common/Exception.h:57:54: DB::Exception::Exception(PreformattedMessage&&, int) @ 0x0000000009978c8c
4. src/Common/Exception.h:219:77: DB::Exception::Exception<unsigned long, fmt::v12::join_view<std::__wrap_iter<String*>, std::__wrap_iter<String*>, char>, String>(int, FormatStringHelperImpl<std::type_identity<unsigned long>::type, std::type_identity<fmt::v12::join_view<std::__wrap_iter<String*>, std::__wrap_iter<String*>, char>>::type, std::type_identity<String>::type>, unsigned long&&, fmt::v12::join_view<std::__wrap_iter<String*>, std::__wrap_iter<String*>, char>&&, String&&) @ 0x0000000014097ee0
5. src/Interpreters/TableJoin.cpp:1216:15: DB::TableJoin::assertHasOneOnExpr() const @ 0x0000000014097cf8
6. src/Interpreters/TableJoin.h:363:38: DB::Unified::HashJoin::supportParallelNonJoinedBlocksProcessing() const @ 0x00000000165d9af4
7. src/QueryPipeline/QueryPipelineBuilder.cpp:578:42: DB::QueryPipelineBuilder::joinPipelinesRightLeft(std::unique_ptr<DB::QueryPipelineBuilder, std::default_delete<DB::QueryPipelineBuilder>>, std::unique_ptr<DB::QueryPipelineBuilder, std::default_delete<DB::QueryPipelineBuilder>>, std::shared_ptr<DB::IJoin>, std::shared_ptr<DB::Block const>&, unsigned long, unsigned long, unsigned long, unsigned long, DB::IQueryPlanStep*, bool, std::list<std::shared_ptr<DB::IProcessor>, std::allocator<std::shared_ptr<DB::IProcessor>>>*) @ 0x0000000012cf9f04
8. src/Processors/QueryPlan/JoinStep.cpp:160:31: DB::JoinStep::updatePipeline(std::vector<std::unique_ptr<DB::QueryPipelineBuilder, std::default_delete<DB::QueryPipelineBuilder>>, AllocatorWithMemoryTracking<std::unique_ptr<DB::QueryPipelineBuilder, std::default_delete<DB::QueryPipelineBuilder>>>>, DB::BuildQueryPipelineSettings const&) @ 0x0000000019d44500
9. src/Processors/QueryPlan/QueryPlan.cpp:260:47: DB::QueryPlan::buildQueryPipeline(DB::QueryPlanOptimizationSettings const&, DB::BuildQueryPipelineSettings const&, bool) @ 0x0000000019da12c8
10. src/Interpreters/InterpreterSelectQueryAnalyzer.cpp:416:34: DB::InterpreterSelectQueryAnalyzer::buildQueryPipeline() @ 0x0000000013d9e0e0
11. src/Interpreters/InterpreterSelectQueryAnalyzer.cpp:374:29: DB::InterpreterSelectQueryAnalyzer::execute() @ 0x0000000013d9dd90
12. src/Interpreters/executeQuery.cpp:1954:40: DB::executeQueryImpl(char const*, char const*, std::shared_ptr<DB::Context>, DB::QueryFlags, DB::QueryProcessingStage::Enum, std::unique_ptr<DB::ReadBuffer, std::default_delete<DB::ReadBuffer>>&, boost::intrusive_ptr<DB::IAST>&, std::shared_ptr<DB::ImplicitTransactionControlExecutor>, std::function<void ()>, DB::QueryResultDetails&) @ 0x0000000014165df4
13. src/Interpreters/executeQuery.cpp:2438:11: DB::executeQuery(std::basic_string_view<char, std::char_traits<char>>, std::shared_ptr<DB::Context>, DB::QueryFlags, DB::QueryProcessingStage::Enum) @ 0x0000000014161810
14. src/Server/TCPHandler.cpp:899:68: DB::TCPHandler::runImpl() @ 0x00000000196c8980
15. src/Server/TCPHandler.cpp:3354:9: DB::TCPHandler::run() @ 0x00000000196e6744
16. base/poco/Net/src/TCPServerConnection.cpp:40:3: Poco::Net::TCPServerConnection::start() @ 0x000000001e24b798
17. base/poco/Net/src/TCPServerDispatcher.cpp:115:42: Poco::Net::TCPServerDispatcher::run() @ 0x000000001e24bd58
18. base/poco/Foundation/src/ThreadPool.cpp:207:14: Poco::PooledThread::run() @ 0x000000001e20c498
19. base/poco/Foundation/src/Thread_POSIX.cpp:341:27: Poco::ThreadImpl::runnableEntry(void*) @ 0x000000001e20a7b4
20. ? @ 0x000000000008c248
21. ? @ 0x00000000000f6adc

2026.08.02 16:01:52.491354 [ 1080095 ] {87051fb4-f9bd-4382-bd24-479ea7d34808} <Error> executeQuery: Code: 49. DB::Exception: Expected to have only one join clause, got 2: [Left keys: [__table2.k1] Right keys [__table1.k1] Condition columns: '', '' | Left keys: [__table2.k2] Right keys [__table1.k2] Condition columns: '', ''], query: ' INNER JOIN ...'. (LOGICAL_ERROR) (version 26.8.1.1) (from 127.0.0.1:57872) (query 1, line 1) (in query: SELECT l.k1,l.k2,l.v,r.k1,r.k2,r.w FROM av2.orl AS l FULL JOIN av2.orr AS r ON l.k1=r.k1 OR l.k2=r.k2 ORDER BY r.k1,r.k2,r.w,l.k1,l.k2,l.v SETTINGS join_algorithm='unified_hash'), Stack trace (when copying this message, always include the lines below):

0. base/poco/Foundation/src/Exception.cpp:32:1: Poco::Exception::Exception(String&&, int) @ 0x000000001e1d1bb8
1. src/Common/Exception.cpp:158:7: DB::Exception::Exception(DB::Exception::MessageMasked&&, int, bool) @ 0x000000000eb8908c
2. src/Common/Exception.h:201:100: DB::Exception::Exception(String&&, int, String, bool) @ 0x0000000009979258
3. src/Common/Exception.h:57:54: DB::Exception::Exception(PreformattedMessage&&, int) @ 0x0000000009978c8c
4. src/Common/Exception.h:219:77: DB::Exception::Exception<unsigned long, fmt::v12::join_view<std::__wrap_iter<String*>, std::__wrap_iter<String*>, char>, String>(int, FormatStringHelperImpl<std::type_identity<unsigned long>::type, std::type_identity<fmt::v12::join_view<std::__wrap_iter<String*>, std::__wrap_iter<String*>, char>>::type, std::type_identity<String>::type>, unsigned long&&, fmt::v12::join_view<std::__wrap_iter<String*>, std::__wrap_iter<String*>, char>&&, String&&) @ 0x0000000014097ee0
5. src/Interpreters/TableJoin.cpp:1216:15: DB::TableJoin::assertHasOneOnExpr() const @ 0x0000000014097cf8
6. src/Interpreters/TableJoin.h:363:38: DB::Unified::HashJoin::supportParallelNonJoinedBlocksProcessing() const @ 0x00000000165d9af4
7. src/QueryPipeline/QueryPipelineBuilder.cpp:578:42: DB::QueryPipelineBuilder::joinPipelinesRightLeft(std::unique_ptr<DB::QueryPipelineBuilder, std::default_delete<DB::QueryPipelineBuilder>>, std::unique_ptr<DB::QueryPipelineBuilder, std::default_delete<DB::QueryPipelineBuilder>>, std::shared_ptr<DB::IJoin>, std::shared_ptr<DB::Block const>&, unsigned long, unsigned long, unsigned long, unsigned long, DB::IQueryPlanStep*, bool, std::list<std::shared_ptr<DB::IProcessor>, std::allocator<std::shared_ptr<DB::IProcessor>>>*) @ 0x0000000012cf9f04
8. src/Processors/QueryPlan/JoinStep.cpp:160:31: DB::JoinStep::updatePipeline(std::vector<std::unique_ptr<DB::QueryPipelineBuilder, std::default_delete<DB::QueryPipelineBuilder>>, AllocatorWithMemoryTracking<std::unique_ptr<DB::QueryPipelineBuilder, std::default_delete<DB::QueryPipelineBuilder>>>>, DB::BuildQueryPipelineSettings const&) @ 0x0000000019d44500
9. src/Processors/QueryPlan/QueryPlan.cpp:260:47: DB::QueryPlan::buildQueryPipeline(DB::QueryPlanOptimizationSettings const&, DB::BuildQueryPipelineSettings const&, bool) @ 0x0000000019da12c8
10. src/Interpreters/InterpreterSelectQueryAnalyzer.cpp:416:34: DB::InterpreterSelectQueryAnalyzer::buildQueryPipeline() @ 0x0000000013d9e0e0
11. src/Interpreters/InterpreterSelectQueryAnalyzer.cpp:374:29: DB::InterpreterSelectQueryAnalyzer::execute() @ 0x0000000013d9dd90
12. src/Interpreters/executeQuery.cpp:1954:40: DB::executeQueryImpl(char const*, char const*, std::shared_ptr<DB::Context>, DB::QueryFlags, DB::QueryProcessingStage::Enum, std::unique_ptr<DB::ReadBuffer, std::default_delete<DB::ReadBuffer>>&, boost::intrusive_ptr<DB::IAST>&, std::shared_ptr<DB::ImplicitTransactionControlExecutor>, std::function<void ()>, DB::QueryResultDetails&) @ 0x0000000014165df4
13. src/Interpreters/executeQuery.cpp:2438:11: DB::executeQuery(std::basic_string_view<char, std::char_traits<char>>, std::shared_ptr<DB::Context>, DB::QueryFlags, DB::QueryProcessingStage::Enum) @ 0x0000000014161810
14. src/Server/TCPHandler.cpp:899:68: DB::TCPHandler::runImpl() @ 0x00000000196c8980
15. src/Server/TCPHandler.cpp:3354:9: DB::TCPHandler::run() @ 0x00000000196e6744
16. base/poco/Net/src/TCPServerConnection.cpp:40:3: Poco::Net::TCPServerConnection::start() @ 0x000000001e24b798
17. base/poco/Net/src/TCPServerDispatcher.cpp:115:42: Poco::Net::TCPServerDispatcher::run() @ 0x000000001e24bd58
18. base/poco/Foundation/src/ThreadPool.cpp:207:14: Poco::PooledThread::run() @ 0x000000001e20c498
19. base/poco/Foundation/src/Thread_POSIX.cpp:341:27: Poco::ThreadImpl::runnableEntry(void*) @ 0x000000001e20a7b4
20. ? @ 0x000000000008c248
21. ? @ 0x00000000000f6adc

2026.08.02 16:01:52.491439 [ 1080095 ] {87051fb4-f9bd-4382-bd24-479ea7d34808} <Error> ForcedCriticalErrorsLogger: Code: 49. DB::Exception: Expected to have only one join clause, got 2: [Left keys: [__table2.k1] Right keys [__table1.k1] Condition columns: '', '' | Left keys: [__table2.k2] Right keys [__table1.k2] Condition columns: '', ''], query: ' INNER JOIN ...'. (LOGICAL_ERROR), Stack trace (when copying this message, always include the lines below):

0. base/poco/Foundation/src/Exception.cpp:32:1: Poco::Exception::Exception(String&&, int) @ 0x000000001e1d1bb8
1. src/Common/Exception.cpp:158:7: DB::Exception::Exception(DB::Exception::MessageMasked&&, int, bool) @ 0x000000000eb8908c
2. src/Common/Exception.h:201:100: DB::Exception::Exception(String&&, int, String, bool) @ 0x0000000009979258
3. src/Common/Exception.h:57:54: DB::Exception::Exception(PreformattedMessage&&, int) @ 0x0000000009978c8c
4. src/Common/Exception.h:219:77: DB::Exception::Exception<unsigned long, fmt::v12::join_view<std::__wrap_iter<String*>, std::__wrap_iter<String*>, char>, String>(int, FormatStringHelperImpl<std::type_identity<unsigned long>::type, std::type_identity<fmt::v12::join_view<std::__wrap_iter<String*>, std::__wrap_iter<String*>, char>>::type, std::type_identity<String>::type>, unsigned long&&, fmt::v12::join_view<std::__wrap_iter<String*>, std::__wrap_iter<String*>, char>&&, String&&) @ 0x0000000014097ee0
5. src/Interpreters/TableJoin.cpp:1216:15: DB::TableJoin::assertHasOneOnExpr() const @ 0x0000000014097cf8
6. src/Interpreters/TableJoin.h:363:38: DB::Unified::HashJoin::supportParallelNonJoinedBlocksProcessing() const @ 0x00000000165d9af4
7. src/QueryPipeline/QueryPipelineBuilder.cpp:578:42: DB::QueryPipelineBuilder::joinPipelinesRightLeft(std::unique_ptr<DB::QueryPipelineBuilder, std::default_delete<DB::QueryPipelineBuilder>>, std::unique_ptr<DB::QueryPipelineBuilder, std::default_delete<DB::QueryPipelineBuilder>>, std::shared_ptr<DB::IJoin>, std::shared_ptr<DB::Block const>&, unsigned long, unsigned long, unsigned long, unsigned long, DB::IQueryPlanStep*, bool, std::list<std::shared_ptr<DB::IProcessor>, std::allocator<std::shared_ptr<DB::IProcessor>>>*) @ 0x0000000012cf9f04
8. src/Processors/QueryPlan/JoinStep.cpp:160:31: DB::JoinStep::updatePipeline(std::vector<std::unique_ptr<DB::QueryPipelineBuilder, std::default_delete<DB::QueryPipelineBuilder>>, AllocatorWithMemoryTracking<std::unique_ptr<DB::QueryPipelineBuilder, std::default_delete<DB::QueryPipelineBuilder>>>>, DB::BuildQueryPipelineSettings const&) @ 0x0000000019d44500
9. src/Processors/QueryPlan/QueryPlan.cpp:260:47: DB::QueryPlan::buildQueryPipeline(DB::QueryPlanOptimizationSettings const&, DB::BuildQueryPipelineSettings const&, bool) @ 0x0000000019da12c8
10. src/Interpreters/InterpreterSelectQueryAnalyzer.cpp:416:34: DB::InterpreterSelectQueryAnalyzer::buildQueryPipeline() @ 0x0000000013d9e0e0
11. src/Interpreters/InterpreterSelectQueryAnalyzer.cpp:374:29: DB::InterpreterSelectQueryAnalyzer::execute() @ 0x0000000013d9dd90
12. src/Interpreters/executeQuery.cpp:1954:40: DB::executeQueryImpl(char const*, char const*, std::shared_ptr<DB::Context>, DB::QueryFlags, DB::QueryProcessingStage::Enum, std::unique_ptr<DB::ReadBuffer, std::default_delete<DB::ReadBuffer>>&, boost::intrusive_ptr<DB::IAST>&, std::shared_ptr<DB::ImplicitTransactionControlExecutor>, std::function<void ()>, DB::QueryResultDetails&) @ 0x0000000014165df4
13. src/Interpreters/executeQuery.cpp:2438:11: DB::executeQuery(std::basic_string_view<char, std::char_traits<char>>, std::shared_ptr<DB::Context>, DB::QueryFlags, DB::QueryProcessingStage::Enum) @ 0x0000000014161810
14. src/Server/TCPHandler.cpp:899:68: DB::TCPHandler::runImpl() @ 0x00000000196c8980
15. src/Server/TCPHandler.cpp:3354:9: DB::TCPHandler::run() @ 0x00000000196e6744
16. base/poco/Net/src/TCPServerConnection.cpp:40:3: Poco::Net::TCPServerConnection::start() @ 0x000000001e24b798
17. base/poco/Net/src/TCPServerDispatcher.cpp:115:42: Poco::Net::TCPServerDispatcher::run() @ 0x000000001e24bd58
18. base/poco/Foundation/src/ThreadPool.cpp:207:14: Poco::PooledThread::run() @ 0x000000001e20c498
19. base/poco/Foundation/src/Thread_POSIX.cpp:341:27: Poco::ThreadImpl::runnableEntry(void*) @ 0x000000001e20a7b4
20. ? @ 0x000000000008c248
21. ? @ 0x00000000000f6adc

2026.08.02 16:01:52.491454 [ 1080095 ] {87051fb4-f9bd-4382-bd24-479ea7d34808} <Error> ForcedCriticalErrorsLogger: Code: 49. DB::Exception: Expected to have only one join clause, got 2: [Left keys: [__table2.k1] Right keys [__table1.k1] Condition columns: '', '' | Left keys: [__table2.k2] Right keys [__table1.k2] Condition columns: '', ''], query: ' INNER JOIN ...'. (LOGICAL_ERROR), Stack trace (when copying this message, always include the lines below):

0. base/poco/Foundation/src/Exception.cpp:32:1: Poco::Exception::Exception(String&&, int) @ 0x000000001e1d1bb8
1. src/Common/Exception.cpp:158:7: DB::Exception::Exception(DB::Exception::MessageMasked&&, int, bool) @ 0x000000000eb8908c
2. src/Common/Exception.h:201:100: DB::Exception::Exception(String&&, int, String, bool) @ 0x0000000009979258
3. src/Common/Exception.h:57:54: DB::Exception::Exception(PreformattedMessage&&, int) @ 0x0000000009978c8c
4. src/Common/Exception.h:219:77: DB::Exception::Exception<unsigned long, fmt::v12::join_view<std::__wrap_iter<String*>, std::__wrap_iter<String*>, char>, String>(int, FormatStringHelperImpl<std::type_identity<unsigned long>::type, std::type_identity<fmt::v12::join_view<std::__wrap_iter<String*>, std::__wrap_iter<String*>, char>>::type, std::type_identity<String>::type>, unsigned long&&, fmt::v12::join_view<std::__wrap_iter<String*>, std::__wrap_iter<String*>, char>&&, String&&) @ 0x0000000014097ee0
5. src/Interpreters/TableJoin.cpp:1216:15: DB::TableJoin::assertHasOneOnExpr() const @ 0x0000000014097cf8
6. src/Interpreters/TableJoin.h:363:38: DB::Unified::HashJoin::supportParallelNonJoinedBlocksProcessing() const @ 0x00000000165d9af4
7. src/QueryPipeline/QueryPipelineBuilder.cpp:578:42: DB::QueryPipelineBuilder::joinPipelinesRightLeft(std::unique_ptr<DB::QueryPipelineBuilder, std::default_delete<DB::QueryPipelineBuilder>>, std::unique_ptr<DB::QueryPipelineBuilder, std::default_delete<DB::QueryPipelineBuilder>>, std::shared_ptr<DB::IJoin>, std::shared_ptr<DB::Block const>&, unsigned long, unsigned long, unsigned long, unsigned long, DB::IQueryPlanStep*, bool, std::list<std::shared_ptr<DB::IProcessor>, std::allocator<std::shared_ptr<DB::IProcessor>>>*) @ 0x0000000012cf9f04
8. src/Processors/QueryPlan/JoinStep.cpp:160:31: DB::JoinStep::updatePipeline(std::vector<std::unique_ptr<DB::QueryPipelineBuilder, std::default_delete<DB::QueryPipelineBuilder>>, AllocatorWithMemoryTracking<std::unique_ptr<DB::QueryPipelineBuilder, std::default_delete<DB::QueryPipelineBuilder>>>>, DB::BuildQueryPipelineSettings const&) @ 0x0000000019d44500
9. src/Processors/QueryPlan/QueryPlan.cpp:260:47: DB::QueryPlan::buildQueryPipeline(DB::QueryPlanOptimizationSettings const&, DB::BuildQueryPipelineSettings const&, bool) @ 0x0000000019da12c8
10. src/Interpreters/InterpreterSelectQueryAnalyzer.cpp:416:34: DB::InterpreterSelectQueryAnalyzer::buildQueryPipeline() @ 0x0000000013d9e0e0
11. src/Interpreters/InterpreterSelectQueryAnalyzer.cpp:374:29: DB::InterpreterSelectQueryAnalyzer::execute() @ 0x0000000013d9dd90
12. src/Interpreters/executeQuery.cpp:1954:40: DB::executeQueryImpl(char const*, char const*, std::shared_ptr<DB::Context>, DB::QueryFlags, DB::QueryProcessingStage::Enum, std::unique_ptr<DB::ReadBuffer, std::default_delete<DB::ReadBuffer>>&, boost::intrusive_ptr<DB::IAST>&, std::shared_ptr<DB::ImplicitTransactionControlExecutor>, std::function<void ()>, DB::QueryResultDetails&) @ 0x0000000014165df4
13. src/Interpreters/executeQuery.cpp:2438:11: DB::executeQuery(std::basic_string_view<char, std::char_traits<char>>, std::shared_ptr<DB::Context>, DB::QueryFlags, DB::QueryProcessingStage::Enum) @ 0x0000000014161810
14. src/Server/TCPHandler.cpp:899:68: DB::TCPHandler::runImpl() @ 0x00000000196c8980
15. src/Server/TCPHandler.cpp:3354:9: DB::TCPHandler::run() @ 0x00000000196e6744
16. base/poco/Net/src/TCPServerConnection.cpp:40:3: Poco::Net::TCPServerConnection::start() @ 0x000000001e24b798
17. base/poco/Net/src/TCPServerDispatcher.cpp:115:42: Poco::Net::TCPServerDispatcher::run() @ 0x000000001e24bd58
18. base/poco/Foundation/src/ThreadPool.cpp:207:14: Poco::PooledThread::run() @ 0x000000001e20c498
19. base/poco/Foundation/src/Thread_POSIX.cpp:341:27: Poco::ThreadImpl::runnableEntry(void*) @ 0x000000001e20a7b4
20. ? @ 0x000000000008c248
21. ? @ 0x00000000000f6adc

2026.08.02 16:01:52.491510 [ 1080095 ] {} <Error> TCPHandler: Code: 49. DB::Exception: Expected to have only one join clause, got 2: [Left keys: [__table2.k1] Right keys [__table1.k1] Condition columns: '', '' | Left keys: [__table2.k2] Right keys [__table1.k2] Condition columns: '', ''], query: ' INNER JOIN ...'. (LOGICAL_ERROR), Stack trace (when copying this message, always include the lines below):

0. base/poco/Foundation/src/Exception.cpp:32:1: Poco::Exception::Exception(String&&, int) @ 0x000000001e1d1bb8
1. src/Common/Exception.cpp:158:7: DB::Exception::Exception(DB::Exception::MessageMasked&&, int, bool) @ 0x000000000eb8908c
2. src/Common/Exception.h:201:100: DB::Exception::Exception(String&&, int, String, bool) @ 0x0000000009979258
3. src/Common/Exception.h:57:54: DB::Exception::Exception(PreformattedMessage&&, int) @ 0x0000000009978c8c
4. src/Common/Exception.h:219:77: DB::Exception::Exception<unsigned long, fmt::v12::join_view<std::__wrap_iter<String*>, std::__wrap_iter<String*>, char>, String>(int, FormatStringHelperImpl<std::type_identity<unsigned long>::type, std::type_identity<fmt::v12::join_view<std::__wrap_iter<String*>, std::__wrap_iter<String*>, char>>::type, std::type_identity<String>::type>, unsigned long&&, fmt::v12::join_view<std::__wrap_iter<String*>, std::__wrap_iter<String*>, char>&&, String&&) @ 0x0000000014097ee0
5. src/Interpreters/TableJoin.cpp:1216:15: DB::TableJoin::assertHasOneOnExpr() const @ 0x0000000014097cf8
6. src/Interpreters/TableJoin.h:363:38: DB::Unified::HashJoin::supportParallelNonJoinedBlocksProcessing() const @ 0x00000000165d9af4
7. src/QueryPipeline/QueryPipelineBuilder.cpp:578:42: DB::QueryPipelineBuilder::joinPipelinesRightLeft(std::unique_ptr<DB::QueryPipelineBuilder, std::default_delete<DB::QueryPipelineBuilder>>, std::unique_ptr<DB::QueryPipelineBuilder, std::default_delete<DB::QueryPipelineBuilder>>, std::shared_ptr<DB::IJoin>, std::shared_ptr<DB::Block const>&, unsigned long, unsigned long, unsigned long, unsigned long, DB::IQueryPlanStep*, bool, std::list<std::shared_ptr<DB::IProcessor>, std::allocator<std::shared_ptr<DB::IProcessor>>>*) @ 0x0000000012cf9f04
8. src/Processors/QueryPlan/JoinStep.cpp:160:31: DB::JoinStep::updatePipeline(std::vector<std::unique_ptr<DB::QueryPipelineBuilder, std::default_delete<DB::QueryPipelineBuilder>>, AllocatorWithMemoryTracking<std::unique_ptr<DB::QueryPipelineBuilder, std::default_delete<DB::QueryPipelineBuilder>>>>, DB::BuildQueryPipelineSettings const&) @ 0x0000000019d44500
9. src/Processors/QueryPlan/QueryPlan.cpp:260:47: DB::QueryPlan::buildQueryPipeline(DB::QueryPlanOptimizationSettings const&, DB::BuildQueryPipelineSettings const&, bool) @ 0x0000000019da12c8
10. src/Interpreters/InterpreterSelectQueryAnalyzer.cpp:416:34: DB::InterpreterSelectQueryAnalyzer::buildQueryPipeline() @ 0x0000000013d9e0e0
11. src/Interpreters/InterpreterSelectQueryAnalyzer.cpp:374:29: DB::InterpreterSelectQueryAnalyzer::execute() @ 0x0000000013d9dd90
12. src/Interpreters/executeQuery.cpp:1954:40: DB::executeQueryImpl(char const*, char const*, std::shared_ptr<DB::Context>, DB::QueryFlags, DB::QueryProcessingStage::Enum, std::unique_ptr<DB::ReadBuffer, std::default_delete<DB::ReadBuffer>>&, boost::intrusive_ptr<DB::IAST>&, std::shared_ptr<DB::ImplicitTransactionControlExecutor>, std::function<void ()>, DB::QueryResultDetails&) @ 0x0000000014165df4
13. src/Interpreters/executeQuery.cpp:2438:11: DB::executeQuery(std::basic_string_view<char, std::char_traits<char>>, std::shared_ptr<DB::Context>, DB::QueryFlags, DB::QueryProcessingStage::Enum) @ 0x0000000014161810
14. src/Server/TCPHandler.cpp:899:68: DB::TCPHandler::runImpl() @ 0x00000000196c8980
15. src/Server/TCPHandler.cpp:3354:9: DB::TCPHandler::run() @ 0x00000000196e6744
16. base/poco/Net/src/TCPServerConnection.cpp:40:3: Poco::Net::TCPServerConnection::start() @ 0x000000001e24b798
17. base/poco/Net/src/TCPServerDispatcher.cpp:115:42: Poco::Net::TCPServerDispatcher::run() @ 0x000000001e24bd58
18. base/poco/Foundation/src/ThreadPool.cpp:207:14: Poco::PooledThread::run() @ 0x000000001e20c498
19. base/poco/Foundation/src/Thread_POSIX.cpp:341:27: Poco::ThreadImpl::runnableEntry(void*) @ 0x000000001e20a7b4
20. ? @ 0x000000000008c248
21. ? @ 0x00000000000f6adc

2026.08.02 16:01:52.491517 [ 1080095 ] {} <Error> ForcedCriticalErrorsLogger: Code: 49. DB::Exception: Expected to have only one join clause, got 2: [Left keys: [__table2.k1] Right keys [__table1.k1] Condition columns: '', '' | Left keys: [__table2.k2] Right keys [__table1.k2] Condition columns: '', ''], query: ' INNER JOIN ...'. (LOGICAL_ERROR), Stack trace (when copying this message, always include the lines below):

0. base/poco/Foundation/src/Exception.cpp:32:1: Poco::Exception::Exception(String&&, int) @ 0x000000001e1d1bb8
1. src/Common/Exception.cpp:158:7: DB::Exception::Exception(DB::Exception::MessageMasked&&, int, bool) @ 0x000000000eb8908c
2. src/Common/Exception.h:201:100: DB::Exception::Exception(String&&, int, String, bool) @ 0x0000000009979258
3. src/Common/Exception.h:57:54: DB::Exception::Exception(PreformattedMessage&&, int) @ 0x0000000009978c8c
4. src/Common/Exception.h:219:77: DB::Exception::Exception<unsigned long, fmt::v12::join_view<std::__wrap_iter<String*>, std::__wrap_iter<String*>, char>, String>(int, FormatStringHelperImpl<std::type_identity<unsigned long>::type, std::type_identity<fmt::v12::join_view<std::__wrap_iter<String*>, std::__wrap_iter<String*>, char>>::type, std::type_identity<String>::type>, unsigned long&&, fmt::v12::join_view<std::__wrap_iter<String*>, std::__wrap_iter<String*>, char>&&, String&&) @ 0x0000000014097ee0
5. src/Interpreters/TableJoin.cpp:1216:15: DB::TableJoin::assertHasOneOnExpr() const @ 0x0000000014097cf8
6. src/Interpreters/TableJoin.h:363:38: DB::Unified::HashJoin::supportParallelNonJoinedBlocksProcessing() const @ 0x00000000165d9af4
7. src/QueryPipeline/QueryPipelineBuilder.cpp:578:42: DB::QueryPipelineBuilder::joinPipelinesRightLeft(std::unique_ptr<DB::QueryPipelineBuilder, std::default_delete<DB::QueryPipelineBuilder>>, std::unique_ptr<DB::QueryPipelineBuilder, std::default_delete<DB::QueryPipelineBuilder>>, std::shared_ptr<DB::IJoin>, std::shared_ptr<DB::Block const>&, unsigned long, unsigned long, unsigned long, unsigned long, DB::IQueryPlanStep*, bool, std::list<std::shared_ptr<DB::IProcessor>, std::allocator<std::shared_ptr<DB::IProcessor>>>*) @ 0x0000000012cf9f04
8. src/Processors/QueryPlan/JoinStep.cpp:160:31: DB::JoinStep::updatePipeline(std::vector<std::unique_ptr<DB::QueryPipelineBuilder, std::default_delete<DB::QueryPipelineBuilder>>, AllocatorWithMemoryTracking<std::unique_ptr<DB::QueryPipelineBuilder, std::default_delete<DB::QueryPipelineBuilder>>>>, DB::BuildQueryPipelineSettings const&) @ 0x0000000019d44500
9. src/Processors/QueryPlan/QueryPlan.cpp:260:47: DB::QueryPlan::buildQueryPipeline(DB::QueryPlanOptimizationSettings const&, DB::BuildQueryPipelineSettings const&, bool) @ 0x0000000019da12c8
10. src/Interpreters/InterpreterSelectQueryAnalyzer.cpp:416:34: DB::InterpreterSelectQueryAnalyzer::buildQueryPipeline() @ 0x0000000013d9e0e0
11. src/Interpreters/InterpreterSelectQueryAnalyzer.cpp:374:29: DB::InterpreterSelectQueryAnalyzer::execute() @ 0x0000000013d9dd90
12. src/Interpreters/executeQuery.cpp:1954:40: DB::executeQueryImpl(char const*, char const*, std::shared_ptr<DB::Context>, DB::QueryFlags, DB::QueryProcessingStage::Enum, std::unique_ptr<DB::ReadBuffer, std::default_delete<DB::ReadBuffer>>&, boost::intrusive_ptr<DB::IAST>&, std::shared_ptr<DB::ImplicitTransactionControlExecutor>, std::function<void ()>, DB::QueryResultDetails&) @ 0x0000000014165df4
13. src/Interpreters/executeQuery.cpp:2438:11: DB::executeQuery(std::basic_string_view<char, std::char_traits<char>>, std::shared_ptr<DB::Context>, DB::QueryFlags, DB::QueryProcessingStage::Enum) @ 0x0000000014161810
14. src/Server/TCPHandler.cpp:899:68: DB::TCPHandler::runImpl() @ 0x00000000196c8980
15. src/Server/TCPHandler.cpp:3354:9: DB::TCPHandler::run() @ 0x00000000196e6744
16. base/poco/Net/src/TCPServerConnection.cpp:40:3: Poco::Net::TCPServerConnection::start() @ 0x000000001e24b798
17. base/poco/Net/src/TCPServerDispatcher.cpp:115:42: Poco::Net::TCPServerDispatcher::run() @ 0x000000001e24bd58
18. base/poco/Foundation/src/ThreadPool.cpp:207:14: Poco::PooledThread::run() @ 0x000000001e20c498
19. base/poco/Foundation/src/Thread_POSIX.cpp:341:27: Poco::ThreadImpl::runnableEntry(void*) @ 0x000000001e20a7b4
20. ? @ 0x000000000008c248
21. ? @ 0x00000000000f6adc

2026.08.02 16:01:52.620140 [ 1080095 ] {e7707a90-60b8-4806-8b39-fdbd4ee5ac02} <Error> executeQuery: Code: 49. DB::Exception: Expected to have only one join clause, got 2: [Left keys: [__table2.k1] Right keys [__table1.k1] Condition columns: '', '' | Left keys: [__table2.k2] Right keys [__table1.k2] Condition columns: '', ''], query: ' INNER JOIN ...'. (LOGICAL_ERROR) (version 26.8.1.1) (from 127.0.0.1:57874) (query 1, line 1) (in query: SELECT l.k1,l.k2,l.v,r.k1,r.k2,r.w FROM av2.orl AS l FULL JOIN av2.orr AS r ON l.k1=r.k1 OR l.k2=r.k2 ORDER BY r.k1,r.k2,r.w,l.k1,l.k2,l.v SETTINGS join_algorithm='unified_hash'), Stack trace (when copying this message, always include the lines below):

0. base/poco/Foundation/src/Exception.cpp:32:1: Poco::Exception::Exception(String&&, int) @ 0x000000001e1d1bb8
1. src/Common/Exception.cpp:158:7: DB::Exception::Exception(DB::Exception::MessageMasked&&, int, bool) @ 0x000000000eb8908c
2. src/Common/Exception.h:201:100: DB::Exception::Exception(String&&, int, String, bool) @ 0x0000000009979258
3. src/Common/Exception.h:57:54: DB::Exception::Exception(PreformattedMessage&&, int) @ 0x0000000009978c8c
4. src/Common/Exception.h:219:77: DB::Exception::Exception<unsigned long, fmt::v12::join_view<std::__wrap_iter<String*>, std::__wrap_iter<String*>, char>, String>(int, FormatStringHelperImpl<std::type_identity<unsigned long>::type, std::type_identity<fmt::v12::join_view<std::__wrap_iter<String*>, std::__wrap_iter<String*>, char>>::type, std::type_identity<String>::type>, unsigned long&&, fmt::v12::join_view<std::__wrap_iter<String*>, std::__wrap_iter<String*>, char>&&, String&&) @ 0x0000000014097ee0
5. src/Interpreters/TableJoin.cpp:1216:15: DB::TableJoin::assertHasOneOnExpr() const @ 0x0000000014097cf8
6. src/Interpreters/TableJoin.h:363:38: DB::Unified::HashJoin::supportParallelNonJoinedBlocksProcessing() const @ 0x00000000165d9af4
7. src/QueryPipeline/QueryPipelineBuilder.cpp:578:42: DB::QueryPipelineBuilder::joinPipelinesRightLeft(std::unique_ptr<DB::QueryPipelineBuilder, std::default_delete<DB::QueryPipelineBuilder>>, std::unique_ptr<DB::QueryPipelineBuilder, std::default_delete<DB::QueryPipelineBuilder>>, std::shared_ptr<DB::IJoin>, std::shared_ptr<DB::Block const>&, unsigned long, unsigned long, unsigned long, unsigned long, DB::IQueryPlanStep*, bool, std::list<std::shared_ptr<DB::IProcessor>, std::allocator<std::shared_ptr<DB::IProcessor>>>*) @ 0x0000000012cf9f04
8. src/Processors/QueryPlan/JoinStep.cpp:160:31: DB::JoinStep::updatePipeline(std::vector<std::unique_ptr<DB::QueryPipelineBuilder, std::default_delete<DB::QueryPipelineBuilder>>, AllocatorWithMemoryTracking<std::unique_ptr<DB::QueryPipelineBuilder, std::default_delete<DB::QueryPipelineBuilder>>>>, DB::BuildQueryPipelineSettings const&) @ 0x0000000019d44500
9. src/Processors/QueryPlan/QueryPlan.cpp:260:47: DB::QueryPlan::buildQueryPipeline(DB::QueryPlanOptimizationSettings const&, DB::BuildQueryPipelineSettings const&, bool) @ 0x0000000019da12c8
10. src/Interpreters/InterpreterSelectQueryAnalyzer.cpp:416:34: DB::InterpreterSelectQueryAnalyzer::buildQueryPipeline() @ 0x0000000013d9e0e0
11. src/Interpreters/InterpreterSelectQueryAnalyzer.cpp:374:29: DB::InterpreterSelectQueryAnalyzer::execute() @ 0x0000000013d9dd90
12. src/Interpreters/executeQuery.cpp:1954:40: DB::executeQueryImpl(char const*, char const*, std::shared_ptr<DB::Context>, DB::QueryFlags, DB::QueryProcessingStage::Enum, std::unique_ptr<DB::ReadBuffer, std::default_delete<DB::ReadBuffer>>&, boost::intrusive_ptr<DB::IAST>&, std::shared_ptr<DB::ImplicitTransactionControlExecutor>, std::function<void ()>, DB::QueryResultDetails&) @ 0x0000000014165df4
13. src/Interpreters/executeQuery.cpp:2438:11: DB::executeQuery(std::basic_string_view<char, std::char_traits<char>>, std::shared_ptr<DB::Context>, DB::QueryFlags, DB::QueryProcessingStage::Enum) @ 0x0000000014161810
14. src/Server/TCPHandler.cpp:899:68: DB::TCPHandler::runImpl() @ 0x00000000196c8980
15. src/Server/TCPHandler.cpp:3354:9: DB::TCPHandler::run() @ 0x00000000196e6744
16. base/poco/Net/src/TCPServerConnection.cpp:40:3: Poco::Net::TCPServerConnection::start() @ 0x000000001e24b798
17. base/poco/Net/src/TCPServerDispatcher.cpp:115:42: Poco::Net::TCPServerDispatcher::run() @ 0x000000001e24bd58
18. base/poco/Foundation/src/ThreadPool.cpp:207:14: Poco::PooledThread::run() @ 0x000000001e20c498
19. base/poco/Foundation/src/Thread_POSIX.cpp:341:27: Poco::ThreadImpl::runnableEntry(void*) @ 0x000000001e20a7b4
20. ? @ 0x000000000008c248
21. ? @ 0x00000000000f6adc

2026.08.02 16:01:52.620225 [ 1080095 ] {e7707a90-60b8-4806-8b39-fdbd4ee5ac02} <Error> ForcedCriticalErrorsLogger: Code: 49. DB::Exception: Expected to have only one join clause, got 2: [Left keys: [__table2.k1] Right keys [__table1.k1] Condition columns: '', '' | Left keys: [__table2.k2] Right keys [__table1.k2] Condition columns: '', ''], query: ' INNER JOIN ...'. (LOGICAL_ERROR), Stack trace (when copying this message, always include the lines below):

0. base/poco/Foundation/src/Exception.cpp:32:1: Poco::Exception::Exception(String&&, int) @ 0x000000001e1d1bb8
1. src/Common/Exception.cpp:158:7: DB::Exception::Exception(DB::Exception::MessageMasked&&, int, bool) @ 0x000000000eb8908c
2. src/Common/Exception.h:201:100: DB::Exception::Exception(String&&, int, String, bool) @ 0x0000000009979258
3. src/Common/Exception.h:57:54: DB::Exception::Exception(PreformattedMessage&&, int) @ 0x0000000009978c8c
4. src/Common/Exception.h:219:77: DB::Exception::Exception<unsigned long, fmt::v12::join_view<std::__wrap_iter<String*>, std::__wrap_iter<String*>, char>, String>(int, FormatStringHelperImpl<std::type_identity<unsigned long>::type, std::type_identity<fmt::v12::join_view<std::__wrap_iter<String*>, std::__wrap_iter<String*>, char>>::type, std::type_identity<String>::type>, unsigned long&&, fmt::v12::join_view<std::__wrap_iter<String*>, std::__wrap_iter<String*>, char>&&, String&&) @ 0x0000000014097ee0
5. src/Interpreters/TableJoin.cpp:1216:15: DB::TableJoin::assertHasOneOnExpr() const @ 0x0000000014097cf8
6. src/Interpreters/TableJoin.h:363:38: DB::Unified::HashJoin::supportParallelNonJoinedBlocksProcessing() const @ 0x00000000165d9af4
7. src/QueryPipeline/QueryPipelineBuilder.cpp:578:42: DB::QueryPipelineBuilder::joinPipelinesRightLeft(std::unique_ptr<DB::QueryPipelineBuilder, std::default_delete<DB::QueryPipelineBuilder>>, std::unique_ptr<DB::QueryPipelineBuilder, std::default_delete<DB::QueryPipelineBuilder>>, std::shared_ptr<DB::IJoin>, std::shared_ptr<DB::Block const>&, unsigned long, unsigned long, unsigned long, unsigned long, DB::IQueryPlanStep*, bool, std::list<std::shared_ptr<DB::IProcessor>, std::allocator<std::shared_ptr<DB::IProcessor>>>*) @ 0x0000000012cf9f04
8. src/Processors/QueryPlan/JoinStep.cpp:160:31: DB::JoinStep::updatePipeline(std::vector<std::unique_ptr<DB::QueryPipelineBuilder, std::default_delete<DB::QueryPipelineBuilder>>, AllocatorWithMemoryTracking<std::unique_ptr<DB::QueryPipelineBuilder, std::default_delete<DB::QueryPipelineBuilder>>>>, DB::BuildQueryPipelineSettings const&) @ 0x0000000019d44500
9. src/Processors/QueryPlan/QueryPlan.cpp:260:47: DB::QueryPlan::buildQueryPipeline(DB::QueryPlanOptimizationSettings const&, DB::BuildQueryPipelineSettings const&, bool) @ 0x0000000019da12c8
10. src/Interpreters/InterpreterSelectQueryAnalyzer.cpp:416:34: DB::InterpreterSelectQueryAnalyzer::buildQueryPipeline() @ 0x0000000013d9e0e0
11. src/Interpreters/InterpreterSelectQueryAnalyzer.cpp:374:29: DB::InterpreterSelectQueryAnalyzer::execute() @ 0x0000000013d9dd90
12. src/Interpreters/executeQuery.cpp:1954:40: DB::executeQueryImpl(char const*, char const*, std::shared_ptr<DB::Context>, DB::QueryFlags, DB::QueryProcessingStage::Enum, std::unique_ptr<DB::ReadBuffer, std::default_delete<DB::ReadBuffer>>&, boost::intrusive_ptr<DB::IAST>&, std::shared_ptr<DB::ImplicitTransactionControlExecutor>, std::function<void ()>, DB::QueryResultDetails&) @ 0x0000000014165df4
13. src/Interpreters/executeQuery.cpp:2438:11: DB::executeQuery(std::basic_string_view<char, std::char_traits<char>>, std::shared_ptr<DB::Context>, DB::QueryFlags, DB::QueryProcessingStage::Enum) @ 0x0000000014161810
14. src/Server/TCPHandler.cpp:899:68: DB::TCPHandler::runImpl() @ 0x00000000196c8980
15. src/Server/TCPHandler.cpp:3354:9: DB::TCPHandler::run() @ 0x00000000196e6744
16. base/poco/Net/src/TCPServerConnection.cpp:40:3: Poco::Net::TCPServerConnection::start() @ 0x000000001e24b798
17. base/poco/Net/src/TCPServerDispatcher.cpp:115:42: Poco::Net::TCPServerDispatcher::run() @ 0x000000001e24bd58
18. base/poco/Foundation/src/ThreadPool.cpp:207:14: Poco::PooledThread::run() @ 0x000000001e20c498
19. base/poco/Foundation/src/Thread_POSIX.cpp:341:27: Poco::ThreadImpl::runnableEntry(void*) @ 0x000000001e20a7b4
20. ? @ 0x000000000008c248
21. ? @ 0x00000000000f6adc

2026.08.02 16:01:52.620240 [ 1080095 ] {e7707a90-60b8-4806-8b39-fdbd4ee5ac02} <Error> ForcedCriticalErrorsLogger: Code: 49. DB::Exception: Expected to have only one join clause, got 2: [Left keys: [__table2.k1] Right keys [__table1.k1] Condition columns: '', '' | Left keys: [__table2.k2] Right keys [__table1.k2] Condition columns: '', ''], query: ' INNER JOIN ...'. (LOGICAL_ERROR), Stack trace (when copying this message, always include the lines below):

0. base/poco/Foundation/src/Exception.cpp:32:1: Poco::Exception::Exception(String&&, int) @ 0x000000001e1d1bb8
1. src/Common/Exception.cpp:158:7: DB::Exception::Exception(DB::Exception::MessageMasked&&, int, bool) @ 0x000000000eb8908c
2. src/Common/Exception.h:201:100: DB::Exception::Exception(String&&, int, String, bool) @ 0x0000000009979258
3. src/Common/Exception.h:57:54: DB::Exception::Exception(PreformattedMessage&&, int) @ 0x0000000009978c8c
4. src/Common/Exception.h:219:77: DB::Exception::Exception<unsigned long, fmt::v12::join_view<std::__wrap_iter<String*>, std::__wrap_iter<String*>, char>, String>(int, FormatStringHelperImpl<std::type_identity<unsigned long>::type, std::type_identity<fmt::v12::join_view<std::__wrap_iter<String*>, std::__wrap_iter<String*>, char>>::type, std::type_identity<String>::type>, unsigned long&&, fmt::v12::join_view<std::__wrap_iter<String*>, std::__wrap_iter<String*>, char>&&, String&&) @ 0x0000000014097ee0
5. src/Interpreters/TableJoin.cpp:1216:15: DB::TableJoin::assertHasOneOnExpr() const @ 0x0000000014097cf8
6. src/Interpreters/TableJoin.h:363:38: DB::Unified::HashJoin::supportParallelNonJoinedBlocksProcessing() const @ 0x00000000165d9af4
7. src/QueryPipeline/QueryPipelineBuilder.cpp:578:42: DB::QueryPipelineBuilder::joinPipelinesRightLeft(std::unique_ptr<DB::QueryPipelineBuilder, std::default_delete<DB::QueryPipelineBuilder>>, std::unique_ptr<DB::QueryPipelineBuilder, std::default_delete<DB::QueryPipelineBuilder>>, std::shared_ptr<DB::IJoin>, std::shared_ptr<DB::Block const>&, unsigned long, unsigned long, unsigned long, unsigned long, DB::IQueryPlanStep*, bool, std::list<std::shared_ptr<DB::IProcessor>, std::allocator<std::shared_ptr<DB::IProcessor>>>*) @ 0x0000000012cf9f04
8. src/Processors/QueryPlan/JoinStep.cpp:160:31: DB::JoinStep::updatePipeline(std::vector<std::unique_ptr<DB::QueryPipelineBuilder, std::default_delete<DB::QueryPipelineBuilder>>, AllocatorWithMemoryTracking<std::unique_ptr<DB::QueryPipelineBuilder, std::default_delete<DB::QueryPipelineBuilder>>>>, DB::BuildQueryPipelineSettings const&) @ 0x0000000019d44500
9. src/Processors/QueryPlan/QueryPlan.cpp:260:47: DB::QueryPlan::buildQueryPipeline(DB::QueryPlanOptimizationSettings const&, DB::BuildQueryPipelineSettings const&, bool) @ 0x0000000019da12c8
10. src/Interpreters/InterpreterSelectQueryAnalyzer.cpp:416:34: DB::InterpreterSelectQueryAnalyzer::buildQueryPipeline() @ 0x0000000013d9e0e0
11. src/Interpreters/InterpreterSelectQueryAnalyzer.cpp:374:29: DB::InterpreterSelectQueryAnalyzer::execute() @ 0x0000000013d9dd90
12. src/Interpreters/executeQuery.cpp:1954:40: DB::executeQueryImpl(char const*, char const*, std::shared_ptr<DB::Context>, DB::QueryFlags, DB::QueryProcessingStage::Enum, std::unique_ptr<DB::ReadBuffer, std::default_delete<DB::ReadBuffer>>&, boost::intrusive_ptr<DB::IAST>&, std::shared_ptr<DB::ImplicitTransactionControlExecutor>, std::function<void ()>, DB::QueryResultDetails&) @ 0x0000000014165df4
13. src/Interpreters/executeQuery.cpp:2438:11: DB::executeQuery(std::basic_string_view<char, std::char_traits<char>>, std::shared_ptr<DB::Context>, DB::QueryFlags, DB::QueryProcessingStage::Enum) @ 0x0000000014161810
14. src/Server/TCPHandler.cpp:899:68: DB::TCPHandler::runImpl() @ 0x00000000196c8980
15. src/Server/TCPHandler.cpp:3354:9: DB::TCPHandler::run() @ 0x00000000196e6744
16. base/poco/Net/src/TCPServerConnection.cpp:40:3: Poco::Net::TCPServerConnection::start() @ 0x000000001e24b798
17. base/poco/Net/src/TCPServerDispatcher.cpp:115:42: Poco::Net::TCPServerDispatcher::run() @ 0x000000001e24bd58
18. base/poco/Foundation/src/ThreadPool.cpp:207:14: Poco::PooledThread::run() @ 0x000000001e20c498
19. base/poco/Foundation/src/Thread_POSIX.cpp:341:27: Poco::ThreadImpl::runnableEntry(void*) @ 0x000000001e20a7b4
20. ? @ 0x000000000008c248
21. ? @ 0x00000000000f6adc

2026.08.02 16:01:52.620292 [ 1080095 ] {} <Error> TCPHandler: Code: 49. DB::Exception: Expected to have only one join clause, got 2: [Left keys: [__table2.k1] Right keys [__table1.k1] Condition columns: '', '' | Left keys: [__table2.k2] Right keys [__table1.k2] Condition columns: '', ''], query: ' INNER JOIN ...'. (LOGICAL_ERROR), Stack trace (when copying this message, always include the lines below):

0. base/poco/Foundation/src/Exception.cpp:32:1: Poco::Exception::Exception(String&&, int) @ 0x000000001e1d1bb8
1. src/Common/Exception.cpp:158:7: DB::Exception::Exception(DB::Exception::MessageMasked&&, int, bool) @ 0x000000000eb8908c
2. src/Common/Exception.h:201:100: DB::Exception::Exception(String&&, int, String, bool) @ 0x0000000009979258
3. src/Common/Exception.h:57:54: DB::Exception::Exception(PreformattedMessage&&, int) @ 0x0000000009978c8c
4. src/Common/Exception.h:219:77: DB::Exception::Exception<unsigned long, fmt::v12::join_view<std::__wrap_iter<String*>, std::__wrap_iter<String*>, char>, String>(int, FormatStringHelperImpl<std::type_identity<unsigned long>::type, std::type_identity<fmt::v12::join_view<std::__wrap_iter<String*>, std::__wrap_iter<String*>, char>>::type, std::type_identity<String>::type>, unsigned long&&, fmt::v12::join_view<std::__wrap_iter<String*>, std::__wrap_iter<String*>, char>&&, String&&) @ 0x0000000014097ee0
5. src/Interpreters/TableJoin.cpp:1216:15: DB::TableJoin::assertHasOneOnExpr() const @ 0x0000000014097cf8
6. src/Interpreters/TableJoin.h:363:38: DB::Unified::HashJoin::supportParallelNonJoinedBlocksProcessing() const @ 0x00000000165d9af4
7. src/QueryPipeline/QueryPipelineBuilder.cpp:578:42: DB::QueryPipelineBuilder::joinPipelinesRightLeft(std::unique_ptr<DB::QueryPipelineBuilder, std::default_delete<DB::QueryPipelineBuilder>>, std::unique_ptr<DB::QueryPipelineBuilder, std::default_delete<DB::QueryPipelineBuilder>>, std::shared_ptr<DB::IJoin>, std::shared_ptr<DB::Block const>&, unsigned long, unsigned long, unsigned long, unsigned long, DB::IQueryPlanStep*, bool, std::list<std::shared_ptr<DB::IProcessor>, std::allocator<std::shared_ptr<DB::IProcessor>>>*) @ 0x0000000012cf9f04
8. src/Processors/QueryPlan/JoinStep.cpp:160:31: DB::JoinStep::updatePipeline(std::vector<std::unique_ptr<DB::QueryPipelineBuilder, std::default_delete<DB::QueryPipelineBuilder>>, AllocatorWithMemoryTracking<std::unique_ptr<DB::QueryPipelineBuilder, std::default_delete<DB::QueryPipelineBuilder>>>>, DB::BuildQueryPipelineSettings const&) @ 0x0000000019d44500
9. src/Processors/QueryPlan/QueryPlan.cpp:260:47: DB::QueryPlan::buildQueryPipeline(DB::QueryPlanOptimizationSettings const&, DB::BuildQueryPipelineSettings const&, bool) @ 0x0000000019da12c8
10. src/Interpreters/InterpreterSelectQueryAnalyzer.cpp:416:34: DB::InterpreterSelectQueryAnalyzer::buildQueryPipeline() @ 0x0000000013d9e0e0
11. src/Interpreters/InterpreterSelectQueryAnalyzer.cpp:374:29: DB::InterpreterSelectQueryAnalyzer::execute() @ 0x0000000013d9dd90
12. src/Interpreters/executeQuery.cpp:1954:40: DB::executeQueryImpl(char const*, char const*, std::shared_ptr<DB::Context>, DB::QueryFlags, DB::QueryProcessingStage::Enum, std::unique_ptr<DB::ReadBuffer, std::default_delete<DB::ReadBuffer>>&, boost::intrusive_ptr<DB::IAST>&, std::shared_ptr<DB::ImplicitTransactionControlExecutor>, std::function<void ()>, DB::QueryResultDetails&) @ 0x0000000014165df4
13. src/Interpreters/executeQuery.cpp:2438:11: DB::executeQuery(std::basic_string_view<char, std::char_traits<char>>, std::shared_ptr<DB::Context>, DB::QueryFlags, DB::QueryProcessingStage::Enum) @ 0x0000000014161810
14. src/Server/TCPHandler.cpp:899:68: DB::TCPHandler::runImpl() @ 0x00000000196c8980
15. src/Server/TCPHandler.cpp:3354:9: DB::TCPHandler::run() @ 0x00000000196e6744
16. base/poco/Net/src/TCPServerConnection.cpp:40:3: Poco::Net::TCPServerConnection::start() @ 0x000000001e24b798
17. base/poco/Net/src/TCPServerDispatcher.cpp:115:42: Poco::Net::TCPServerDispatcher::run() @ 0x000000001e24bd58
18. base/poco/Foundation/src/ThreadPool.cpp:207:14: Poco::PooledThread::run() @ 0x000000001e20c498
19. base/poco/Foundation/src/Thread_POSIX.cpp:341:27: Poco::ThreadImpl::runnableEntry(void*) @ 0x000000001e20a7b4
20. ? @ 0x000000000008c248
21. ? @ 0x00000000000f6adc

2026.08.02 16:01:52.620300 [ 1080095 ] {} <Error> ForcedCriticalErrorsLogger: Code: 49. DB::Exception: Expected to have only one join clause, got 2: [Left keys: [__table2.k1] Right keys [__table1.k1] Condition columns: '', '' | Left keys: [__table2.k2] Right keys [__table1.k2] Condition columns: '', ''], query: ' INNER JOIN ...'. (LOGICAL_ERROR), Stack trace (when copying this message, always include the lines below):

0. base/poco/Foundation/src/Exception.cpp:32:1: Poco::Exception::Exception(String&&, int) @ 0x000000001e1d1bb8
1. src/Common/Exception.cpp:158:7: DB::Exception::Exception(DB::Exception::MessageMasked&&, int, bool) @ 0x000000000eb8908c
2. src/Common/Exception.h:201:100: DB::Exception::Exception(String&&, int, String, bool) @ 0x0000000009979258
3. src/Common/Exception.h:57:54: DB::Exception::Exception(PreformattedMessage&&, int) @ 0x0000000009978c8c
4. src/Common/Exception.h:219:77: DB::Exception::Exception<unsigned long, fmt::v12::join_view<std::__wrap_iter<String*>, std::__wrap_iter<String*>, char>, String>(int, FormatStringHelperImpl<std::type_identity<unsigned long>::type, std::type_identity<fmt::v12::join_view<std::__wrap_iter<String*>, std::__wrap_iter<String*>, char>>::type, std::type_identity<String>::type>, unsigned long&&, fmt::v12::join_view<std::__wrap_iter<String*>, std::__wrap_iter<String*>, char>&&, String&&) @ 0x0000000014097ee0
5. src/Interpreters/TableJoin.cpp:1216:15: DB::TableJoin::assertHasOneOnExpr() const @ 0x0000000014097cf8
6. src/Interpreters/TableJoin.h:363:38: DB::Unified::HashJoin::supportParallelNonJoinedBlocksProcessing() const @ 0x00000000165d9af4
7. src/QueryPipeline/QueryPipelineBuilder.cpp:578:42: DB::QueryPipelineBuilder::joinPipelinesRightLeft(std::unique_ptr<DB::QueryPipelineBuilder, std::default_delete<DB::QueryPipelineBuilder>>, std::unique_ptr<DB::QueryPipelineBuilder, std::default_delete<DB::QueryPipelineBuilder>>, std::shared_ptr<DB::IJoin>, std::shared_ptr<DB::Block const>&, unsigned long, unsigned long, unsigned long, unsigned long, DB::IQueryPlanStep*, bool, std::list<std::shared_ptr<DB::IProcessor>, std::allocator<std::shared_ptr<DB::IProcessor>>>*) @ 0x0000000012cf9f04
8. src/Processors/QueryPlan/JoinStep.cpp:160:31: DB::JoinStep::updatePipeline(std::vector<std::unique_ptr<DB::QueryPipelineBuilder, std::default_delete<DB::QueryPipelineBuilder>>, AllocatorWithMemoryTracking<std::unique_ptr<DB::QueryPipelineBuilder, std::default_delete<DB::QueryPipelineBuilder>>>>, DB::BuildQueryPipelineSettings const&) @ 0x0000000019d44500
9. src/Processors/QueryPlan/QueryPlan.cpp:260:47: DB::QueryPlan::buildQueryPipeline(DB::QueryPlanOptimizationSettings const&, DB::BuildQueryPipelineSettings const&, bool) @ 0x0000000019da12c8
10. src/Interpreters/InterpreterSelectQueryAnalyzer.cpp:416:34: DB::InterpreterSelectQueryAnalyzer::buildQueryPipeline() @ 0x0000000013d9e0e0
11. src/Interpreters/InterpreterSelectQueryAnalyzer.cpp:374:29: DB::InterpreterSelectQueryAnalyzer::execute() @ 0x0000000013d9dd90
12. src/Interpreters/executeQuery.cpp:1954:40: DB::executeQueryImpl(char const*, char const*, std::shared_ptr<DB::Context>, DB::QueryFlags, DB::QueryProcessingStage::Enum, std::unique_ptr<DB::ReadBuffer, std::default_delete<DB::ReadBuffer>>&, boost::intrusive_ptr<DB::IAST>&, std::shared_ptr<DB::ImplicitTransactionControlExecutor>, std::function<void ()>, DB::QueryResultDetails&) @ 0x0000000014165df4
13. src/Interpreters/executeQuery.cpp:2438:11: DB::executeQuery(std::basic_string_view<char, std::char_traits<char>>, std::shared_ptr<DB::Context>, DB::QueryFlags, DB::QueryProcessingStage::Enum) @ 0x0000000014161810
14. src/Server/TCPHandler.cpp:899:68: DB::TCPHandler::runImpl() @ 0x00000000196c8980
15. src/Server/TCPHandler.cpp:3354:9: DB::TCPHandler::run() @ 0x00000000196e6744
16. base/poco/Net/src/TCPServerConnection.cpp:40:3: Poco::Net::TCPServerConnection::start() @ 0x000000001e24b798
17. base/poco/Net/src/TCPServerDispatcher.cpp:115:42: Poco::Net::TCPServerDispatcher::run() @ 0x000000001e24bd58
18. base/poco/Foundation/src/ThreadPool.cpp:207:14: Poco::PooledThread::run() @ 0x000000001e20c498
19. base/poco/Foundation/src/Thread_POSIX.cpp:341:27: Poco::ThreadImpl::runnableEntry(void*) @ 0x000000001e20a7b4
20. ? @ 0x000000000008c248
21. ? @ 0x00000000000f6adc

